2020-05-24 23:55:38,"b'Authoritarian leftist wants to split up the country!!!\n\nHa ha ha!\n\nBring on the #Boogaloo!\n\nLiberty folks, when the\xe2\x80\xa6 https://t.co/rtJtIM9IzT'",USA,0.28017578125,0.35
2020-05-24 21:02:58,b'Guys I have new show idea\xf0\x9f\x98\x86 it\xe2\x80\x99s like  To catch a predator but we make them fall asleep forever \xf0\x9f\x99\x82 #PedoJoe #Predator\xe2\x80\xa6 https://t.co/6YXrr6EC2T',"Lexington, MA",0.13636363636363635,0.45454545454545453
2020-05-24 20:58:51,b'#boogaloo\nThis is apparently extremist? Anyone who wrote terrorist white papers wanna give me a chat? I\xe2\x80\x99ll help you\xe2\x80\xa6 https://t.co/CJ2VnuRTTB',,0.025,0.175
2020-05-24 18:07:00,"b'""... the lies are terrible, the truths are monstrous ...\n\n#TigerKing #Tigloo #TigerBoogaloo #Boogaloo #IglooLuau\xe2\x80\xa6 https://t.co/77jzZzuMD9'","Moon Base Alpha, The Moon",-1.0,1.0
2020-05-24 17:36:16,"b'Adam Smith in Raleigh on May 16: ""If they do try to arrest me it\'s going to be with a fight. Not a deadly force fig\xe2\x80\xa6 https://t.co/tfkXfm4DFo'","Greensboro, NC",0.025,0.2
2020-05-24 16:32:07,b'#boogaloo The. what? https://t.co/vnoUcZtp4u',,0.0,0.0
2020-05-24 16:11:10,b'The latest episode is live! Here Come The #Boogaloo (feat. Lowell Finn Knight) episode of Focused on Infinity with\xe2\x80\xa6 https://t.co/vygKruka9c',"New York, NY",0.3352272727272727,0.7
2020-05-24 15:45:29,"b'No shortage of crazy and stupid in the USA\n\n#Coronavirus #lockdowns fuel an #armed, Hawaiian shirt-wearing anti-gov\xe2\x80\xa6 https://t.co/440Tr2rbsl'",Pennsylvania,-0.7,0.95
2020-05-24 15:38:34,b'#Rightwing #extremists using #Facebook to recruit for \xe2\x80\x98#boogaloo\xe2\x80\x99 #attacks on #liberals and #cops: report https://t.co/oM4H38WWnU',Pennsylvania,0.0,0.0
2020-05-24 15:35:39,"b""\xf0\x9f\xa4\xacSick to death of these homegrown nutcases.\n\nWhat is the '#boogaloo'? How online calls for a #violent uprising are\xe2\x80\xa6 https://t.co/4xEcLaQ6Qm""",Pennsylvania,-0.8,1.0
2020-05-24 15:11:09,b'EXCLUSIVE: The reopen movement in NC is increasingly aligning w/ the boogaloo &amp; constitutionalist fringe on the far\xe2\x80\xa6 https://t.co/LAVDhjRvZt',"Greensboro, NC",0.0,0.0
2020-05-24 13:56:07,b'@FrancisBrennan @DonaldJTrumpJr Dismantled? I\xe2\x80\x99m thinking the #boogaloo crowd will hear that dog whistle as an existential threat.',,0.0,0.0
2020-05-24 03:55:03,b'A reminder to never take your freedom for granted! Work diligently to preserve your rights or they will be lost to\xe2\x80\xa6 https://t.co/LFtguEnm2q',,0.0,0.0
2020-05-24 03:45:36,b'I hate roads because of people... lol... #COVID19 #Coronavirus #Collapsitarian #COVID19WasAnInsideJob #COVID1984\xe2\x80\xa6 https://t.co/xpSDNMUmYu',Washington,0.0,0.8
2020-05-24 03:40:51,"b'When the state gets to indoctrinate your kids at all levels of public education, what chance is there for liberty t\xe2\x80\xa6 https://t.co/XJiZlXzNNM'",USA,0.0,0.06666666666666667
2020-05-24 02:00:10,"b'This is it, the list of all lists.\n#UnitedStatesDepartmentOfFuckery #Fuckery #Boog #BoogBois #Boogaloo\xe2\x80\xa6 https://t.co/FV6xA32PDe'",,0.0,0.0
2020-05-24 00:50:03,"b""Ooh nice, love seeing @JPFO_2A sharing @larken_rose 's principled and philosophical content. \xe2\x9d\xa4\n\nPeaceful, liberty l\xe2\x80\xa6 https://t.co/zpBTcLflnJ""",,0.3375,0.525
2020-05-24 00:47:06,"b'Hahahahaha but what about all of those bodies those models predicted, #NewYork? #COVID19  #Coronavirus\xe2\x80\xa6 https://t.co/bahgDRTqfN'",Washington,0.2,0.6
2020-05-24 00:05:40,"b""@AnonBarbarian @8billionnations @VoluntaryDom @warlikefire People still don't understand us.  I see that as a good\xe2\x80\xa6 https://t.co/7UUBdopzzC""",,0.0,0.0
2020-05-24 23:47:50,b'Yup kick em out! If they wanna overthrow out countries then kick them out! #WeWereNeverAsked #Sendthemback\xe2\x80\xa6 https://t.co/QNunoTI8g9',,0.0,0.0
2020-05-24 23:18:05,b'@chattingkat Gee @BillGates Why would you want to own trains #Holocaust #vaccinesarepoison #DepopulationAgenda\xe2\x80\xa6 https://t.co/kLEDcHCf2V',ALBERTA CANADA ,0.6,1.0
2020-05-24 22:16:33,"b'White people are being blended out of existence by ""Diversity"" \xe2\x80\x94 Anti-Whites are the main culprits.\xe2\x80\xa6 https://t.co/bQgTmMuIGO'",,0.08333333333333333,0.16666666666666666
2020-05-24 21:51:03,b'#WhiteGenocide is on the coyid table.',The Celtic Empire,0.0,0.0
2020-05-24 21:20:22,b'THIS is the SMOKING GUN for all those doubting #WhiteGenocide in the WEST #UN DEFINITION ... So WHY DOES THE #UN DO\xe2\x80\xa6 https://t.co/txlBo8W8Zo',,0.0,0.0
2020-05-24 20:36:57,b'@Skye_Aurora_ @zazuthebarlow @IroncladTxn @of_europa @IamAliceVL @MinscTheRashemi @QNNTexas UN definition of genoci\xe2\x80\xa6 https://t.co/gbg0FMWe3U',,0.0,0.0
2020-05-24 20:19:07,b'Get the impression that all chosen people care about is chosen people and expect all us Goyim to only care about th\xe2\x80\xa6 https://t.co/qv49vsfPmN',,0.0,1.0
2020-05-24 19:32:55,"b""@TheBSBuster @of_europa @zazuthebarlow @IroncladTxn @IamAliceVL @Skye_Aurora_ @MinscTheRashemi @QNNTexas It's nefar\xe2\x80\xa6 https://t.co/yPDYl4G7Lr""",,0.0,0.0
2020-05-24 18:54:58,b'@Laddk8 @IroncladTxn @zazuthebarlow @of_europa @IamAliceVL @Skye_Aurora_ @MinscTheRashemi @QNNTexas Provably raped\xe2\x80\xa6 https://t.co/uL5xw8niic',,0.0,0.0
2020-05-24 18:05:40,b'#WhiteGenocide baybee!!!! https://t.co/FvR2D7xIj9',"NY, NY",0.0,0.0
2020-05-24 18:05:22,b'@artisteengagee @HivPete All races have conquered and enslaved. Nothing in history justifies #WhiteGenocide. https://t.co/3qmfcNp5bO',Anti-white occupied America,0.0,0.0
2020-05-24 17:43:30,b'@scottpasmoretv Wow. The second wave is gonna be a real bloodbath. Not coming out til Nov 3. #WhiteGenocide',United States,0.10000000000000002,0.43333333333333335
2020-05-24 17:02:08,"b""Our traitorous gov'ts are all complicit to worldwide #WhiteGenocide. The #UN doesn't care! @amnesty doesn't care! T\xe2\x80\xa6 https://t.co/D3Rf8KpxIf""",,0.0,0.0
2020-05-24 16:41:41,"b""Maybe you're not opposing #WhiteGenocide enough.\nhttps://t.co/G8F3fZ1KvV https://t.co/8mlHm3CDNu""",High On A Hilltop with Merle Haggard,0.0,0.5
2020-05-24 16:16:23,"b""@VONWEHUNTSHOW @KevinJo36808226 I'm particularly annoyed about Napoleon bring swapped for a groid on his horse and\xe2\x80\xa6 https://t.co/R7qe0og1zb""",,-0.4,0.8
2020-05-24 15:30:16,"b'What anti-Whites mean by ""democracy"":\n\nFlood White countries with 100rds of millions of 3rd worlders.\n\nForce integr\xe2\x80\xa6 https://t.co/Llx76FF5VW'",,-0.10416666666666667,0.22916666666666666
2020-05-24 15:20:56,"b""@TaniaHewitt14 It's their fault we are in this fucking mess! They had no spine to stand up to corruption and\xe2\x80\xa6 https://t.co/bvnq6BXycK""",,-0.21875,0.175
2020-05-24 15:01:31,b'@TheVolklina But the loggers and joggers will cut it down in time. Our trees &amp; safe pleasant places will be gone if\xe2\x80\xa6 https://t.co/1o4LTkeGwz',,0.3592592592592592,0.5851851851851851
2020-05-24 13:00:12,b'#PeasantsRevolt \xf0\x9f\x94\xa5 \xf0\x9f\x94\xa5 \xf0\x9f\x94\xa5 \xf0\x9f\x94\xa5\nRule of Law = \xe2\x9c\x85\nRule of Elites = \xe2\x9d\x8e\nRule of law is gone! Elites are criminals and tyrants wi\xe2\x80\xa6 https://t.co/DOnBhXRNw8',,0.0,0.0
2020-05-24 12:49:00,b'@Cassthestafff @IanRhodies #WhiteGenocide All the way back in 2000. (UN description of Genocide) but UN are complic\xe2\x80\xa6 https://t.co/iVY0eLuwW0',,0.0,0.0
2020-05-24 11:00:49,b'@scottpasmoretv I think this is the real #WhiteGenocide',The Brother/Sisterhood Of Man,0.2,0.30000000000000004
2020-05-24 09:47:43,b'Another anti-White promoting #WhiteGenocide https://t.co/9wLqcmK3Ua',,0.0,0.0
2020-05-24 08:58:05,"b""When a white person commits a crime (or when it's not even a crime like self-defence) against a non-white race is a\xe2\x80\xa6 https://t.co/HTe5B4A82j""",Albion,0.0,0.0
2020-05-24 07:20:45,b'See positive discrimination is still alive and well at the @BBCNews inferior interviewers because of the colour of\xe2\x80\xa6 https://t.co/2nL7Wl7Fzp',,0.16363636363636364,0.4727272727272727
2020-05-24 07:05:29,b'The Turks still deny Armenian genocide.\n\nDenial has been an integral part of each stage in every genocide in histor\xe2\x80\xa6 https://t.co/ArunH3rDle',,0.0,0.0
2020-05-24 07:01:38,"b""White people are the worst yet everyone wants to live in countries full of white people. Funny, isn't it?\n\nNo one i\xe2\x80\xa6 https://t.co/vLhdv5gIuT""",,-0.009090909090909103,0.45000000000000007
2020-05-24 06:50:01,b'Where exactly are white people indigenous?\n\n#WhiteGenocide https://t.co/iNW7rKgPcV https://t.co/T5WOrCva3z',,0.125,0.125
2020-05-24 04:58:06,b'White people can never be victims. ONLY perpetrators. \nAnti-Racist is a codeword for Anti-White\n#WhiteGenocide\xe2\x80\xa6 https://t.co/v6HrGiEIWY',,0.0,0.5
2020-05-24 04:55:34,b'@ohmySnafu @TachyonIsBackOn @kerr_cow__ @PotstuckSnafu #whitegenocide is real bro \n\nWhat would Harambe do?',Oz,0.2,0.30000000000000004
2020-05-24 04:55:12,b'Anti-Racist is just a codeword for Anti-White. \n#WhiteGenocide https://t.co/kMWcQJLXN1',,0.0,0.0
2020-05-24 03:08:42,"b""@JackStewartCham RAAAAACIST! White Supremacy!\n- No diversity... but it's OK on a billboard for #WhiteGenocide..\xf0\x9f\xa4\x94\xe2\x80\xa6 https://t.co/s1kASJ6FvJ""",,0.25,0.25
2020-05-24 01:52:51,"b'A ""Hate Crime"" happens when a White person doesn\'t want his race to be blended out of existence by #Diversity\xe2\x80\xa6 https://t.co/W5oiF49uuh'",,-0.4,0.45
2020-05-24 01:32:21,b'@EyesOnQ @BreitbartNews No @MiaFarrow UR killing off al the #BLKS who vote DemLEFT by pushing PP\xe2\x80\x99s free abortions o\xe2\x80\xa6 https://t.co/wZxOW7RMTE',USA,0.4,0.8
2020-05-24 23:49:06,b'@douchecc @NewRightAmerica Who mentioned him? And what would you do IRL? Unfollow him and relax',Australia,0.0,0.0
2020-05-24 23:46:11,"b""@NewRightAmerica Because god's retarded.""",,-0.8,0.8
2020-05-24 22:59:11,b'@AndrewKerr1873 @KeithWoodsYT @wayotworld @NewRightAmerica Alright then I think we are on the same page then. Good good \xf0\x9f\x91\x8c\xf0\x9f\x8f\xbb',,0.4666666666666666,0.4416666666666667
2020-05-24 22:40:23,"b'@KeithWoodsYT @Thamster2 @wayotworld @NewRightAmerica Who gets to make these ""universal"" moral values you\'re talking about?  You?'","Front Range, CO",0.0,0.125
2020-05-24 22:35:04,b'@NewRightAmerica @CultureWarlord God asked Adam not to eat a fruit and kept it in the same garden with him.',Lagos,0.0,0.125
2020-05-24 22:19:42,b'@NewRightAmerica @KeithWoodsYT I graciously give thanks to my \xe2\x80\x9canti-social\xe2\x80\x9d ancestors and their \xe2\x80\x9csociopathic\xe2\x80\x9d deeds\xe2\x80\xa6 https://t.co/frHp1zAen1',,0.2,0.2
2020-05-24 22:10:15,"b'@NewRightAmerica When I talk to german Antifa types they always deny the existence of Antifa, yet as soon as I call\xe2\x80\xa6 https://t.co/RwNEzXdY0u'",Splitsko-Dalmatinska,0.0,0.0
2020-05-24 22:09:28,b'@NewRightAmerica Asks an atheist \xf0\x9f\x99\x84',"London, UK. ",0.0,0.0
2020-05-24 22:04:59,"b'@NewRightAmerica Many of them fully admit it like this one. The more power they have, the less they have to play op\xe2\x80\xa6 https://t.co/0EthqQJpWJ'",,0.2777777777777778,0.35555555555555557
2020-05-24 22:01:29,"b""@NewRightAmerica Definitely don't debate with it!""",New York,0.0,0.5
2020-05-24 21:50:23,b'@NewRightAmerica That is spot on. Amazing how when they tell us these euphemisms for our slaughter they are so read\xe2\x80\xa6 https://t.co/f8jjzBUnTE',"Michigan, USA",0.6000000000000001,0.9
2020-05-24 21:14:46,"b'@NewRightAmerica Doesn\'t even have to conscious. It\'s just a natural consequence, since ""whiteness"" is part of what\xe2\x80\xa6 https://t.co/yztpckjEws'",,0.1,0.45
2020-05-24 20:59:31,"b""@CelticShewolfn @NewRightAmerica To be fair he didn't""",,0.7,0.9
2020-05-24 20:32:55,b'@NewRightAmerica @TheCptBlackPill @AshiestBlond @KeithWoodsYT The media is tightly controlled and hostile. If it wa\xe2\x80\xa6 https://t.co/R3rTdebY9u',,-0.17857142857142858,0.2857142857142857
2020-05-24 20:13:24,b'@TheCptBlackPill @NewRightAmerica @AshiestBlond @KeithWoodsYT @BunkerSmith Money is the lubricant for the American\xe2\x80\xa6 https://t.co/nvEJ8OQgwA',,0.0,0.0
2020-05-24 19:48:26,b'@MutantSpiteful @NewRightAmerica He never said that. He never said anything about slaughtering people or anything.\xe2\x80\xa6 https://t.co/WyhzP9UM5k',,0.0,0.0
2020-05-24 19:47:21,b'@NewRightAmerica @KeithWoodsYT Having closed borders means granting the rights of the outgroup to exist in their own right.',Cavan Ireland,0.2619047619047619,0.5452380952380952
2020-05-24 19:27:27,b'@NewRightAmerica @KeithWoodsYT No one is claiming that. At base your assertion non sequitur.','Merica,-0.8,1.0
2020-05-24 19:20:16,b'@NewRightAmerica @AshiestBlond @KeithWoodsYT @BunkerSmith Bannon has said that White Nationalists and the Alt-Right\xe2\x80\xa6 https://t.co/bCRayGZ3p9',,0.0,0.0
2020-05-24 19:18:43,b'@NewRightAmerica @AshiestBlond @KeithWoodsYT @BunkerSmith 1.) Ethnocentric Whites are a large swath of eligible vot\xe2\x80\xa6 https://t.co/zHM6TVGuqf',,0.21428571428571427,0.42857142857142855
2020-05-24 19:12:06,"b'@stratman9009 @KeithWoodsYT @wayotworld @NewRightAmerica Oh, I totally do that. I did that in my original comment.\xe2\x80\xa6 https://t.co/Ex7BB8EZb2'",,0.1875,0.75
2020-05-24 19:11:47,"b""@NewRightAmerica Who has said that the outgroup has no rights, can be killed etc? The gingerbread bloke? Yeah he's a nutter""",,-0.2,0.0
2020-05-24 18:43:33,"b'@NewRightAmerica Since no one in the threads has  advocated for the murder/genocide of out-groups, can you cite exa\xe2\x80\xa6 https://t.co/PxPhWO5cbZ'","North Carolina, USA",0.0,0.0
2020-05-24 18:41:30,b'@AndrewKerr1873 @KeithWoodsYT @wayotworld @NewRightAmerica No one is asking you to donate money or hold a rally. Pe\xe2\x80\xa6 https://t.co/wwmaykwc16',,0.0,0.0
2020-05-24 18:40:29,b'@AndrewKerr1873 @KeithWoodsYT @wayotworld @NewRightAmerica Simply stating \xe2\x80\x9cI support the Palestinians against Israe\xe2\x80\xa6 https://t.co/xAqSlnXBlg',,0.0,0.35714285714285715
2020-05-24 18:30:02,"b""@NewRightAmerica @AshiestBlond @KeithWoodsYT @BunkerSmith Trump's Jewish donors got nearly everything they wanted f\xe2\x80\xa6 https://t.co/VL7HDSnIWC""",,0.05,0.2
2020-05-24 18:29:46,"b""@KarlThorburn @NewRightAmerica There's a lot of low-T math involved in this.\n\nCan we stop demonizing this: https://t.co/1NkdpCv8d7""","Wichita, KS",0.0,0.0
2020-05-24 18:29:28,"b'@NewRightAmerica @AshiestBlond @KeithWoodsYT @BunkerSmith This window of ""new things were possible"" was solely the\xe2\x80\xa6 https://t.co/rLCGw7vOpC'",,0.06818181818181818,0.7272727272727273
2020-05-24 18:25:41,"b""@nationalistw1fe @NewRightAmerica I'm just waiting for the spark, really. I don't believe in political solutions, b\xe2\x80\xa6 https://t.co/Fp1T6IrLQ7""",FavelaMonkeyLand,0.1,0.15000000000000002
2020-05-24 18:23:33,b'@NewRightAmerica @AshiestBlond @KeithWoodsYT @BunkerSmith Breitbart was in contact with both Weev and Amren. He was\xe2\x80\xa6 https://t.co/lM84UQ8b9o',,0.0,0.0
2020-05-24 18:20:35,b'@NpseeA @NewRightAmerica The big brains seem to be fine with white genocide tho. Am I misunderstanding their stance\xe2\x80\xa6 https://t.co/4CdChkhVp7',"Texas, USA",0.1388888888888889,0.19999999999999998
2020-05-24 18:20:19,"b'@NewRightAmerica @AshiestBlond @KeithWoodsYT @BunkerSmith Correct me if I am wrong, but were not you, Richard, Amre\xe2\x80\xa6 https://t.co/XWkwjuclF2'",,-0.5,0.9
2020-05-24 18:16:03,b'@NewRightAmerica @AshiestBlond @KeithWoodsYT @BunkerSmith They targeted White Nationalist influencers. The BuzzFeed\xe2\x80\xa6 https://t.co/nYx81T1GLQ',,0.0,0.0
2020-05-24 18:13:24,b'@NewRightAmerica @AshiestBlond @KeithWoodsYT @BunkerSmith I think it is easier for you to blame it all on Spencer t\xe2\x80\xa6 https://t.co/hyUurAYgMQ',,0.0,0.0
2020-05-24 18:11:33,"b'@NewRightAmerica Genocide? I love how Keith Woods, a teen with a pathological love for brown people could drawn thi\xe2\x80\xa6 https://t.co/lsZZPGL0vW'",FavelaMonkeyLand,0.3333333333333333,0.39999999999999997
2020-05-24 18:11:21,b'@NewRightAmerica @AshiestBlond @KeithWoodsYT @BunkerSmith The only reason that these people buttered up BOTH you an\xe2\x80\xa6 https://t.co/bI5Oehp0aA',,0.0,1.0
2020-05-24 18:05:34,"b'@NewRightAmerica @AshiestBlond @KeithWoodsYT @BunkerSmith You are ignoring the fact that Bannon, Trump and MAGA wer\xe2\x80\xa6 https://t.co/m8YR6wJLAy'",,0.0,0.0
2020-05-24 18:03:33,"b'@NewRightAmerica @AshiestBlond @KeithWoodsYT @BunkerSmith Greg, why do you think these people bothered with you and\xe2\x80\xa6 https://t.co/QiQA11zvWv'",,0.0,0.0
2020-05-24 18:00:33,b'@NewRightAmerica @AshiestBlond @KeithWoodsYT @BunkerSmith Bannon said in his 60 Minutes interview that he sold out\xe2\x80\xa6 https://t.co/lKYvTspdmx',,0.0,0.0
2020-05-24 17:52:51,b'@NewRightAmerica @AshiestBlond @KeithWoodsYT @BunkerSmith Both you and Spencer are influencers in a demographic tha\xe2\x80\xa6 https://t.co/3iAyUhGzzb',,0.0,0.0
2020-05-24 17:49:20,"b'@NewRightAmerica @AshiestBlond @KeithWoodsYT @BunkerSmith I never had any contact or association with those people,\xe2\x80\xa6 https://t.co/BQLSIj5wG6'",,0.0,0.0
2020-05-24 17:47:53,"b'@NewRightAmerica @AshiestBlond @KeithWoodsYT @BunkerSmith Scroll down to ""Hard Pressed Skeptics"" \n\nhttps://t.co/d8Fw3HLyoI'",,-0.22361111111111115,0.41527777777777775
2020-05-24 17:47:16,b'@NewRightAmerica @AshiestBlond @KeithWoodsYT @BunkerSmith Laughable?\n\nEthnocentric Whites who are blue collar moder\xe2\x80\xa6 https://t.co/ux815eRPrE',,-0.25,0.55
2020-05-24 17:45:57,"b'@flecktarnTP @NewRightAmerica @SerenaJB3 Most Americans, yes. But those within the movement are aware of how bad it\xe2\x80\xa6 https://t.co/hdoWPE1Mby'",,0.01666666666666672,0.47222222222222215
2020-05-24 17:42:55,"b""@TheLink1937 @TheCptBlackPill @NewRightAmerica @AshiestBlond @KeithWoodsYT @BunkerSmith Like a jilted lover, he's s\xe2\x80\xa6 https://t.co/UXic1SyqUi""",,0.0,0.0
2020-05-24 17:42:08,b'@NewRightAmerica @AshiestBlond @KeithWoodsYT @BunkerSmith Bannon wanted to excite ethnocentric White voters with na\xe2\x80\xa6 https://t.co/aSeFGQyonG',,0.0,0.0
2020-05-24 17:41:08,"b'@TheLink1937 @TheCptBlackPill @NewRightAmerica @AshiestBlond @KeithWoodsYT @BunkerSmith If I had to take a guess, I\xe2\x80\xa6 https://t.co/tD02xGzuTw'",,0.0,0.0
2020-05-24 17:40:03,"b""@NewRightAmerica @AshiestBlond @KeithWoodsYT @BunkerSmith Bannon didn't have MILO out heiling at bars with Spencer\xe2\x80\xa6 https://t.co/hjTsxJgDnO""",,0.0,0.0
2020-05-24 17:39:58,b'@TheCptBlackPill @NewRightAmerica @AshiestBlond @KeithWoodsYT @BunkerSmith I love how Greg is pretending that only\xe2\x80\xa6 https://t.co/th6PWO3XbN',"Hell's Kitchen, Manhattan",0.5,0.6
2020-05-24 17:39:22,"b'@Aarick20 @NewRightAmerica You speak of ""International Finance\'s anti-China crusade"", but the CCP and Soros are sin\xe2\x80\xa6 https://t.co/VcFn33yRPI'",,0.0,0.0
2020-05-24 17:37:35,b'@NewRightAmerica @AshiestBlond @KeithWoodsYT @BunkerSmith Bannon needed the far right vote to defeat his conservati\xe2\x80\xa6 https://t.co/uWv4DBUJLk',,0.19285714285714284,0.7678571428571428
2020-05-24 17:37:02,"b""@Aarick20 @NewRightAmerica IMF's Special Drawing Rights should go digital - China central bank researcher \nhttps://t.co/aseLgTzycP""",,0.11904761904761905,0.2738095238095238
2020-05-24 17:36:19,b'@Aarick20 @NewRightAmerica And China\xe2\x80\x99s central bank have proposed a new global reserve currency system controlled b\xe2\x80\xa6 https://t.co/T0rWmBmAlE',,0.04545454545454545,0.23484848484848486
2020-05-24 17:36:04,b'@TheCptBlackPill @slavmorality @NewRightAmerica @AshiestBlond @KeithWoodsYT @BunkerSmith The one thing that we desp\xe2\x80\xa6 https://t.co/1IX3SYn1EJ',"Wimbledon, London",0.0,0.0
2020-05-24 17:34:51,b'@Aarick20 @NewRightAmerica Source of Soros quotes: \nhttps://t.co/pMNg8i4zdl',,0.0,0.0
2020-05-24 17:34:30,"b'@Aarick20 @NewRightAmerica ""You need a new currency system and the [International Monetary Fund\'s] Special Drawing\xe2\x80\xa6 https://t.co/8hHxVWAIyH'",,0.1645021645021645,0.341991341991342
2020-05-24 17:33:33,"b'@Aarick20 @NewRightAmerica ""You really need to bring China into the creation of a new financial world order... They\xe2\x80\xa6 https://t.co/YJs65S5aKf'",,0.11212121212121212,0.21818181818181817
2020-05-24 17:30:16,"b""@NewRightAmerica No one has a right to a land, it's yours only if you can defend it. If you can't and it's in our i\xe2\x80\xa6 https://t.co/gyE8oWU3GN""",,0.14285714285714285,0.7678571428571428
2020-05-24 17:26:04,"b'@NewRightAmerica @AshiestBlond @KeithWoodsYT @BunkerSmith No, it is a fact. The people who used both you and Spence\xe2\x80\xa6 https://t.co/hcJOA4qiq9'",,0.0,0.0
2020-05-24 17:24:55,b'@NewRightAmerica @AshiestBlond @KeithWoodsYT @BunkerSmith How convenient.\n\nThe Alt-Right baggage was dumped during\xe2\x80\xa6 https://t.co/7iX1Rz3FW0',,0.0,0.0
2020-05-24 17:24:35,"b""@NewRightAmerica Who is talking about killing people or commiting genocide? I never see this. You're creating a mas\xe2\x80\xa6 https://t.co/vv5F1x5cg2""","Brunwick, Colorado",0.0,0.0
2020-05-24 17:21:21,b'@NewRightAmerica @AshiestBlond @KeithWoodsYT @BunkerSmith Those people buttered up and used both  you and Spencer i\xe2\x80\xa6 https://t.co/Bm1K6UQzPy',,0.0,0.0
2020-05-24 17:20:08,b'@NewRightAmerica Victory makes the actions moral. We can revisit high morality once we restore our people and natio\xe2\x80\xa6 https://t.co/qanAjSon8a',,0.08,0.39499999999999996
2020-05-24 17:18:35,b'@NewRightAmerica @AshiestBlond @KeithWoodsYT @BunkerSmith Bannon wanted the Alt-Right to be a domesticated part of\xe2\x80\xa6 https://t.co/nAEdIsi9q4',,0.0,0.0
2020-05-24 17:16:12,"b""@NewRightAmerica @AshiestBlond @KeithWoodsYT @BunkerSmith That's exactly what they did in 2017 and 2018, but in the\xe2\x80\xa6 https://t.co/yem7kbHNV7""",,0.25,0.25
2020-05-24 17:14:33,b'@NewRightAmerica @AshiestBlond @KeithWoodsYT @BunkerSmith Trump had won the 2016 election and his donors wanted to\xe2\x80\xa6 https://t.co/YqPntUiCI9',,0.0,0.0
2020-05-24 17:12:56,"b'@NewRightAmerica @AshiestBlond @KeithWoodsYT @BunkerSmith Now, if Jeff Giesea &amp;Co. had a huge problem with that, wh\xe2\x80\xa6 https://t.co/CLlK2o4oOF'",,0.4000000000000001,0.9
2020-05-24 17:10:40,b'@NewRightAmerica @AshiestBlond @KeithWoodsYT @BunkerSmith Richard was one of the most milquetoast people in the Alt\xe2\x80\xa6 https://t.co/eZJv3SuRun',,0.5,0.5
2020-05-24 17:10:02,"b""@TheCptBlackPill @NewRightAmerica @AshiestBlond @KeithWoodsYT you're saying something there...\nare you telling me a\xe2\x80\xa6 https://t.co/j0jrliUlIr""",occupied Europe,0.0,0.0
2020-05-24 17:05:46,"b'@NewRightAmerica @AshiestBlond @KeithWoodsYT @BunkerSmith Basically, Weev and the MAGA 3X crew which was tied to Ba\xe2\x80\xa6 https://t.co/i17DpwObtW'",,0.0,0.0
2020-05-24 17:02:17,"b'@NewRightAmerica @AshiestBlond @KeithWoodsYT Yes, there was a reason for that. The same people who pumped it up and\xe2\x80\xa6 https://t.co/iUfEZ6SzOX'",,0.0,0.125
2020-05-24 17:01:41,"b'@NewRightAmerica @KeithWoodsYT This was all settled in the ""optics war"". Why does it need to be rehashed? Because m\xe2\x80\xa6 https://t.co/KyfXJtAcIL'",,0.0,0.0
2020-05-24 17:01:34,b'@MigrantDataDesu @NewRightAmerica How/why?',Danmark,0.0,0.0
2020-05-24 16:59:11,"b""@NewRightAmerica @AshiestBlond @KeithWoodsYT @BunkerSmith Sorry, we're super respectable now and can't be associate\xe2\x80\xa6 https://t.co/x9EJjUVQcY""",,0.1111111111111111,0.7222222222222222
2020-05-24 16:58:43,"b""@TheCptBlackPill @NewRightAmerica @AshiestBlond @KeithWoodsYT Greg is feigning ignorance at everything you're writi\xe2\x80\xa6 https://t.co/u29SMQJob2""","Hell's Kitchen, Manhattan",0.0,0.0
2020-05-24 16:58:36,b'@TheCptBlackPill @NewRightAmerica @AshiestBlond @KeithWoodsYT There was almost no censorship here.\n\nAny journalist\xe2\x80\xa6 https://t.co/HRhx2wKEgq',,0.0,0.0
2020-05-24 16:57:25,"b'@NewRightAmerica @AshiestBlond @KeithWoodsYT How convenient.\n\nAs @bunkersmith, Giesea and MAGA 3X  coordinated and\xe2\x80\xa6 https://t.co/lrS2TIWJ0z'",,0.0,0.0
2020-05-24 16:54:59,b'@TheCptBlackPill @NewRightAmerica @AshiestBlond @KeithWoodsYT The consensus at the time was that Nazism had triumph\xe2\x80\xa6 https://t.co/IU8s0fMFFN',,0.0,0.0
2020-05-24 16:52:47,b'@NewRightAmerica @AshiestBlond @KeithWoodsYT Go back and listen to TRS in 2015/2016 or read Daily Stormer in that t\xe2\x80\xa6 https://t.co/RQzWZ901g7',,0.0,0.0
2020-05-24 16:50:31,"b""@NewRightAmerica @AshiestBlond @KeithWoodsYT I know you have convinced yourself of this, but it isn't true. Giesea,\xe2\x80\xa6 https://t.co/4qKSGi0nqC""",,0.35,0.65
2020-05-24 16:50:16,"b'@NewRightAmerica Disregarding the paragraph, and focusing on the first sentence, Greg Johnson is seemingly an idiot\xe2\x80\xa6 https://t.co/1o3njyP6Xc'","Wichita, KS",0.25,0.3333333333333333
2020-05-24 16:47:52,b'@NewRightAmerica @KeithWoodsYT Because this is totally not a 180 character limit conversation: https://t.co/Ec52wu1EBG',,0.0,0.75
2020-05-24 16:43:34,b'@NewRightAmerica @AshiestBlond @KeithWoodsYT Maybe you missed 2015 and 2016 which was a 24/7 nonstop attack by Alt-\xe2\x80\xa6 https://t.co/qRN2VKB6jr',,0.0,0.0
2020-05-24 16:41:10,"b'@NewRightAmerica @AshiestBlond @KeithWoodsYT LOL at the idea that Jeff Giesea couldn\'t associate with ""respectable""\xe2\x80\xa6 https://t.co/1CBGWT5IH7'",,0.65,0.6
2020-05-24 16:39:14,b'@NewRightAmerica @AshiestBlond @KeithWoodsYT The turning point was when Trump won the 2016 election. Bannon himself\xe2\x80\xa6 https://t.co/fzhC8IXkcx',,0.0,0.0
2020-05-24 16:38:04,b'@NewRightAmerica @AshiestBlond @KeithWoodsYT It was so bad during the election that even I thought a lot of those a\xe2\x80\xa6 https://t.co/xofeeiHhWx',,-0.6999999999999998,0.6666666666666666
2020-05-24 16:37:32,"b""@NewRightAmerica @Charles47043398 They have a long history of failure, but quite a few recent successes. They're ob\xe2\x80\xa6 https://t.co/PJ0j4vsB9F""",North-East England,-0.14166666666666666,0.26249999999999996
2020-05-24 16:37:25,b'@NewRightAmerica @AshiestBlond @KeithWoodsYT There was no difference at all between Heilgate and what Spencer &amp; Co.\xe2\x80\xa6 https://t.co/CZtaRN7apR',,0.0,0.0
2020-05-24 16:36:27,"b'@stratman9009 @KeithWoodsYT @wayotworld @NewRightAmerica There is nothing the Palestinians could do to help us, and\xe2\x80\xa6 https://t.co/y7why0gPfo'",,0.0,0.0
2020-05-24 16:31:27,b'@KeithWoodsYT @wayotworld @NewRightAmerica \xe2\x80\x9crethorically emphasize\xe2\x80\x9d = \xe2\x80\x9cpretending to care\xe2\x80\x9d',,0.0,0.0
2020-05-24 16:28:56,b'@NewRightAmerica What evidence do you have that the property and civil rights of whites will be protected once we b\xe2\x80\xa6 https://t.co/OsDVr376lc',,0.0,0.0
2020-05-24 16:28:28,b'@NewRightAmerica @AshiestBlond @KeithWoodsYT @mike323a He is right that the Shapiro wing became ascendant with Trum\xe2\x80\xa6 https://t.co/atYCbFHX23',,0.2857142857142857,0.5357142857142857
2020-05-24 16:27:16,b'@NewRightAmerica So the radical left and black and brown racial extremists are openly calling for the dispossession\xe2\x80\xa6 https://t.co/Z1T1qF7BHO',,-0.05555555555555555,0.3111111111111111
2020-05-24 16:26:11,"b""@NewRightAmerica @AshiestBlond @KeithWoodsYT You are trying to make Heilgate into a big turning point when it wasn'\xe2\x80\xa6 https://t.co/eIOpwAeHPu""",,0.0,0.1
2020-05-24 16:24:10,b'@NewRightAmerica @AshiestBlond @KeithWoodsYT @mike323a will explain what happened. The Bannon machine that came int\xe2\x80\xa6 https://t.co/Ksq8R4bB4z',,0.0,0.0
2020-05-24 16:22:11,b'@NewRightAmerica @AshiestBlond @KeithWoodsYT I was on Twitter through all of 2015 and 2016 when gangs of Stormer Ne\xe2\x80\xa6 https://t.co/r8t4sKm10y',,0.0,0.0
2020-05-24 16:16:06,"b""@NewRightAmerica I do not. And I really want to meet this Keith person IRL. I'm tired of hearing his name and dealing with his bullshit..""",Louisana,-0.1,0.44999999999999996
2020-05-24 16:15:48,"b'@NewRightAmerica If this was a sport, you would want your team to win, and the other team to lose. Wanting the othe\xe2\x80\xa6 https://t.co/fbRkbRBJhb'","Dresden, Germany",0.3375,0.3875
2020-05-24 16:15:04,b'@NewRightAmerica @_Azenor_ @wayotworld @KeithWoodsYT @Ahab4K Woods seems to project a Liberal moralization that con\xe2\x80\xa6 https://t.co/ttpfjrOkFp',Steppe Bunker,0.0,0.0
2020-05-24 16:06:18,b'@NewRightAmerica @go_finger I see no conflict between the values of this tweet and the values of the quoted tweet.\xe2\x80\xa6 https://t.co/XDQc6cLTSR',"Montana, USA",0.0,0.0
2020-05-24 16:00:05,b'@AndrewKerr1873 @KeithWoodsYT @wayotworld @NewRightAmerica If you care about Zionists then you must care about the\xe2\x80\xa6 https://t.co/CJwtjKaEGG',,0.0,0.0
2020-05-24 15:58:26,b'@NewRightAmerica @_Azenor_ @wayotworld @KeithWoodsYT @Ahab4K He and his group are purposefully trying to crate a gr\xe2\x80\xa6 https://t.co/JozkIK56tG',,0.0,0.0
2020-05-24 15:58:15,b'@_Azenor_ @NewRightAmerica @SerenaJB3 I get how highlighting the hypocrisy of Jewish pro-immigrant groups by pointi\xe2\x80\xa6 https://t.co/TTTVum5LLO',,0.0,0.0
2020-05-24 15:54:26,b'@NewRightAmerica @wayotworld @KeithWoodsYT @Ahab4K Sorry but I have no charity for a of a piece of shit like Keith.\xe2\x80\xa6 https://t.co/PPzVu68fSC',Isolation.,-0.35,0.9
2020-05-24 15:53:07,b'@NewRightAmerica @KeithWoodsYT I take it you and Keith are not including to Islam? When you refer to psychopaths',,0.0,0.0
2020-05-24 15:49:01,b'@NewRightAmerica There\xe2\x80\x99s a difference between denying another\xe2\x80\x99s sovereignty and choosing not to expend resources wh\xe2\x80\xa6 https://t.co/umSf5JiMof',London,0.0,0.0
2020-05-24 15:48:21,"b'@flecktarnTP @NewRightAmerica @SerenaJB3 I love our American cousins but truly, too many are so clueless on how dan\xe2\x80\xa6 https://t.co/gEiUifGegH'",Isolation.,0.3333333333333333,0.3666666666666667
2020-05-24 15:44:14,"b""@TOOEdit @NewRightAmerica I'd also like to refer everyone to your excellent lecture: The Psychological Mechanism of White dispossession""",Deep South,0.3333333333333333,0.3666666666666667
2020-05-24 15:44:14,b'@NewRightAmerica @SerenaJB3 Seems most Americans are totally clueless concerning the Islamic situation in Europe',,0.25,0.625
2020-05-24 15:42:22,"b""@Fulmenel @NewRightAmerica @KeithWoodsYT I'm completely lost by the discussion between Keith and Wotw but I'm not s\xe2\x80\xa6 https://t.co/Z0X5zS0P91""",,0.1,0.4
2020-05-24 15:40:24,b'@NewRightAmerica But now they basically rule the world. It was rocky for them but they got there. \n\nOne of the firs\xe2\x80\xa6 https://t.co/jaDxCAav3h',,0.0,0.0
2020-05-24 15:39:55,"b""@NewRightAmerica @wayotworld @KeithWoodsYT @Ahab4K Keith knows exactly what he's doing. He chose to retweet the exa\xe2\x80\xa6 https://t.co/JAOmzGTDZw""",Isolation.,0.25,0.25
2020-05-24 15:39:25,b'@NewRightAmerica The man who is ready to die is ruled far more easily than the man who is ready to think.',Mare Undarum,0.2866666666666667,0.6666666666666667
2020-05-24 15:37:55,"b'@NewRightAmerica Yes, winning is the whole point.'",,0.35,0.575
2020-05-24 15:34:42,"b""@NewRightAmerica Yes. We didn't start this.""",Mitgard,0.0,0.0
2020-05-24 15:31:55,"b""@NewRightAmerica @KeithWoodsYT @Ahab4K Maybe, but he didn't include that context in his original tweet.""",,0.375,0.75
2020-05-24 15:29:43,"b""@NewRightAmerica They are successful, aren't they?""",,0.75,0.95
2020-05-24 15:19:54,"b""@JoggerLynchman @NewRightAmerica I don't like proxy wars.\n\n Israel is far from me and I resent the fact I even have\xe2\x80\xa6 https://t.co/PXLU4iwzrV""",,0.1,1.0
2020-05-24 15:19:37,b'@NewRightAmerica Long version: Chapter 8 of Individualism and the Western Liberal Tradition.',"Laguna Hills, CA",-0.025,0.2
2020-05-24 15:18:28,"b'@NewRightAmerica Short answer: Western societies are based on moral communities, not kinship relations. Politicians\xe2\x80\xa6 https://t.co/YMpb2n0zNN'","Laguna Hills, CA",0.0,0.18333333333333335
2020-05-24 15:15:40,b'@NewRightAmerica Moral appeals had greater weight pre diversity actually. This can be seen by anyone who reads lite\xe2\x80\xa6 https://t.co/Stx3q7bmT7',,0.16666666666666666,0.2833333333333333
2020-05-24 15:15:04,b'@Charles47043398 @NewRightAmerica Fascists want to undermine Israel by supporting sympathetic proxies in the war on\xe2\x80\xa6 https://t.co/iPClVoniUV',,0.375,0.625
2020-05-24 15:14:35,b'@NewRightAmerica What are you even arguing with?',,0.0,0.0
2020-05-24 15:14:09,b'@NewRightAmerica @KeithWoodsYT Grindr greg thinks it\xe2\x80\x99s \xe2\x80\x9cwe\xe2\x80\x9d.',,0.0,0.0
2020-05-24 15:09:21,"b'@NewRightAmerica Samsung @SamsungUK Will not allow links to its own internet platform I.E  @GalaxyMobileJP , \nwe are censored!'",Cambs.,0.75,1.0
2020-05-24 15:09:18,"b""@PBondurant07 @NewRightAmerica That's what Marcus Aurelius Buddha or Jesus the Christ would say.""","Michigan, USA",0.0,0.0
2020-05-24 15:08:22,b'@CarteBlancheCO2 @Nature_and_Race @_Azenor_ @NewRightAmerica Why tilt the conflict? Why pay any attention at all to\xe2\x80\xa6 https://t.co/dSDaZEMb0E',,0.0,0.0
2020-05-24 15:07:43,b'@NewRightAmerica So IOW should we fight fire with fire or with water? The former is easier to initiate but the late\xe2\x80\xa6 https://t.co/KyMoy4fsin',"Michigan, USA",0.0,0.0
2020-05-24 15:05:51,b'@NewRightAmerica We must obey the rules and keep losing to the team that ignores the rules and laugh at our faces w\xe2\x80\xa6 https://t.co/QXZ8AyPoJj',,0.3,0.1
2020-05-24 14:57:26,b'@NewRightAmerica @RickyVonMeader Accepting a highly dubious Glo alist narrative that increasing numbers of med prof\xe2\x80\xa6 https://t.co/vplD28Q3Ow',your attic........bwahahahaüòú,0.16,0.5399999999999999
2020-05-24 14:56:46,"b'@NewRightAmerica WOTW went on a blocking holocaust. Retweeting him, like retweeying all twitter isolationists, is f\xe2\x80\xa6 https://t.co/fJeEQ2QcTr'",East Bay,0.0,0.0
2020-05-24 14:54:30,"b'@NewRightAmerica Yes, because they are an enemy. We can deal with your fairer model again after we regained control\xe2\x80\xa6 https://t.co/syFJX6lxI3'",,0.0,0.0
2020-05-24 14:54:03,b'@NewRightAmerica Nah I got mugged and became even more of a liberal',"Ramallah, Empire of Tartary",0.5,0.5
2020-05-24 14:53:25,b'@NewRightAmerica Why are you ghey?',,0.0,0.0
2020-05-24 14:51:39,b'@KcinSetneuf @RedBeardShtlord @NewRightAmerica Well said. Empires are going to exist. They always have and always w\xe2\x80\xa6 https://t.co/5VzbX0QZYF',"California, USA",0.0,0.0
2020-05-24 14:18:29,"b""@NewRightAmerica @ReadLinkola @fritzpure @Nature_and_Race Once they know you're against multiculturalism and egalit\xe2\x80\xa6 https://t.co/QFud3Ii4Gf""",,0.0,0.0
2020-05-24 14:15:12,b'@fritzpure @NewRightAmerica @Nature_and_Race there is absolutely no evidence whatsoever that this value is universal',,-0.05,0.45
2020-05-24 14:14:33,"b""@NewRightAmerica @ReadLinkola @fritzpure @Nature_and_Race The left's mentality is all or nothing. If you agree with\xe2\x80\xa6 https://t.co/p7DI7ylazT""",,0.0,0.0
2020-05-24 14:11:50,b'@NewRightAmerica @ReadLinkola @fritzpure @Nature_and_Race A major issue is that these guys talk about defending Pal\xe2\x80\xa6 https://t.co/8bYcVG4zev',,0.0625,0.5
2020-05-24 14:08:00,b'@wayotworld @NewRightAmerica @KeithWoodsYT Being anti-Zionist is being pro-white. The only good reason to support P\xe2\x80\xa6 https://t.co/n3tcZTlEci',,0.35,0.8
2020-05-24 13:58:46,"b'@ReadLinkola @NewRightAmerica @Nature_and_Race Because its value is universal. It applies to nearly all things, fro\xe2\x80\xa6 https://t.co/9HsiZ2JyYS'",,0.05,0.2
2020-05-24 13:57:21,b'@NewRightAmerica @KeithWoodsYT @wayotworld Every problem this kid talks about can be solved thru NS or even a retur\xe2\x80\xa6 https://t.co/a8CGQ5obOS',,0.0,0.0
2020-05-24 13:54:50,"b""@NewRightAmerica @KeithWoodsYT @wayotworld Pointing out Israel's hypocrisy is not an earth shattering insight. Keit\xe2\x80\xa6 https://t.co/8Zm84UtXgP""",,0.0,0.0
2020-05-24 13:52:55,b'@fritzpure @NewRightAmerica @Nature_and_Race so if nobody accepts it as a valid principle (to apply to out-groups)\xe2\x80\xa6 https://t.co/PvH7JMXopP',,0.0,0.0
2020-05-24 13:49:26,b'@London19721 @wayotworld @NewRightAmerica @KeithWoodsYT Most j-ews who push woke garbage and open borders are actua\xe2\x80\xa6 https://t.co/NCvPdrkdeX',,0.25,0.5
2020-05-24 13:44:43,b'@NewRightAmerica The Japanese are so tidy !',,0.375,0.4
2020-05-24 13:44:31,b'@ReadLinkola @NewRightAmerica @Nature_and_Race The principle of reciprocity - to do unto others as we want done unt\xe2\x80\xa6 https://t.co/Y4uJAg3h5G',,0.0,0.0
2020-05-24 13:43:29,"b""@NewRightAmerica What's up with Koreans?""",–î–µ–±–∞—Ä –ú–∞–∞–ª–æ,0.0,0.0
2020-05-24 13:42:45,b'@KeithWoodsYT @wayotworld @NewRightAmerica You can care about Palestine all you want.  When you try to persuade oth\xe2\x80\xa6 https://t.co/dW5HILFJF8',,0.0,0.0
2020-05-24 13:41:02,b'@NewRightAmerica @KeithWoodsYT @wayotworld What is he really saying though? That we shouldn\xe2\x80\x99t defend ourselves or e\xe2\x80\xa6 https://t.co/y2AzILMne9',"Texas, USA",0.2,0.2
2020-05-24 13:40:38,"b""@fritzpure @NewRightAmerica @Nature_and_Race who's fundamental principles? those have never been the fundamental pr\xe2\x80\xa6 https://t.co/ya5ZAlu1xk""",,0.0,0.0
2020-05-24 13:39:23,b'@Nix64261997 @NewRightAmerica @Nature_and_Race referring to white people stealing shit from their own ethnic in-group',,0.13333333333333333,0.6
2020-05-24 13:38:00,"b'@AnonLeoDiCaprio @NewRightAmerica @Nature_and_Race that was a direct result of not oppressing our enemies, not a re\xe2\x80\xa6 https://t.co/CS2KuaEwkJ'",,0.1,0.4
2020-05-24 13:37:25,b'@wayotworld @NewRightAmerica @KeithWoodsYT Israel is definitely not going down the mass immigration route but many\xe2\x80\xa6 https://t.co/uyJ2F2TQmU',,-0.07777777777777779,0.3944444444444445
2020-05-24 13:31:33,"b'@wayotworld @NewRightAmerica What does this prove? You can have universal moral values and in-group preference, and\xe2\x80\xa6 https://t.co/shk4mET5uF'",,0.0,0.125
2020-05-24 13:27:34,"b'@ReadLinkola @NewRightAmerica @Nature_and_Race ""there is no quintessential biological drive to steal"" \n\nThat\'s surprisingly naive of you.'",–î–µ–±–∞—Ä –ú–∞–∞–ª–æ,-0.3,1.0
2020-05-24 13:22:27,"b""@ReadLinkola @NewRightAmerica @Nature_and_Race I get what you're saying. Would you say that nations - or tribes - b\xe2\x80\xa6 https://t.co/bG207JrP75""","Alberta, Canada",0.0,0.0
2020-05-24 13:21:51,"b'@AnonLeoDiCaprio @ReadLinkola @NewRightAmerica @Nature_and_Race I hesitate to play this card, but I think the Irish\xe2\x80\xa6 https://t.co/Jr8HQiPHpd'",in watyre and on londe,0.0,0.0
2020-05-24 13:18:39,"b""@ReadLinkola @NewRightAmerica @Nature_and_Race He isn't saying that we need to play world police. Brown people conq\xe2\x80\xa6 https://t.co/0uz5rvhco1""",,0.0,0.0
2020-05-24 13:15:27,"b""@AnonLeoDiCaprio @NewRightAmerica @Nature_and_Race in 99% of cases it's enforced by mutual threat of violence not b\xe2\x80\xa6 https://t.co/DTScM7iLjU""",,0.0,0.0
2020-05-24 13:14:32,b'@NewRightAmerica @Nature_and_Race there is no quintessential biological drive to steal but there is a quintessentia\xe2\x80\xa6 https://t.co/jbgMoa2SXZ',,0.0,0.0
2020-05-24 13:09:36,b'@NewRightAmerica Only whites can be disspossed at will.\n\nOur ancestors explicity conquered territories to expand ou\xe2\x80\xa6 https://t.co/ElVtrnwrX4',,0.0,1.0
2020-05-24 13:06:30,b'@NewRightAmerica @ReadLinkola @Nature_and_Race Historically nationalism was only for the White man. Saying everyone\xe2\x80\xa6 https://t.co/kXqzqsYlIB',,0.0,0.3333333333333333
2020-05-24 13:03:53,"b""@NewRightAmerica @Nature_and_Race can you summarize it? don't have time to read it rn.\n\nbut conflict is a necessary\xe2\x80\xa6 https://t.co/1wpQ70HjzY""",,0.0,0.0
2020-05-24 12:55:00,"b""@Nature_and_Race @_Azenor_ @NewRightAmerica Whites shouldn't worry about Palestine. \n\nHowever, its plight should se\xe2\x80\xa6 https://t.co/k8mbHVGFXI""","Front Range, CO",0.0,0.0
2020-05-24 12:49:45,"b""@ReadLinkola @NewRightAmerica @Nature_and_Race Even if you don't accept the moral argument being made, it ought to\xe2\x80\xa6 https://t.co/Ih3DIiXrcm""",,0.0,0.25
2020-05-24 12:48:21,"b""@Hibrowgent @NewRightAmerica @LucianAlbis @ReadLinkola Win or lose, a good fist fight is good for the soul. I'm 6',\xe2\x80\xa6 https://t.co/WL1o0EyeOg""",Louisana,0.7333333333333334,0.5333333333333333
2020-05-24 12:47:31,"b""@NewRightAmerica Lol, it's funny because it's true.""",,0.4666666666666666,0.7833333333333333
2020-05-24 12:46:17,"b""@Hibrowgent @NewRightAmerica @LucianAlbis @ReadLinkola I agree that the cat fighting is exhausting. And no, I'm jus\xe2\x80\xa6 https://t.co/GtyTnj8Aeb""",Louisana,-0.4,0.5
2020-05-24 12:46:03,"b""@DazMaddison @NewRightAmerica It would be tragic if it weren't farcical.""",–î–µ–±–∞—Ä –ú–∞–∞–ª–æ,-0.575,0.575
2020-05-24 12:45:20,b'@Nix64261997 @NewRightAmerica The irony of the Karen. They enforce liberal social norms whilst expecting rigid conf\xe2\x80\xa6 https://t.co/Q8NBRW6K4i',North-East England,0.03333333333333333,0.06666666666666667
2020-05-24 12:44:08,"b""@douchecc @NewRightAmerica @LucianAlbis @ReadLinkola I think you missed the point. I'm sure you're a bad ass king f\xe2\x80\xa6 https://t.co/voDrnt9BU7""",,-0.09999999999999992,0.7777777777777777
2020-05-24 12:39:40,b'@KarlThorburn @NewRightAmerica And then you get online and the internet confirms every bias they teach you to have.\xe2\x80\xa6 https://t.co/DqgRVTSC3b',,0.0,0.0
2020-05-24 12:39:21,b'@NewRightAmerica @ReadLinkola @Nature_and_Race This is a very good exchange and both of you are making great points\xe2\x80\xa6 https://t.co/IrojraHQeQ',–î–µ–±–∞—Ä –ú–∞–∞–ª–æ,0.855,0.7650000000000001
2020-05-24 12:35:35,b'@NewRightAmerica A self-policing community is a peaceful community.',–î–µ–±–∞—Ä –ú–∞–∞–ª–æ,0.25,0.5
2020-05-24 12:34:34,"b""@KarlThorburn @NewRightAmerica It's right to appropriately educate girls on the threat of male-on-female violence,\xe2\x80\xa6 https://t.co/e3JvSmSbfP""",,0.39285714285714285,0.5178571428571428
2020-05-24 12:30:39,b'@NewRightAmerica @Nature_and_Race Yet he was responding to a specific tweet by quoting the person - a person who ne\xe2\x80\xa6 https://t.co/Yv66uRe4Jk',Isolation.,0.0,0.125
2020-05-24 12:26:35,b'@NewRightAmerica Amen',,0.0,0.0
2020-05-24 12:25:13,"b""@NewRightAmerica I'm reliably informed that there was a time when police appreciated good citizens saving them cons\xe2\x80\xa6 https://t.co/nYogPhf6ko""","London, England",0.44999999999999996,0.35000000000000003
2020-05-24 12:24:14,"b""@KarlThorburn @NewRightAmerica Girls want to have babies, unless they're traumatized by their parents, and/or they'\xe2\x80\xa6 https://t.co/PdggAK5CCV""",,0.0,0.0
2020-05-24 12:22:17,b'@NewRightAmerica so when are you getting out?',occupied Europe,0.0,0.0
2020-05-24 12:21:41,b'@NewRightAmerica Bob is her bitchmade husband',Escaped,0.0,0.0
2020-05-24 12:21:34,"b""@ReadLinkola @NewRightAmerica @Nature_and_Race he's advocating for White Man's Burden.\n are these people oligophrenes? is that it?""",occupied Europe,0.0,0.0
2020-05-24 12:21:24,b'@NewRightAmerica This is a mistake. Karen is the outcome of feminism. 1st women demand access to male spaces. 2nd K\xe2\x80\xa6 https://t.co/CybEhhRYpw',Escaped,0.0,0.05
2020-05-24 12:20:17,b'@TuffUnit @NewRightAmerica I don\xe2\x80\x99t know bro. The time for middle of the road politics is behind us. This is out of either of our control.',East Bay,-0.2,0.35
2020-05-24 12:20:02,b'@NewRightAmerica @Nature_and_Race where is the evidence that the world runs on it and why does everybody deserve a homeland?',,0.0,0.0
2020-05-24 12:19:59,"b""@NewRightAmerica @Nature_and_Race so, basically White Man's Burden?\n if you're incapable to put your people first a\xe2\x80\xa6 https://t.co/lpr7y0tT4i""",occupied Europe,0.125,0.16666666666666666
2020-05-24 12:18:12,b'@NewRightAmerica @KeithWoodsYT @wayotworld In War first thing you do is take down their Communications and blow up\xe2\x80\xa6 https://t.co/ieNi7RABGX',,0.04722222222222221,0.3111111111111111
2020-05-24 12:13:50,"b""@NewRightAmerica @Nature_and_Race supporting universal rights of all people is fanciful liberalism -- that's not ho\xe2\x80\xa6 https://t.co/hmAbwZ7avY""",,0.125,0.125
2020-05-24 12:11:53,b'@NewRightAmerica Keith has made his position very clear over the last few months. This one post is just one of many\xe2\x80\xa6 https://t.co/f3YVYPd6V0',,-0.023333333333333327,0.22166666666666665
2020-05-24 12:08:24,"b'@NewRightAmerica Ok, but how do we shrug but still keep ""joggers"" off our property &amp; out of our homes? White Americ\xe2\x80\xa6 https://t.co/aCEcOlOvK1'","Michigan, USA",0.25,0.25
2020-05-24 11:53:59,"b'@NewRightAmerica Karen complains about the consequences of a nonwhite world, and yet she has caused, sometimes by h\xe2\x80\xa6 https://t.co/VYugzSuFg7'",–î–µ–±–∞—Ä –ú–∞–∞–ª–æ,0.0,0.0
2020-05-24 11:51:39,b'@mailmanposts @NewRightAmerica Kicking Jews out &amp; having a 4th Reich',,0.0,0.0
2020-05-24 11:41:37,"b""@NewRightAmerica would there be any Karen's and Bob's if we didn't have diversity?""",,0.0,0.0
2020-05-24 11:36:38,b'@KarlThorburn @NewRightAmerica People could also choose to work any number of hours from 4 to 8/day. Many worked 7\xe2\x80\xa6 https://t.co/ry8hQvGbPH',,0.5,0.5
2020-05-24 11:34:19,b'@TuffUnit @NewRightAmerica Not what with me where?',East Bay,0.0,0.0
2020-05-24 11:26:53,"b""@NewRightAmerica @TheCptBlackPill @AshiestBlond @KeithWoodsYT When they call me a Nazi they aren't entirely wrong.\xe2\x80\xa6 https://t.co/luzWpQMU9N""",,0.0,0.625
2020-05-24 11:25:38,b'@KarlThorburn @NewRightAmerica I once worked for a company which employed almost twice as many high IQ mothers as i\xe2\x80\xa6 https://t.co/GbvvvTVX97',,0.33,0.52
2020-05-24 11:22:34,b'@mailmanposts @NewRightAmerica Not with you there',,0.0,0.0
2020-05-24 10:49:23,b'@KarlThorburn @NewRightAmerica Nothing will work until we stop the anti-natal propaganda telling girls that wives a\xe2\x80\xa6 https://t.co/Rh0kJMlf1T',,-0.1,0.1
2020-05-24 09:04:32,"b""Jonathan Bowden's final interview with Greg Johnson of @NewRightAmerica. Essential viewing:\n\nhttps://t.co/ypr0579hUb""","London, England",0.0,0.65
2020-05-24 09:01:02,b'@TuffUnit @NewRightAmerica A fourth Reich would be great. I don\xe2\x80\x99t think the third Reich wanted to expel all non whi\xe2\x80\xa6 https://t.co/PQjyP0oVo1',East Bay,0.26666666666666666,0.25
2020-05-24 06:00:10,b'@Hibrowgent @NewRightAmerica @LucianAlbis @ReadLinkola I would..',Louisana,0.0,0.0
2020-05-24 05:36:51,"b""@NewRightAmerica We are all on the offensive who understand this stuff. The problem is simply being pc. We don't ha\xe2\x80\xa6 https://t.co/WmXCgNQWkl""",,0.0,0.35714285714285715
2020-05-24 04:46:07,b'@NewRightAmerica I mean...whats a wignat? The labels get so complicated. \n\nI am loyal to whites which kinda makes m\xe2\x80\xa6 https://t.co/MlRVd5zqWm',,-0.08333333333333334,0.9166666666666667
2020-05-24 04:36:38,b'@mailmanposts @NewRightAmerica Lefties want white minorities everywhere &amp; the Wignats keep winking at a 4th Reich.\xe2\x80\xa6 https://t.co/BOtMJRduuG',,0.0,0.0
2020-05-24 03:05:36,"b'@NewRightAmerica @real_gtk had Dugin on the Decameron film festival, a tacit promotion of Dugin. Also, I a quite a\xe2\x80\xa6 https://t.co/DzhXqhUXxg'",,0.0,0.0
2020-05-24 03:04:45,"b""@NewRightAmerica The recent Spencer/Woods et al  'liberal racist' / Duginist talk  does feel like a special op  des\xe2\x80\xa6 https://t.co/AOSnCPv54x""",The sky,0.17857142857142858,0.4107142857142857
2020-05-24 02:43:39,"b'@NewRightAmerica Not wanting to debate a willing opponent is always a good look. Also, wasn\xe2\x80\x99t Bowden pretty clearly a third positionist?'",,0.3,0.5875
2020-05-24 02:12:57,"b'@KarlThorburn @NewRightAmerica My ancestry is a legacy of greatness, which I have inherited. I take pride in this,\xe2\x80\xa6 https://t.co/0VX0OOQgS9'","Wichita, KS",0.0,0.0
2020-05-24 02:11:08,"b'@KarlThorburn @NewRightAmerica Beyond that, I give no consideration to alien tribes, cultural beliefs or the world.\xe2\x80\xa6 https://t.co/tNiPODBTbc'","Wichita, KS",-0.075,0.425
2020-05-24 02:06:05,b'@NewRightAmerica Greg is clearly letting his Spencer hatred inform his Woods hatred.  I found out about Keith from\xe2\x80\xa6 https://t.co/wkCKBOZk9P',Hell,0.10000000000000002,0.3833333333333333
2020-05-24 02:04:15,"b""@KarlThorburn @NewRightAmerica There's only one political theory. It starts with my wife and children, my kin, my c\xe2\x80\xa6 https://t.co/RFt5neunhZ""","Wichita, KS",0.0,0.55
2020-05-24 02:01:05,b'@NewRightAmerica Hard to keep up with all the bitching going on',,-0.2916666666666667,0.5416666666666666
2020-05-24 01:51:35,"b""@NewRightAmerica Typical weakling pacifist egalitarian position. That type of mindset is a losers mindset. You'll n\xe2\x80\xa6 https://t.co/ukwc0PGvzo""",,-0.18333333333333335,0.35
2020-05-24 00:04:46,b'@TuffUnit @NewRightAmerica Let us promote #logicalnationalism',East Bay,0.0,0.0
2020-05-24 02:31:59,b'I liked a video: Flat Earth Clues interview 287 Slightly Sophisticated Podcast \xe2\x9c\x85 https://t.co/zL3dgnPc3u #BitChute\xe2\x80\xa6 https://t.co/xAqOLBvO2t',,0.35833333333333334,0.6416666666666667
2020-05-24 23:55:35,"b""Bugling\nElderly\nNaiades\nGarter's\nHeinousness's\nAssessors\nZonal\nInterrogations\n\n#benghazi #tcot""",Benghazi,0.0,0.0
2020-05-24 23:55:25,"b'LIST of KNOWN names connected to #satanic cults, #pedophilia, &amp; #ChildTrafficking in America #RealNews #tcot #tlot\xe2\x80\xa6 https://t.co/LJksJbRfUn'","Wisconsin, USA",0.0,0.0
2020-05-24 23:41:08,b'Leftism = Fascism = Democrats.\n#tcot #wiright #wipolitics #UniteBlueNoMatterWho #UniteBlue #Trump #Trump2020 https://t.co/3LOxJEMtde',,0.0,0.0
2020-05-24 23:37:45,b'Shout out to @NiemahAnne for her steadfast support of @realDonaldTrump. We stand with you and the countless proud A\xe2\x80\xa6 https://t.co/phZpEDgWhI',,0.4000000000000001,0.7666666666666666
2020-05-24 23:35:17,"b""@brideofJC @4YrsToday Check to see if you're shadowbanned, here:\n\n     https://t.co/6ydtYzo9O5\n\nCheck for 4 types o\xe2\x80\xa6 https://t.co/hNKWmE8cwJ""",#maga & read:,0.0,0.0
2020-05-24 23:25:35,"b""Binomial\nEscorts\nNewsiest\nGrassiest\nHowdah's\nAllowing\nZits\nIdealism\n\n#benghazi #tcot""",Benghazi,0.0,0.0
2020-05-24 23:24:00,"b'Memorial Day 2020: Have those who Fought for Freedom, Died in Vain? https://t.co/D27wJfyZt9 #tcot #PJNET #ORPUW\xe2\x80\xa6 https://t.co/2l8LbAjuNX'",,0.0,0.0
2020-05-24 23:23:03,b'Real facts about the liar Rebekah Jones. Who fake media played up to bash \xe2\x81\xa6@GovRonDeSantis &amp; Florida response to Co\xe2\x80\xa6 https://t.co/LGZvRtCtrE',#Florida,-0.15,0.65
2020-05-24 23:21:53,"b'The #Moderna vaccine, championed by Dr. Fauci &amp; financed by Bill Gates, caused serious injury in 20% of the people\xe2\x80\xa6 https://t.co/UXFtDimxId'",Justice is Coming ...........Q,-0.3333333333333333,0.6666666666666666
2020-05-24 23:21:43,"b'Trump: Democrats To Exploit Vote-By-Mail ""Scam"" For ""Greatest Rigged Election In History"" | Zero Hedge\xe2\x80\xa6 https://t.co/0pYzHqE5Eh'",,1.0,1.0
2020-05-24 23:16:44,b'Black Americans Have A Powerful Message For Joe Biden https://t.co/6YVcvUNM6Q #tcot #PJNET #ORPUW #mepolitics #CCOT\xe2\x80\xa6 https://t.co/kWExkPpVNW',,0.06666666666666667,0.7166666666666667
2020-05-24 23:12:33,"b'When I was in Germany, in the early 70s, they used herds of sheep to \xe2\x80\x9cmow\xe2\x80\x9d the grass between runways &amp; taxiways. RT\xe2\x80\xa6 https://t.co/3o2A9JYRqu'",Papillion NE,0.1,0.3
2020-05-24 23:08:40,b'Consider This Evidence of Creation! https://t.co/0ns3cG5EcU #GOP  #WakeUpAmerica #TCOT',Virginia,0.0,0.0
2020-05-24 23:08:22,"b'#ccot #tcot #pjnet #teaparty #NRA\n\nAre they ""American"" Businesses or ""International"" Corporations? Will ""American""\xe2\x80\xa6 https://t.co/D2vUa9xsGG'",#maga & read:,0.0,0.0
2020-05-24 23:05:21,"b'WH announces new ban on non-citizens entering from this country, citing coronavirus spike https://t.co/CwfNFmpWmA #tcot'","Freedom, USA",0.13636363636363635,0.45454545454545453
2020-05-24 23:03:55,b'https://t.co/xD66oxXkD9\n\nMo Mo Talks about Hydroxychloriquine and the shutdown\n\n@PressSec @realDonaldTrump\xe2\x80\xa6 https://t.co/FFs8ofnPFF',"Homer Glen, Illinois",0.0,0.0
2020-05-24 23:02:41,"b""#EpsteinDidntKillHimself #TCOT Where is the @DOJPH on this case? Where is Maxwell? WHY can't this case proceed for\xe2\x80\xa6 https://t.co/iYPaLtT4WZ""",USA,0.0,0.0
2020-05-24 23:02:17,b'@fiverr @Fiverr and @Amazon kill American jobs and local communities.  They are bad for us.  Don\xe2\x80\x99t be lazy.  Suppor\xe2\x80\xa6 https://t.co/OzmEP20f9x',USA,-0.23749999999999996,0.41666666666666663
2020-05-24 23:00:14,b'Want more moslems in your government?\n\nhttps://t.co/kuewExeQ8v \n\n#tcot #trump2020 #kag2020 https://t.co/yDrsAeYl2K',United States,0.5,0.5
2020-05-24 22:58:02,b'https://t.co/jGBCCngnqA - Fox News Radio https://t.co/pCW4lMzQJf - Does This CDC Study Deliver the Knockout Blow in\xe2\x80\xa6 https://t.co/kJvEFAUA7G',"Albuquerque, New Mexico - USA",0.0,0.0
2020-05-24 22:58:01,"b'https://t.co/jGBCCngnqA - Fox News Radio https://t.co/pCW4lMzQJf - Mr. President, Here\xe2\x80\x99s How You Stop the Democrati\xe2\x80\xa6 https://t.co/HB3h4J6qIZ'","Albuquerque, New Mexico - USA",0.0,0.0
2020-05-24 22:57:00,"b'#MensHealth \n\nTrunature Saw Palmetto Prostate Health Complex with Zinc, Lycopene, Pumpkin Seed,\xe2\x80\xa6 https://t.co/SLZ2pg9IMC'","NC, USA",-0.3,0.4
2020-05-24 22:55:35,"b""Buoy's\nEmolument's\nNationalizing\nGoddamed\nHollyhock's\nAfar\nZoologist\nInterbreeding\n\n#benghazi #tcot""",Benghazi,0.0,0.0
2020-05-24 22:50:03,b'Are you tired of winning yet? #p2 #tcot https://t.co/bcGLRpyr6A',"Loves Park, IL",0.04999999999999999,0.725
2020-05-24 22:49:41,b'I\xe2\x80\x99ve also never seen journalists lie and behave like @Acosta in my 30 years of watching cable news #tcot #covid19 https://t.co/IRqZsg5YXF',United States,0.0,0.0
2020-05-24 22:48:15,b'With video.  Florida Gov. DeSantis (R) shredded lying liberal media propagandists who actively cheered for death an\xe2\x80\xa6 https://t.co/318ED7y7lm',,-0.13333333333333333,0.6
2020-05-24 22:42:58,"b'China Slams US Bill To Delist Chinese Companies As ""Directly Targeting China"", ""Grounded In Political Motives"" | Th\xe2\x80\xa6 https://t.co/7Ns5HB5Dod'",Hawaii,0.03333333333333333,0.16666666666666666
2020-05-24 22:40:26,b'@RealJamesWoods Hey @nytimes @maggieNYT - equating US Military to the KKK on Memorial Day???? \nEvery time you do so\xe2\x80\xa6 https://t.co/PCJCplc73D',USA/UK,-0.1,0.1
2020-05-24 22:37:51,"b'If Walmart &amp; churches are open to PEOPLE doing their business, then fans should be able to attend an OUTDOOR\xe2\x80\xa6 https://t.co/pEjqqGgf4a'",USA,0.25,0.5625
2020-05-24 22:35:11,b'Mad Queen Pelosi Using COVID To Circumvent Constitution-While Trump Defends Our Rights  https://t.co/HtsDcOpz2k\xe2\x80\xa6 https://t.co/jUgU5WylUm',New York,-0.625,1.0
2020-05-24 22:28:18,b'New York State Makes it a Felony For Law Enforcement to Share DMV Info With DHS or ICE https://t.co/gMYQ469FRG #tcot',"Freedom, USA",0.13636363636363635,0.45454545454545453
2020-05-24 22:26:58,"b'@NoodleSparklez @Nationalists31 Seriously, why now is this Leftist opening his pie hole. SMH. #TCOT #KAG2020TRUMPVICTORY'",USA,-0.19166666666666665,0.6333333333333333
2020-05-24 22:26:53,b'45 minutes?! Doing what you f**\xc2\xa5! 10-15 minutes tops here and only when in a grocery store. Cuomo and his nursing h\xe2\x80\xa6 https://t.co/GAgOZYq9Li',United States,0.0,1.0
2020-05-24 22:26:12,b'U.S. Likely To Impose Sanctions Against China For Hong-Kong Law\xe2\x80\xa6 https://t.co/fB2fzSKLVy #tcot #FreeHongKong',"Freedom, USA",0.0,1.0
2020-05-24 22:25:35,"b""Bestseller\nElectrocute\nNothings\nGayness's\nHobbies\nAbatement\nZippy\nIllegitimate\n\n#benghazi #tcot""",Benghazi,0.0,0.0
2020-05-24 22:23:57,b'Gov. Cuomo issued order forcing nursing homes to take COVID patients. He continues to blame Trump. https://t.co/j3DJlwkVCt #tcot',"Freedom, USA",0.0,0.0
2020-05-24 22:21:26,b'WATCH: US Navy warship successfully destroys aircraft mid-flight with high-energy laser weapon https://t.co/mCsuXCRCDT #tcot',"Freedom, USA",0.75,0.95
2020-05-24 22:19:57,b'At Least 17 Shot in Twelve Hours in Democrat-Controlled St. Louis https://t.co/AarYyeTEFm #tcot',"Freedom, USA",-0.3,0.4
2020-05-24 22:17:07,"b""Rep. Doug Collins suggests Flynn judge may have 'conflict of interest' after hiring personal attorney https://t.co/AajIUpr4IE #tcot""","Freedom, USA",0.0,0.3
2020-05-24 22:14:17,"b'The #Moderna vaccine, championed by Dr. Fauci &amp; financed by Bill Gates, caused serious injury in 20% of the people\xe2\x80\xa6 https://t.co/w25cPe0Lxn'",CyberSpace,-0.3333333333333333,0.6666666666666666
2020-05-24 22:09:20,"b'if I\xe2\x80\x99m a sheep, then you\xe2\x80\x99re a cunt #maga #tcot https://t.co/kE00LqIdrE'",,0.0,0.0
2020-05-24 22:06:59,"b'What the hell is wrong with these petty tyrants?  One of the sites sorts mail for two states, and would have left 6\xe2\x80\xa6 https://t.co/Gyu48DeUpe'",,-0.25,0.45
2020-05-24 22:05:08,b'Communities are right to be wary: Rats &amp; mice can directly or indirectly transmit over 35 diseases - #CCPVirus Lock\xe2\x80\xa6 https://t.co/lrcsEzj3lq',CyberSpace,-0.0380952380952381,0.5452380952380952
2020-05-24 22:01:22,"b""Your Kids &amp; Their Teachers Are all Going to Need Therapy if Schools Follow the CDC's Recommendations for Classrooms\xe2\x80\xa6 https://t.co/fHrdkgTFs6""",CyberSpace,0.0,0.0
2020-05-24 21:59:35,b'https://t.co/jGBCCngnqA - Fox News Radio https://t.co/pCW4lMzQJf - Gov. Murphy Escalates War On Defiant Gym During\xe2\x80\xa6 https://t.co/zVjOTQup2g',"Albuquerque, New Mexico - USA",0.0,0.0
2020-05-24 21:59:34,b'https://t.co/jGBCCngnqA - Fox News Radio https://t.co/pCW4lMzQJf - Latest Move by Flynn Judge Has Raised Some Eyebr\xe2\x80\xa6 https://t.co/MsxCWIsesa',"Albuquerque, New Mexico - USA",0.5,0.9
2020-05-24 21:58:13,b'US one step away from delisting Chinese companies from American stock exchanges\n\nhttps://t.co/5I2KsZ7zcG #TCOT #GOP #MAGA #Millennials',CyberSpace,0.0,0.0
2020-05-24 21:56:12,"b'With video.  This time, there\'s a subpoena involved.  Of course, Democrats claim this is a ""conspiracy theory,"" eve\xe2\x80\xa6 https://t.co/X3N2psb8wS'",,0.0,0.0
2020-05-24 21:55:35,"b""Biorhythms\nEavesdrops\nNodes\nGoddaughter's\nHighboy\nAntecedents\nZoology's\nInfrequency\n\n#benghazi #tcot""",Benghazi,0.0,0.0
2020-05-24 21:49:09,"b""@JonahDispatch If reporters---all of them--- Would fairly investigate @POTUS enemie's actions, @PressSec wouldn't h\xe2\x80\xa6 https://t.co/WZYYGPKeSZ""",,0.7,0.9
2020-05-24 21:46:16,b'ATTENTION SOUTH FLORIDA #MAGA #KAG PATRIOTS!  YOUR FAVORITE GROUP OF DEPLORABLES @TrumpBroward WILL BE MEETING 6-9-\xe2\x80\xa6 https://t.co/cjMyNpFW4y',"Fort Lauderdale, Florida",0.5,1.0
2020-05-24 21:43:27,b'Go about your American lives at your own risk- AS ALWAYS #TCOT #MemorialDay2020 Our #Military died for your\xe2\x80\xa6 https://t.co/y6M4MmWJD9',USA,0.16666666666666666,0.3666666666666667
2020-05-24 21:39:37,b'What kind of #coronavirus \xe2\x80\x9cmisinformation\xe2\x80\x9d is YouTube removing?\n\n@SheilaGunnReid and guest @ALEXNEWMAN_JOU get to t\xe2\x80\xa6 https://t.co/nffd53DpES',Canada and the world,0.6,0.9
2020-05-24 21:36:40,b'Remember &amp; Honor those who paid the ultimate price for our #Freedom on this #MemorialDay \xf0\x9f\x87\xba\xf0\x9f\x87\xb8 \n\n#FreedomIsntFree\xe2\x80\xa6 https://t.co/qgOb8NNIz0',Tara,0.0,1.0
2020-05-24 21:36:20,"b'""...as the fierce, relentless domestic and international hatred of Trump shows, the global managerial elite will fi\xe2\x80\xa6 https://t.co/6qmVMKhBeb'",USA,0.0,0.03333333333333333
2020-05-24 21:30:12,b'@marygribbin809 @Thomas1774Paine @realDonaldTrump Joe the Pedophile will never be the President!  He is a all out C\xe2\x80\xa6 https://t.co/i3HG7in4uk',,0.0,0.0
2020-05-24 21:25:35,"b""Busbies\nEmptiness\nNudist's\nGestate\nHoneydew's\nAssize's\nZests\nItinerant's\n\n#benghazi #tcot""",Benghazi,0.0,0.0
2020-05-24 21:21:00,b'Florida family grieves as Trump spreads debunked conspiracy theory https://t.co/7fh4aQMjp7 #p2 #tcot',"Loves Park, IL",0.0,0.0
2020-05-24 21:19:29,b'#RedNationRising #tcot #ccot @ElFloyo @PubliusNV @DocWashburn @ProgPoker @RightyMe @ProofBlog \n\nImportant: Watch th\xe2\x80\xa6 https://t.co/e7VLQGFFLO',,0.4,1.0
2020-05-24 21:13:16,"b'From #EATTHEPRESS whose side is media on in #media war between #China and U.S. , ""Dr. Cavuto"" .@TeamCavuto\n freaks\xe2\x80\xa6 https://t.co/9MUO7rCSnl'","New York, New York",0.0,0.0
2020-05-24 21:06:12,b'https://t.co/jGBCCngnqA - Fox News Radio https://t.co/pCW4lMzQJf - Gov. Murphy Escalates War On Defiant Gym During\xe2\x80\xa6 https://t.co/5dLbQ8Kogu',"Albuquerque, New Mexico - USA",0.0,0.0
2020-05-24 21:06:11,b'https://t.co/jGBCCngnqA - Fox News Radio https://t.co/pCW4lMzQJf - Moms Demand Miffed About Rifle Raffle To Help Sm\xe2\x80\xa6 https://t.co/xHlkl4RMgJ',"Albuquerque, New Mexico - USA",0.0,0.0
2020-05-24 21:05:11,b'@larsenrick @USPS Not really.\n\nThe very important thing to notice about democrats recent smitten attitudes toward U\xe2\x80\xa6 https://t.co/q8oKT8UsbP',USA,0.14,0.48333333333333334
2020-05-24 21:02:35,b'#KAG #MAGA #TCOT\n#Trump2020 #CCOT\nhttps://t.co/8SGzr4N72K\nRetweet-Follow-Patriots\n#ObamaGate #DeepState\xe2\x80\xa6 https://t.co/2oyGk2UQZb',United States,0.0,0.0
2020-05-24 21:00:54,b'#KAG #MAGA #TCOT\n#Trump2020 #CCOT\nRetweet-Follow-Patriots\nSupport those who #WalkAway\nfrom the Plantation of Hate\n- https://t.co/PU5d5373Yr',United States,-0.8,0.9
2020-05-24 21:00:34,"b""Obama was the most corrupt President in US history and you were part of his corrupt administration.\n\nCastro: Trump'\xe2\x80\xa6 https://t.co/SRM1SEFMTM""",,-0.16666666666666666,0.8333333333333334
2020-05-24 20:59:25,"b'Democrat Tyrants disagree.\n\n500 Doctors Tell Trump To End COVID-19 Shutdown, Warn It Will Cause More Deaths\xe2\x80\xa6 https://t.co/GYInG6vRjo'",,0.5,0.5
2020-05-24 20:59:18,b'https://t.co/jGBCCngnqA - Fox News Radio https://t.co/pCW4lMzQJf - Moms Demand Miffed About Rifle Raffle To Help Sm\xe2\x80\xa6 https://t.co/5kRypWX1iG',"Albuquerque, New Mexico - USA",0.0,0.0
2020-05-24 20:58:36,b'Democrat priorites are mask enforcement and keeping churches closed.\n\nAt Least 17 Shot in Twelve Hours in Democrat-\xe2\x80\xa6 https://t.co/mzPezaYBzV',,-0.2,0.25
2020-05-24 20:58:29,b'@CharlieDaniels @billboard @RecordingAcad @Grammys Thanks for this great song Charlie! https://t.co/aYFozLzLqu\xe2\x80\xa6 https://t.co/tKX5q69uGN',Tara,0.6,0.475
2020-05-24 20:57:22,b'https://t.co/jGBCCngnqA - Fox News Radio https://t.co/pCW4lMzQJf - CNN Becomes Unhinged Because Trump Decided to Go\xe2\x80\xa6 https://t.co/IlGuW3j6hT',"Albuquerque, New Mexico - USA",0.0,0.0
2020-05-24 20:55:35,"b""Broach\nExpelled\nNotifications\nGargle's\nHandbill\nAppetite\nZaniest\nIntermediaries\n\n#benghazi #tcot""",Benghazi,0.0,0.0
2020-05-24 20:55:12,"b""It's All In The Money. Democrats R NOT supporting WomansHealth by blocking Born-Alive Abortion Survivors Protection\xe2\x80\xa6 https://t.co/KEFixkIYyU""",Austria,-0.125,0.25
2020-05-24 20:52:32,b'Communist DNC Mouthpiece NYT hates America!\n\nNY Times on Memorial Day Weekend: US Military celebrates white suprema\xe2\x80\xa6 https://t.co/JVMjvBppSH',,-0.05,0.05
2020-05-24 20:49:45,"b""@RetailRevolt @JedediahBila @GriffJenkins @PeteHegseth Dear @retailrevolt -I believe you've joined the wrong conver\xe2\x80\xa6 https://t.co/To2p2HU92K""",Back-up: @cmm912isback,-0.5,0.9
2020-05-24 20:45:49,b'There\xe2\x80\x99s No Longer Any Question: Biden Carried Out A Criminal Cover-Up In #Ukraine https://t.co/CAdolFmRNV #tcot',USA,-0.4,0.55
2020-05-24 20:42:38,b'When will Republican voters vote conservatives who represent us to House &amp; Senate?\n\nRight now we have about 40 out\xe2\x80\xa6 https://t.co/Cdgr9YoGYp',Trump's America,0.2857142857142857,0.5357142857142857
2020-05-24 20:39:55,b'Meaning that roughly 400K blacks in the USA...are not really black according to #SleepyJoeBiden \n\n#tcot #ccot #gop #maga #kag',,-0.008333333333333338,0.4166666666666667
2020-05-24 20:33:29,"b'One of the L.A. ""controllers""\n\nBarbara Ferrer, Social Welfare Queen of Los Angeles County https://t.co/AWJ953aLHB\xe2\x80\xa6 https://t.co/B2lmT7SPRm'",,0.03333333333333333,0.06666666666666667
2020-05-24 20:30:30,"b'""We Have Undercover Footage"" - The Media DON\'T Want This Out! https://t.co/3TetaHkBNM Fauci knows vaccines don\xe2\x80\x99t wo\xe2\x80\xa6 https://t.co/U0iNHhFO2K'",USA,0.0,0.0
2020-05-24 20:30:05,"b""Seattle &amp; King County WA won't open until radical #ClimateChange priest @JayInslee is out of office or SUED to free\xe2\x80\xa6 https://t.co/kcR9NiDCFx""",Trump's America,0.0,0.5
2020-05-24 20:25:55,b'@hybiscus33 A generation of Democratic rule and no one questions why Los Angeles has ONE Republican on the L.A. Cit\xe2\x80\xa6 https://t.co/Nv2fAzeoKV',Los Angeles,0.0,0.0
2020-05-24 20:25:35,"b""Blacken\nExcursion's\nNostalgia\nGaming\nHandballs\nAdverse\nZeal's\nInhibited\n\n#benghazi #tcot""",Benghazi,0.0,0.0
2020-05-24 20:23:24,"b'@JohnKStahlUSA @mpukita ""....and she is sporting a poorly marked 2nd set of eyebrows."" \n\nThose are just because her\xe2\x80\xa6 https://t.co/JCVxUAkZdl'",,0.05,0.3
2020-05-24 20:20:38,"b""How dare @kayleighmcenany ask WH Press to execute some investigative journalism.\n\nIt's been so long since they star\xe2\x80\xa6 https://t.co/1U36xcGpvH""",Trump's America,-0.05,0.4
2020-05-24 20:12:49,"b'SHTF Self-Education Book: ""Wolves Among the Sheep"" (safety and security book)... https://t.co/ntuPFGqOWE\xe2\x80\xa6 https://t.co/64xIDFQvE2'",,0.0,0.0
2020-05-24 20:12:41,b'#KAG #MAGA #TCOT\n#Trump2020 #CCOT\nRetweet-Follow-Patriots\n-\nJOE SCARBOROUGH DEEP DIVE_ [JS] BODY_PARTS=JUST_THE_BEG\xe2\x80\xa6 https://t.co/zaw1G13nK9',United States,0.0,0.4
2020-05-24 20:12:25,b'100000 Dead.  Thanks @foxnews @houseGop @BreitbartNews  @ @SenateGop DTrump mike pence many others #maga #tcot Who\xe2\x80\xa6 https://t.co/HFztDQ4P6W',"North Carolina, USA",0.16666666666666666,0.3666666666666667
2020-05-24 20:12:15,b'#tcot #TX #OK #UT \nThe Deeply American Reason The Oldest Saloon West Of The Mississippi Won\xe2\x80\x99t Have To Shut Down For\xe2\x80\xa6 https://t.co/4JwQYeL5li',Texas,0.11481481481481481,0.262962962962963
2020-05-24 20:11:57,b'@JohnKStahlUSA who are you? 5 minutes ago I had never heard your name but I saw your #tcot signifier &amp; had to laugh\xe2\x80\xa6 https://t.co/Gca9NnfgMK',"Minneapolis, MN",0.0,0.0
2020-05-24 20:11:36,"b'The Deep State agreed that Barry wanted to know everything. We were told for 8 long years that Barry was a genius,\xe2\x80\xa6 https://t.co/Rj2boHA7Ip'",,-0.025,0.4
2020-05-24 20:11:02,b'State of emergency is unlawful\nTake action now!\n#COVID19 #Corona #coronavirus #COVID #Quarantine #StayHome\xe2\x80\xa6 https://t.co/oyZpwjsl7Y',,0.125,0.1
2020-05-24 20:06:11,b'https://t.co/jGBCCngnqA - Fox News Radio https://t.co/pCW4lMzQJf - CNN Becomes Unhinged Because Trump Decided to Go\xe2\x80\xa6 https://t.co/8mHSmnTJF7',"Albuquerque, New Mexico - USA",0.0,0.0
2020-05-24 20:06:11,b'https://t.co/jGBCCngnqA - Fox News Radio https://t.co/pCW4lMzQJf - Alaskan Armed Citizen Thwarts Potential Mass Sho\xe2\x80\xa6 https://t.co/cCpVmheGVj',"Albuquerque, New Mexico - USA",0.0,1.0
2020-05-24 20:05:47,"b'It is really pretty simple!\n""Still the best reason to be a #Christian...""\nWisdom from @jwarnerwallace:\n#GodLovesYou\xe2\x80\xa6 https://t.co/EHUXUS0XR8'",Tara,0.3125,0.4142857142857143
2020-05-24 20:04:26,b'A good article on how the @barackobama crime family sold out America and screwed Gen Flynn https://t.co/GjOwokjjXb\xe2\x80\xa6 https://t.co/yC7yUKt3gq',,0.7,0.6000000000000001
2020-05-24 20:00:13,"b'@Julio_Rosas11 @JonahDispatch @PressSec Wow, what a \xe2\x80\x9cbalanced\xe2\x80\x9d panel, 4 I hate Trump liars. #nhpolitics #tcot #tlot #FakeNews'",Hollis NH,-0.35000000000000003,0.95
2020-05-24 19:58:59,b'https://t.co/jGBCCngnqA - Fox News Radio https://t.co/pCW4lMzQJf - More Proof Biden Is Taking the Black Vote for Gr\xe2\x80\xa6 https://t.co/7MW3mHlUuU',"Albuquerque, New Mexico - USA",0.16666666666666669,0.4666666666666667
2020-05-24 19:58:58,b'https://t.co/jGBCCngnqA - Fox News Radio https://t.co/pCW4lMzQJf - Alaskan Armed Citizen Thwarts Potential Mass Sho\xe2\x80\xa6 https://t.co/7dML898wHE',"Albuquerque, New Mexico - USA",0.0,1.0
2020-05-24 19:55:35,"b""Bevy's\nExec\nNarking\nGendarme's\nHundredth\nAbbesses\nZero\nImploded\n\n#benghazi #tcot""",Benghazi,0.0,0.0
2020-05-24 19:55:26,b'Report: Corpus Christi Naval Station Attacker Was Islamist Terror https://t.co/vq6kerW9HG #RedNationRising #tcot #ycot',,0.0,0.0
2020-05-24 19:55:07,"b'Karen Coulter\n\n""Complete blithering idiot"": Coulter erupts at Trump for attacking Jeff Sessions\xe2\x80\xa6 https://t.co/h6K6c2glWg'",,-0.35000000000000003,0.6000000000000001
2020-05-24 19:54:31,"b""'Allowing'?!? More Democrat Tyranny.\n\n9th Circuit Court: Allowing California Churches to Open Is 'Suicide Pact.'\xe2\x80\xa6 https://t.co/6xPRkLBuUI""",,0.25,0.5
2020-05-24 19:52:08,b'Congrats to @realDonaldTrump for revealing his new re-election logo...\n\n#Trump2020Landslide #MAGA #MAGA2020\xe2\x80\xa6 https://t.co/S6FYG0PAK9',"Washington, DC",0.13636363636363635,0.45454545454545453
2020-05-24 19:50:44,"b'@RepKinzinger Shut your f***ing mouth, you damn coward. What are you trying to do? \xe2\x80\x9cBe the bigger person?\xe2\x80\x9d Why? To\xe2\x80\xa6 https://t.co/zo156c5WPp'",NYC-L.A.,0.0,0.5
2020-05-24 19:50:09,"b'Semper Fi, Jarhead. God Bless.\n\n""On Memorial Day I honor fellow Marines killed in war \xe2\x80\x93 Luckily, I only lost my leg\xe2\x80\xa6 https://t.co/MTnGdlGoCm'",CyberSpace,-0.1,0.5
2020-05-24 19:48:49,"b""We aren't complying Karen.\n\nAndrea Karen Mitchell: 'Horrifying' Trump has Politicized the Mask Debate\xe2\x80\xa6 https://t.co/bBRt01sFyb""",,-0.9,1.0
2020-05-24 19:45:31,"b'It\xe2\x80\x99s #SacrilegeSunday! Will you be practicing #SocialDistancing at the pews, fairy tale chasers??\n\n#tcot #MAGA\xe2\x80\xa6 https://t.co/I1jrRZJ68x'",United States,0.0,0.0
2020-05-24 19:45:19,"b'It\xe2\x80\x99s #SacrilegeSunday! Will you be practicing #SocialDistancing at the pews, fairy tale chasers??\n\n#tcot #MAGA\xe2\x80\xa6 https://t.co/DasEsWRGZc'",United States,0.0,0.0
2020-05-24 19:44:13,"b""Sex is like Pandora's Box: \n\nOpen it Too Soon, and You Become Enslaved to Behaviours/Trauma that are Hard to Overco\xe2\x80\xa6 https://t.co/o4i2XY1Zbb""",Austria,-0.14583333333333334,0.5208333333333333
2020-05-24 19:41:58,b'#KAG #MAGA #TCOT\n#Trump2020 #CCOT\nRetweet-Follow-Patriots\n#Democrats Dog Whistle \n#Racism to incite violence \nHOLD\xe2\x80\xa6 https://t.co/DDnxuK5ga5',United States,0.0,0.0
2020-05-24 19:38:28,b'#KAG #MAGA #TCOT\n#Trump2020 #CCOT\nRetweet-Follow-Patriots\n#CoronavirusPandemic\n#coronavirius\n#KillerCuomo\n-\nGov. Cu\xe2\x80\xa6 https://t.co/1yn00QAjum',United States,0.0,0.0
2020-05-24 19:33:34,b'US Crackdown on Drug Cartels Shows Boom of Busts\n\nhttps://t.co/INxerhJZ5A #TCOT #GOP #MAGA #Millennials',CyberSpace,0.0,0.0
2020-05-24 19:32:46,b'Trump administration is looking at cutting off travel from Brazil amid surge of coronavirus infections there\n#tcot\xe2\x80\xa6 https://t.co/wbCtxmvOGp',Taxed to Death New York,-0.6,0.9
2020-05-24 19:27:00,b'Host @crusader7777 and I expose the dark behind the bright idol as we go LIVE at 8:30 p.m. BST (3:30 p.m. U.S. East\xe2\x80\xa6 https://t.co/01JHkrE0ep',"Earth, The Universe",0.0715909090909091,0.6
2020-05-24 19:26:00,b'Host @crusader7777 and I expose the dark behind the bright idol as we go LIVE at 8:30 p.m. BST (3:30 p.m. U.S. East\xe2\x80\xa6 https://t.co/grRxYTVm3I',,0.0715909090909091,0.6
2020-05-24 19:25:35,b'Boars\nEmbryos\nNipples\nGramophone\nHobbyhorses\nAmbrosia\nZoology\nImpede\n\n#benghazi #tcot',Benghazi,0.0,0.0
2020-05-24 19:24:10,b'The latest Libusters Daily News! https://t.co/DoJR4TrN2g Thanks to @DorothyGrissom @JackHowardAZ @MaryfromMarin #tcot #maga',"Chowchilla, California",0.2333333333333333,0.3666666666666667
2020-05-24 19:24:02,b'@RealBrysonGray @supitsshekinah \xf0\x9f\x8e\x88\xf0\x9f\x8e\x81\xf0\x9f\x8e\x82\xf0\x9f\x8e\x89Happy Birthday! \xf0\x9f\x8e\x89\xf0\x9f\x8e\x82\xf0\x9f\x8e\x81\xf0\x9f\x8e\x88 #tcot',,0.0,0.0
2020-05-24 19:15:37,b'This weekend we HONOR\nall who gave their life in\ndefense of this still great nation\n#MAGA #KAG #KAG2020\xe2\x80\xa6 https://t.co/dIAPsHhfoB',,0.8,0.75
2020-05-24 19:15:33,"b'Minnesota Governor Tim Walz Backs Down, Allows Religious Services To Resume\n\nhttps://t.co/omkYbILkEq #MAGA #TCOT\xe2\x80\xa6 https://t.co/HPUEErPwes'",CyberSpace,-0.07777777777777779,0.2694444444444445
2020-05-24 19:10:24,"b'""Saving Grace at Guantanamo Bay: A Memoir of a Citizen Warrior"" #nonfiction #militarybook by #veteran MAJ (RET) Mon\xe2\x80\xa6 https://t.co/MGtTnhcz5m'","Long Island, New York",0.0,0.0
2020-05-24 19:07:02,"b'I read this morning that people\xe2\x80\x99s iPhones are auto updating, even with that feature disabled!\n@Apple DO NOT FORCE Y\xe2\x80\xa6 https://t.co/hS49InPBEU'",DFW Texas,-0.25,0.3
2020-05-24 19:06:06,b'https://t.co/jGBCCngnqA - Fox News Radio https://t.co/pCW4lMzQJf - More Proof Biden Is Taking the Black Vote for Gr\xe2\x80\xa6 https://t.co/eXD7AvhRjd',"Albuquerque, New Mexico - USA",0.16666666666666669,0.4666666666666667
2020-05-24 19:06:05,"b'https://t.co/jGBCCngnqA - Fox News Radio https://t.co/pCW4lMzQJf - Germany\xe2\x80\x99s had more than 113,000 coronavirus case\xe2\x80\xa6 https://t.co/VZHNn4h6q3'","Albuquerque, New Mexico - USA",0.5,0.5
2020-05-24 19:01:40,"b'""If you have not chosen the Kingdom of God first, it will in the end make no difference what you have chosen instea\xe2\x80\xa6 https://t.co/lDdqExwTrT'",,0.25,0.3333333333333333
2020-05-24 18:59:05,"b'@ImpeachResist1 @AnnCoulter I like your data, but it would be nice to see the sources. I think Democrats need to ge\xe2\x80\xa6 https://t.co/B8BQsweazV'",USA,0.6,1.0
2020-05-24 18:58:55,b'Any updates on my fellow Conservative Alan West? #TCOT',Albemarle North Carolina,0.0,0.0
2020-05-24 18:58:51,"b'https://t.co/jGBCCngnqA - Fox News Radio https://t.co/pCW4lMzQJf - Minnesota Governor Tim Walz Backs Down, Allows R\xe2\x80\xa6 https://t.co/KWUJIY4EoM'","Albuquerque, New Mexico - USA",-0.15555555555555559,0.2888888888888889
2020-05-24 18:57:56,b'Chris Wallace \nJournalist protecting their ideology\nAnd they should be called out for that \nFox News is going down\xe2\x80\xa6 https://t.co/LCwajv8p8n',,0.0,0.0
2020-05-24 18:55:35,"b""Battle\nEther's\nNannies\nGullet's\nHave\nAbnegation\nZilch's\nIrregardless\n\n#benghazi #tcot""",Benghazi,0.0,0.0
2020-05-24 18:50:03,"b'Watch #ProfilesinPolitics with Congressman @GT_TeamGT: Meet Stacy Garrity (@GarrityforPA), U.S. veteran, businesswo\xe2\x80\xa6 https://t.co/47bTR1l8AR'",15th U.S. Congressional District of Pennsylvania - Friends of Glenn Thompson,0.0,0.0
2020-05-24 18:47:50,"b'Trump seems to think that the more eligible Americans he can prevent from voting, the better his chances of being r\xe2\x80\xa6 https://t.co/IZeHINROkA'",US of A,0.5,0.5
2020-05-24 18:41:00,"b'.@WSJ Editorial Board: ""For ballot security and democratic legitimacy, it\xe2\x80\x99s hard to beat going to the polls on Elec\xe2\x80\xa6 https://t.co/ien65omJl4'","Texas, USA",-0.2916666666666667,0.5416666666666666
2020-05-24 18:40:17,"b""@NikkiHaley #NikkiHaley, agreed. #JoeBiden's remark was bad. He apologized even before your post. Please use your i\xe2\x80\xa6 https://t.co/WWIjNPHtrU""",USA,-0.6999999999999998,0.6666666666666666
2020-05-24 18:39:51,"b""There's No Longer Any Question: Biden Carried Out A Cover-Up In Ukraine https://t.co/l46JECDXhe #tcot""","Freedom, USA",0.0,0.0
2020-05-24 18:39:05,"b""i guess i guess i want to wear my dogs until they're leering at it indefinitely #tcot""",,0.0,0.0
2020-05-24 18:38:13,"b""@JohnKStahlUSA I'm sorry...how old are you?  \n\nHave you seriously not YET grown out of the name-calling, school-yar\xe2\x80\xa6 https://t.co/G2nesN1XC8""","Toronto, Ontario",0.13333333333333333,0.43333333333333335
2020-05-24 18:37:03,b'Cotton Leads Republican Senators Calling For DOJ Investigation of Planned Parenthood https://t.co/6bn1Xqo52m #tcot',"Freedom, USA",0.0,0.0
2020-05-24 18:36:06,"b'Pittsburgh County Settles Lawsuit Over Dead, Duplicate Voter Registrants https://t.co/0xzyoTgWuW #tcot #VoterFraud'","Freedom, USA",-0.2,0.4
2020-05-24 18:34:56,b'Charlamagne tha God: Klobuchar V.P. Pick Would Cause \xe2\x80\x98Voter Depression\xe2\x80\x99 https://t.co/VjdsAmnCan #tcot LOL!',"Freedom, USA",1.0,0.7
2020-05-24 18:33:27,b'Hungarian Politician: Facebook Appoints \xe2\x80\x9cSoros Oversight Board\xe2\x80\x9d to Police Acceptable Online Speech in America\xe2\x80\xa6 https://t.co/RM7XyQpD1g',"Freedom, USA",0.0,0.0
2020-05-24 18:32:26,"b'Oregon Sec. Of State Blames Voters For Growing Ballot Scandal, Staffer Mocks Affected GOP Voters \xe2\x80\x93 Calls Them Drunk\xe2\x80\xa6 https://t.co/k4EVvLyuhi'","Freedom, USA",-0.1,0.6
2020-05-24 18:31:43,b'\xe2\x80\x9cWhat These Sons of Bitches Want Is Our Freedom!\xe2\x80\x9d \xe2\x80\x93 Leaked Jair Bolsonaro Speech Goes Viral and It\xe2\x80\x99s MAGNIFICENT! (\xe2\x80\xa6 https://t.co/o7y2yYjSdL',"Freedom, USA",1.0,1.0
2020-05-24 18:31:33,b'WARNING for the Weak this is so horrible &amp; disturbing but it must be shared out to the World! #tcot #AmericaFirst\xe2\x80\xa6 https://t.co/aGPSA04Ngd',Some Where USA,-0.6666666666666666,0.8083333333333332
2020-05-24 18:31:02,b'EXCLUSIVE: Mueller Crook Andrew Weissman Was Behind Documents Illegally Released to the Press Before Roger Stone Wa\xe2\x80\xa6 https://t.co/KRGEE2wk97',"Freedom, USA",-0.45,0.6
2020-05-24 18:30:05,"b'BREAKING EXCLUSIVE: Deep State FBI Asked George Papadopoulos\xe2\x80\x99s Wife, Simona Mangiante Papadopoulos, to Spy On Her H\xe2\x80\xa6 https://t.co/Gzwu28l8yf'","Freedom, USA",0.0,0.4
2020-05-24 18:29:06,b'China Dares America To Do Something Over Hong Kong Power Grab\xe2\x80\xa6 https://t.co/UKfH9AKOBy #tcot',"Freedom, USA",0.0,0.0
2020-05-24 18:27:49,b'\xe2\x80\x98That Is A False Statement\xe2\x80\x99: Liberal Law Professor Slams @CNN For Edited Clip Favoring Biden https://t.co/T8WpqHoK0i #tcot @CNN is GARBAGE!',"Freedom, USA",-0.5000000000000001,0.6
2020-05-24 18:27:09,b'So #sleepyjoe #bidenmustgo told the USA that 8% of blacks....are not real black people. https://t.co/zWa1qBfUIN Qui\xe2\x80\xa6 https://t.co/POYgmR5bn1',,0.05555555555555555,0.28888888888888886
2020-05-24 18:26:08,"b'Minnesota Governor Tim Walz Backs Down, Allows Religious Services To Resume https://t.co/3GFyeYZVtS #tcot'","Freedom, USA",-0.07777777777777779,0.2694444444444445
2020-05-24 18:26:07,b'There are 3 events this year that I want you to remember when deciding how hard you want to work/help in our effort\xe2\x80\xa6 https://t.co/oVlRgnjY4o',,-0.2916666666666667,0.5416666666666666
2020-05-24 18:25:35,"b""Beginnings\nExpressible\nNumbskull's\nGleams\nHillier\nAdulterer's\nZero\nIncome\n\n#benghazi #tcot""",Benghazi,0.0,0.0
2020-05-24 18:25:22,"b'China Will Likely Steal Coronavirus Vaccine Made By US, National Security Adviser Says https://t.co/AtL8t9fH5S #tcot'","Freedom, USA",0.0,1.0
2020-05-24 18:24:32,"b""Hey @Jayinslee, Just as arbitrary as opening by county, why not do it based on city and rural?\n\nYou'd find most cit\xe2\x80\xa6 https://t.co/howtKBreOW""",Trump's America,0.13333333333333333,0.3666666666666667
2020-05-24 18:23:41,b'Top Vaccine Scientist On Coronavirus: \xe2\x80\x98No One Can Say A Laboratory Leak Is Not A Possibility\xe2\x80\x99 https://t.co/7XPiEZn4nG #tcot',"Freedom, USA",0.5,0.5
2020-05-24 18:22:51,b'Now It\xe2\x80\x99s Trump\xe2\x80\x99s Fault? Gov. Cuomo Won\xe2\x80\x99t Accept Blame For His Nursing Home Corona Order https://t.co/RMyNT9bEma\xe2\x80\xa6 https://t.co/opSJ4vB9Xq',New York,0.0,0.0
2020-05-24 18:18:41,"b""So, Is That How the Special Counsel Office Avoided Turning Over the FBI\xe2\x80\x99s 302 Report to Michael Flynn's Lawyers?\xe2\x80\xa6 https://t.co/FPBOjS580D""","Freedom, USA",0.35714285714285715,0.5714285714285714
2020-05-24 18:18:39,b'Good for London Real n Brian Rose for not cowing down to the attack by VICE on LR n on him personally and on the ch\xe2\x80\xa6 https://t.co/fjRRWTyboN',Canada,0.26888888888888884,0.48777777777777775
2020-05-24 18:17:32,"b'Trusting a Chinese Vaccine is \xe2\x80\x98Illogical and Dangerous\xe2\x80\x99, Doctors Say https://t.co/jQGLGwir6p #tcot'","Freedom, USA",-0.3,0.45
2020-05-24 18:16:28,b'Wuhan lab admits to having three live strains of bat coronavirus on site https://t.co/OKRZcKfzGY #tcot',"Freedom, USA",0.13636363636363635,0.5
2020-05-24 18:14:10,b'Churches are essential? Did @realDonaldTrump go to church today?\n#FuckingHypocrite\n\n@realdonaldtrump #TrumpVirus\xe2\x80\xa6 https://t.co/UWdKv3T1Iw',,0.0,0.3
2020-05-24 18:14:08,"b""Amazon blisters Joe Biden in scathing response after he tells company to 'pay its fair share' https://t.co/teoDd3mhGO #tcot""","Freedom, USA",0.04999999999999999,0.95
2020-05-24 18:13:34,"b""Second stimulus check coming 'sooner rather than later,' Trump's economic advisor says https://t.co/FhRNhUqtpY #tcot""","Freedom, USA",0.06666666666666667,0.06666666666666667
2020-05-24 18:13:05,b'I Am A Victor Not A #Victim via @pensignal\n@Medium #medium #blog #essay #tcot #Conservative #BigGovSucks\xe2\x80\xa6 https://t.co/EY254v9k67',,0.037500000000000006,0.05
2020-05-24 18:11:18,b'Pope Francis Entrusts China to the Protection of Virgin Mary https://t.co/HWm7hRh2iB #tcot',"Freedom, USA",0.0,0.0
2020-05-24 18:10:29,b'\xe2\x80\xa6Now Beijing Claims \xe2\x80\x98Open\xe2\x80\x99 to Identifying Virus Source\xe2\x80\xa6 https://t.co/WLSpevf2LC #tcot',"Freedom, USA",0.0,0.5
2020-05-24 18:10:22,b'House &amp; Senate Republicans growing increasingly critical of decision to increase unemployment benefits by $600/mont\xe2\x80\xa6 https://t.co/BeuiFI2lZh',CyberSpace,0.0,0.8
2020-05-24 18:09:27,"b'WATCH: Two Men Cross Border into Arizona, Start Fires, Return to Mexico https://t.co/ox6VKB1muC #tcot'","Freedom, USA",0.0,0.0
2020-05-24 18:08:20,"b'ITALIAN GOVT RECRUITS 60,000 INFORMANTS TO SPY ON NEIGHBORS DURING LOCKDOWN https://t.co/7FqqR9onGC #tcot'","Freedom, USA",0.0,0.0
2020-05-24 18:06:57,"b""It looks like @Speakerpelosi has had a change heart about the #chinesevirus, she's deleted a video where she down p\xe2\x80\xa6 https://t.co/1feyesLb50""",,-0.15555555555555559,0.2888888888888889
2020-05-24 18:06:08,"b'https://t.co/jGBCCngnqA - Fox News Radio https://t.co/pCW4lMzQJf - Minnesota Governor Tim Walz Backs Down, Allows R\xe2\x80\xa6 https://t.co/5mZcqVQ0I1'","Albuquerque, New Mexico - USA",-0.15555555555555559,0.2888888888888889
2020-05-24 18:06:08,b'https://t.co/jGBCCngnqA - Fox News Radio https://t.co/pCW4lMzQJf - Senate Dems Introduce Resolution Condemning Use\xe2\x80\xa6 https://t.co/KXtvnoMmO4',"Albuquerque, New Mexico - USA",0.0,0.0
2020-05-24 18:05:51,"b'BORIS REVERSES, WILL PHASE OUT HUAWEI ROLE IN 5G NETWORKS https://t.co/rPOi7gNP57 #tcot'","Freedom, USA",0.0,0.0
2020-05-24 18:05:42,b'Italy: One in Three Businesses Will Not Reopen After Lockdown\n\nhttps://t.co/4yMCoZzQz8 #TCOT #GOP #MAGA #Millennials',CyberSpace,0.0,0.0
2020-05-24 18:05:26,"b'This was a great evening. Watching those smug, elitist faces show such pain and disbelief. Listening to Wolf call o\xe2\x80\xa6 https://t.co/yG6A7ih3f3'",,0.4,0.625
2020-05-24 18:05:06,b'Trump: Democrats Exploiting Virus for Cheat-by-Mail \xe2\x80\x98Scam\xe2\x80\x99 - Warns of \xe2\x80\x99Greatest Rigged Election in History\xe2\x80\x99 https://t.co/kR4ESV2ixh #tcot',"Freedom, USA",1.0,1.0
2020-05-24 18:03:59,b'.@joenbc scumborough jokes when he was a congressman about having sex with an intern then killing her. What a class\xe2\x80\xa6 https://t.co/Hjrujh3KkE',,0.0,0.0
2020-05-24 18:03:44,"b'Thief robs Pennsylvania gun shop, leaves behind homemade bomb https://t.co/fHv9zXWUZR #tcot'","Freedom, USA",-0.4,0.7
2020-05-24 18:00:40,b'Alaska resident with rifle aids police with no guns after firearms incident https://t.co/42A3VyuOpe #tcot',"Freedom, USA",0.0,0.0
2020-05-24 17:59:06,"b""'THE MASK IS OFF\xe2\x80\x99 - Former NFL player says \xe2\x80\x98America can see the real Joe Biden,\xe2\x80\x99 after ex-veep\xe2\x80\x99s \xe2\x80\x98ain\xe2\x80\x99t black\xe2\x80\x99 comm\xe2\x80\xa6 https://t.co/gdPV7cP75s""","Freedom, USA",0.011111111111111118,0.24444444444444446
2020-05-24 17:58:58,b'I Am Done Apologizing and You Should Too - #USPolitics - #Medium @pensignal\n\n#transgender #lgbtq #freespeech\xe2\x80\xa6 https://t.co/nsvO7IRyEz',,0.0,0.0
2020-05-24 17:58:08,"b'https://t.co/jGBCCngnqA - Fox News Radio https://t.co/pCW4lMzQJf - Death, Politics and the Nursing Homes -\xe2\x80\xa6 https://t.co/eZCdx7DUzF'","Albuquerque, New Mexico - USA",0.0,0.0
2020-05-24 17:58:07,b'https://t.co/jGBCCngnqA - Fox News Radio https://t.co/pCW4lMzQJf - Senate Dems Introduce Resolution Condemning Use\xe2\x80\xa6 https://t.co/SsMOIUnb5H',"Albuquerque, New Mexico - USA",0.0,0.0
2020-05-24 17:55:35,"b""Bonnet\nEarthward\nNonexempt's\nGlanced\nHumerus\nAmebic\nZestful\nInterne\n\n#benghazi #tcot""",Benghazi,0.0,0.0
2020-05-24 17:48:28,b'There\xe2\x80\x99s No Longer Any Question: Biden Carried Out A Criminal Cover-Up In Ukraine: https://t.co/dYcK4sOsrz #tcot',USA,-0.4,0.55
2020-05-24 17:46:17,"b'All liberals including Obama,Pelosi,Schiff, Clinton\xe2\x80\x99s and of those haters can stay locked up forever in their homes\xe2\x80\xa6 https://t.co/efVyOetk8C'",USA,0.0,0.0
2020-05-24 17:45:00,"b""Charlamagne Tha God:  Biden apology 'cool,' but what about reparations?\n\n#tcot @cthagod @JoeBiden #JoeBiden\xe2\x80\xa6 https://t.co/Y3QdkfBSPg""","Oak Island, NC",0.35,0.65
2020-05-24 17:43:30,b'It\xe2\x80\x99s just fine if all liberals stay home locked up forever. We have no problem with you never going anywhere. Just\xe2\x80\xa6 https://t.co/qFEjMydXBN',USA,0.4166666666666667,0.5
2020-05-24 17:41:23,"b'Objectivism - Master degree in Prague, Czech republic via /r/Objectivism https://t.co/9dwmtVWwsb #objectivism #aynrand #tcot #tlot'",Reddit,0.0,0.0
2020-05-24 17:41:21,b'Trump got that Bill Gates a good one. Trump opens up churches while Bill Gates hides in his bunker screaming keep e\xe2\x80\xa6 https://t.co/ydnfJPMWVj',USA,0.7,0.6000000000000001
2020-05-24 17:33:49,"b'The headline induces panic &amp; misinformation, the story makes this not a big deal. However, I will say: if you are s\xe2\x80\xa6 https://t.co/c3mG7GIxfz'",USA,0.0,0.1
2020-05-24 17:32:25,"b""@KwokKwun1 @fordnation @JohnTory @heidi_shiu You're welcome and we DO #StandWithHongKong against their repressors #China #cdnpoli #tcot""",Canada,0.8,0.9
