2020-07-04 20:30:45,b'Is the Quran Sufficient? Common questions with answers. Download this spreadsheet and open in Excel\xe2\x80\xa6 https://t.co/0QsQCfVRcv',,-0.15,0.5
2020-07-04 20:07:38,b'#Muslims\n#Hadith\n\nProphte Muhammd (s.a):The most complete persons in faith are those who have the best manners and\xe2\x80\xa6 https://t.co/s6xDdEJOoC',,0.5333333333333333,0.39999999999999997
2020-07-04 18:59:42,"b'An ex-Muslim talks about male circumcision.\n\nHe says: ""As circumcised man myself I can say that thanks to circumcis\xe2\x80\xa6 https://t.co/ccMRThrR9X'","Bromley, Kent",0.1,0.15000000000000002
2020-07-04 18:58:26,"b'The Prophet \xef\xb7\xba  said:\n\n\xe2\x80\x9cWhoever has one hair that turns grey for the sake of Allah, it will be light for him on the\xe2\x80\xa6 https://t.co/jMtMfnCrUe'",,0.17500000000000002,0.39999999999999997
2020-07-04 18:19:28,"b'""Do not get angry, do not get angry, do not get angry."" \n(#Hadith)'",,-0.5,1.0
2020-07-04 17:51:18,"b'\xf0\x9f\x92\x8e O Ahmad! For me No worship is dearer than silence and fast; so he who is on a fast, but doesn`t take care his ton\xe2\x80\xa6 https://t.co/ctxZoapU6T'",,0.2,0.6
2020-07-04 17:26:04,b'It was narrated from Abu Hurairah (RA) that the Messenger of Allah (peace be upon him) said: \xe2\x80\x9cWhoever covers (the s\xe2\x80\xa6 https://t.co/9N4q73vYM7',"Shupiyan, Jammu And Kashmir",0.0,0.0
2020-07-04 17:05:12,"b""Just bought this book by al-Munawi's (and his son).\n\nhttps://t.co/ewPoStbexK\n\n#Ibn_Hajar #al-Munawi #hadith https://t.co/VEdtp8Oh7y""","Amman, Jordan",0.0,0.0
2020-07-04 17:03:27,b'What is the Definition of Ilm? | #TQtalks #Islam #Hadith |  https://t.co/0U1vsEKKNV',,0.0,0.0
2020-07-04 16:31:26,b'Let us invite the world towards the Divine Philosophy\n\nDo #Follow Us on these Social Media Platforms:\n\xf0\x9f\x93\x8c\xe2\x80\xa6 https://t.co/AnqfppFxEQ',,0.03333333333333333,0.06666666666666667
2020-07-04 15:55:02,b'Allah will not be merciful to those who are not merciful to mankind. \n\n#Hadith',Earth,0.0,0.0
2020-07-04 15:00:30,b'The Servants of #BukhariSharif  \xf0\x9f\x92\x93\nDarul Uloom Deoband #India \nMaShaAllah so sweet \xf0\x9f\x92\x93\xf0\x9f\x92\x93\n#IslamForAll #quranforall\xe2\x80\xa6 https://t.co/pH8ovWDqtK',,0.35,0.65
2020-07-04 14:44:17,b'(1/2) \n\xf0\x9f\x92\xa0 Avoid to Harm Other Muslims \xf0\x9f\x92\xa0\n\nThe Prophet (\xef\xb7\xba) said:\n\xe2\x9d\x9dA Muslim is the one who avoids harming Muslims with\xe2\x80\xa6 https://t.co/yITHv5O81l',"Tangerang, Indonesia",-0.125,0.375
2020-07-04 14:25:59,"b""Quiz time: In 4:59, what does 'obey those in authority among you' mean? Does it mean, obey scholars/imams/mullahs?\xe2\x80\xa6 https://t.co/Wk6EKEwFkb""",,-0.3125,0.6875
2020-07-04 14:02:58,b'Complete with an authentication mechanism\n\nStill amazed by early Sunni scholars systems thinking. Transmission of M\xe2\x80\xa6 https://t.co/Q0I9uMXBW8',Canada,0.1,0.35
2020-07-04 14:02:18,b'+Like +Comment +Share\n#Islam #Muslim #Quran #Muhammad #Hadith https://t.co/9KCakkwt8s',,0.0,0.0
2020-07-04 13:59:28,"b'The Prophet (S) said, \xe2\x80\x98The seeker of knowledge is the seeker of mercy; the seeker of knowledge is the pillar of Isl\xe2\x80\xa6 https://t.co/HJHzfTgg3J'","Qum, Iran",0.0,0.0
2020-07-04 13:07:54,b'\xd9\x84\xd8\xa7 \xd8\xaa\xd8\xba\xd8\xb6\xd8\xa8\n70% OFF-Best Arabic Online #Calligraphy Course: https://t.co/4MeSKZNZli\nCalligrapher: Ustad Abdul Qader\xe2\x80\xa6 https://t.co/C2pvAbAMk4',,0.0,0.0
2020-07-04 12:26:55,b'HADITH OF TH DAY... \nPLEASE READ THIS... \xf0\x9f\x91\x87\n\n#hadith #islam #muslim #allah #muslimah #hijab #quran #sunnah\xe2\x80\xa6 https://t.co/XTWB6RoCTt',"England, United Kingdom",0.0,0.0
2020-07-04 12:18:35,"b'""When a #Muslim plants a tree, whatever is eaten from it is #charity from him and whatever is stolen is charity and\xe2\x80\xa6 https://t.co/WrqRSxt7j3'",,0.0,0.0
2020-07-04 11:03:13,b'+Like +Comment +Share\n#Islam #Muslim #Quran #Muhammad #Hadith https://t.co/RTrEaQGKCD',,0.0,0.0
2020-07-04 09:34:12,b'Golden Words\n#Hadith #Goldenwords #updatesonislam #Tumblr #Linkedin #Googleplus #Facebook #Pinterest #Twitter\xe2\x80\xa6 https://t.co/JSa0n1F14f',"Bengaluru, India",0.3,0.5
2020-07-04 09:33:58,b'Hadith of the Day !!\n#Hadith #Goldenwords #updatesonislam #Tumblr #Linkedin #Googleplus #Facebook #Pinterest\xe2\x80\xa6 https://t.co/exdzHPmaxq',"Bengaluru, India",0.0,0.0
2020-07-04 09:27:37,"b'""Whoever recites Ayatul Kursi immediately\xc2\xa0after\xc2\xa0each prescribed prayer, there will be nothing standing between him\xe2\x80\xa6 https://t.co/7oQTHBFToq'",Not Mars,0.0,0.0
2020-07-04 07:55:04,b'#Hadith \nNo Muslim Supplicates with this Dua\xe2\x80\x99 except Allah Responds to him\n\nFull blog post with Arabic text:\xe2\x80\xa6 https://t.co/gge7HI4LgN',,0.35,0.55
2020-07-04 06:01:26,b'+Like +Comment +Share\n#Islam #Muslim #Quran #Muhammad #Hadith https://t.co/jsxge7DpI6',,0.0,0.0
2020-07-04 04:05:21,"b'A hadith says: ""Take benifit from 5 before the opposite 5, from free time before become busy, from wealth before be\xe2\x80\xa6 https://t.co/CfSLLgY8ZE'",,0.16666666666666666,0.3666666666666667
2020-07-04 04:04:07,b'Follow @QadamiaTariqa\n#QadamiaTariqa #ShaykhAlauddinKhan #IslamicQuotes #Rasulullah\xef\xb7\xba #Madinah #Makkah #Kaba\xe2\x80\xa6 https://t.co/2mDHGqFkZM',Bangladesh,0.0,0.0
2020-07-04 03:59:11,b'(25) #Hadith of the day: https://t.co/QCxcO2DeT5',"Surankot, Jammu&Kashmir‚òÉÔ∏é",0.0,0.0
2020-07-04 03:21:35,b'\xe2\x80\x9cWhoever is kind to the creatures of Almighty Allah is kind to himself.\xe2\x80\x9d #Hadith https://t.co/inZs7vdv3V',"Beerwah, Jammu And Kashmir",0.6,0.9
2020-07-04 01:38:07,"b'Did you know that Prophet Muhammad(pbbuh) said:""A servant does not have faith until he believes in divine providenc\xe2\x80\xa6 https://t.co/7KNXtulWXf'",,0.0,0.0
2020-07-04 00:00:08,"b'""And who is more unjust than one who invents about Allah a lie or denies His verses? Indeed, the wrongdoers will no\xe2\x80\xa6 https://t.co/G7cUJSYCMi'","Online, USA, Egypt",0.5,0.5
2020-07-04 21:12:47,b'A Turkish soldier being seen while swinging his little friend in Syria.\xf0\x9f\x90\x95 #Syria #TurkishArmy https://t.co/C9iSm1UWka',,-0.1875,0.5
2020-07-04 21:12:41,b'The comments of foreign fighters fighting the Turks about the Turks.  https://t.co/TS3g05o7fo #Libya #Syria #Ottoman',,-0.125,0.125
2020-07-04 21:07:55,"b""@im_PULSE @Reuters Well, as #Voltaire stated: 'Lisbon is destroyed, and they dance in Paris!'\nVoltaire : Poem on th\xe2\x80\xa6 https://t.co/6N8WmJvBKJ""",SYDNEY               Born 1959,0.0,0.0
2020-07-04 21:06:02,"b'I was investigating #Uyghur issue in #China, #Syria, #Turkey, #Afghanistan, #Indonesia and I arrived at conclusion\xe2\x80\xa6 https://t.co/KO31SDyvcF'",,0.0,0.0
2020-07-04 21:03:18,"b'^ +\nI can\'t confirm or deny Al-Hadath claims, but It\'s not ""IMPOSSIBLE"" for #Iran to do such thing as it has numero\xe2\x80\xa6 https://t.co/v8mgvchlJ3'",KolMakom ,0.16666666666666666,0.75
2020-07-04 21:01:46,b'Regime forces burning the trees in the southern countryside of Idlib as punish for it owners who stands in the rank\xe2\x80\xa6 https://t.co/E3TTimqUDZ',Syria,0.0,0.0
2020-07-04 21:01:28,b'UNITED STATES GOVERNMENT DILIBERATELY DESTROYING FOOD #SYRIA #FOODSHORTAGES UNITED STATES DESTROYING BURNING SYRIA\xe2\x80\xa6 https://t.co/lqfXoh0B74',,-0.2,0.0
2020-07-04 21:01:00,"b'04.07.2003. S\xc3\xbcleymaniye.\nThat day, if the Turkish soldiers were not ordered to ""fire"", all the Americans there were\xe2\x80\xa6 https://t.co/sKOrQIZWde'",,0.0,0.0
2020-07-04 20:59:36,b'A Turkish soldier being seen while swinging his little friend in Syria.\xf0\x9f\x90\x95 #Syria #TurkishArmy https://t.co/oUrxba0YfW',,-0.1875,0.5
2020-07-04 20:57:31,b'UNITED STATES GOVERNMENT DILIBERATELY DESTROYING FOOD #SYRIA #FOODSHORTAGES #FAMINE The US policy of crop burning i\xe2\x80\xa6 https://t.co/pWtIpjQqJW',,-0.2,0.0
2020-07-04 20:54:55,b'Qatar Charity partners with #UNOCHA on providing urgent WASH services for makeshift camps &amp; health facilities in\xe2\x80\xa6 https://t.co/s2Dnfk4t0b',Qatar,0.0,0.0
2020-07-04 20:53:04,b'7/\nAl-Hadath:\n#Iran|ian oil might reach #Lebanon through causeway from #Iraq and #Syria https://t.co/BjIQg4qmzt',KolMakom ,0.0,0.0
2020-07-04 20:52:56,b'#MIDDLEEAST #SYRIA #TURKEY #WARCRIME #BEASTSYSTEM #FORCEDVACCINES  #CoronaVirusHOAX #MEDICALMAFIA\xe2\x80\xa6 https://t.co/o7hdTL99uq',,0.0,0.0
2020-07-04 20:47:45,b'Human rights groups decry Turkish \xe2\x80\x98war crimes\xe2\x80\x99 in NE #Syria \nhttps://t.co/mjHsSZpYaB',,0.0,0.1
2020-07-04 20:46:15,b'Please #RememberSyria \nIt\xe2\x80\x99s rarely in the news now but there are desperate people struggling for their lives. \xf0\x9f\x92\x94\xe2\x80\xa6 https://t.co/8inJn4lhCk',"San Francisco, CA",-0.15,0.95
2020-07-04 20:45:16,b'@realDonaldTrump Is this what you want oh great &amp; powerful leader???  \xf0\x9f\x98\xb3\n#NorthKorea #Russia #China #Syria #Libya\xe2\x80\xa6 https://t.co/jpwTbrIfG1',,0.55,0.875
2020-07-04 20:44:59,b'sitting in our armchairs passing apathetic judgement https://t.co/bnlBOBFEyh #freemusic #war #peace #Yemen #syria\xe2\x80\xa6 https://t.co/s2f2thkQ07',United Kingdom,0.0,0.0
2020-07-04 20:42:50,b'This is #lunch for seven #Assad #Army #Soldiers . \n\n#Syria #SyrianArmy https://t.co/O1hFDADpbZ',"Damascus, Syria.",0.0,0.0
2020-07-04 20:42:40,b'In-depth article on #Alhol coming up next week @MEI_CTE. Now watch the video (filmed by women in the camp themselve\xe2\x80\xa6 https://t.co/ISjHwAxcKw',"Cambridge, MA",0.0,0.0
2020-07-04 20:42:05,"b'The 4th EU-UN conference on Syria funds Al Qaeda in Idlib\n\nSteven Sahiounie, journalist and political commentator\xe2\x80\xa6 https://t.co/omQdHKi8rN'", Beirut,0.0,0.1
2020-07-04 20:41:30,"b'So is @NATO under @jensstoltenberg actively supporting #Turkey, a country with clear ties to: #ISIS #Hezbollah and\xe2\x80\xa6 https://t.co/7VzVt1yo4z'","ŒëœÑœÑŒπŒ∫ŒÆ, ŒïŒªŒªŒ¨œÇ",0.17500000000000002,0.31666666666666665
2020-07-04 20:37:47,b'#Iran is determined to send traveler and pilgrims to #Syria: \nHaj &amp; Pilgrimage Org. says wants to sign a health pro\xe2\x80\xa6 https://t.co/0XVLd3AcF8',Tehran.Iran,0.2,0.1
2020-07-04 20:36:37,"b'Harsh conditions facing displaced Syrians in Idleb , in conjunction with  rising temperatures ,Many of people there\xe2\x80\xa6 https://t.co/qy9VlMIPAB'","Idlib , Marrat Alnouman .",0.15,0.6
2020-07-04 20:35:33,"b'Report of an attack on a US base in Al-Hasakh, #Syria appears to be false at this time.'",Pennsylvania,-0.6000000000000001,0.8
2020-07-04 20:31:13,"b""The captagon was made in a #Latakia factory owned by Assad's uncle. It was sent to a new gov linked #Aleppo paper f\xe2\x80\xa6 https://t.co/y4y9fEnS0V""","Boston, MA",0.13636363636363635,0.45454545454545453
2020-07-04 20:31:00,b'UN aid to #Syria\xe2\x80\x99s rebel-held northwest will come to a halt this month if #Russia does not agree to a deal in the S\xe2\x80\xa6 https://t.co/ULFsgnFRme',"Riyadh, Saudi Arabia",0.0,0.0
2020-07-04 20:29:33,b'Truly breaks my heart that a father should even be in a situation to make games from falling the bombs. For his 3 y\xe2\x80\xa6 https://t.co/7xd0qpCWrd',Canada,0.0,0.0
2020-07-04 20:29:20,b'Sweet dreams #Syria\xf0\x9f\x92\x95\xf0\x9f\x92\x95\xf0\x9f\x92\x95\xf0\x9f\x87\xb8\xf0\x9f\x87\xbe\xf0\x9f\x87\xb8\xf0\x9f\x87\xbe\xf0\x9f\x87\xb8\xf0\x9f\x87\xbe https://t.co/FPTbw2clhq',Syria,0.35,0.65
2020-07-04 20:28:49,"b'Over 80 killed in fierce clashes between govt. troops, #Daesh remnants in #Syria\xe2\x80\x99s Homs: Monitor\n\nhttps://t.co/OeR5HcqG1a'","Tehran, Iran",-0.2,0.0
2020-07-04 20:28:08,"b'Regarding on the Italian police statement which cleared that $1.4 billion drugs belongs to ISIS came from #Syria, l\xe2\x80\xa6 https://t.co/OdsE90okOT'",Aleppo,0.0,0.0
2020-07-04 20:26:55,"b'#Syria \nRussian backed Forces have taken control over Al-Ward Oilfield from Iranian Forces,with deep tensions betwe\xe2\x80\xa6 https://t.co/pRqC46Q8Nt'",England but heart is in Turkey,0.0,0.2
2020-07-04 20:26:19,b'Pro-#IRGC Fars news claims that a bomb has exploded near an American base in Al-Shadadi [Hasakah] #Syria \n\n1/2 https://t.co/KusHgtUCyF',KolMakom ,-0.23333333333333336,0.4666666666666666
2020-07-04 20:22:16,"b'We pray for peace in our hearts, homes and world: #Palestine #Israel #Ukraine #Syria #Lebanon #Iraq #Libya\xe2\x80\xa6 https://t.co/3Rx1NKHdUN'",,0.0,0.0
2020-07-04 20:20:04,"b""\xce\x97ere on the inside I see\nAphaeans underneath. Aphaean, how fast\nyou breathe your pranic plea: \xe2\x80\x98Remember me.\xe2\x80\x99 \n\n'Aph\xe2\x80\xa6 https://t.co/VO11J1Tk6I""",sea,0.2,0.6
2020-07-04 20:15:50,"b""The new factor on the table now is the #LebaneseRevolution \xf0\x9f\x87\xb1\xf0\x9f\x87\xa7 which didn't achieve a lot (yet) given non unified or\xe2\x80\xa6 https://t.co/mEvgAisZ7S""",Beirut,0.13636363636363635,0.45454545454545453
2020-07-04 20:08:07,"b""Everything you've heard from western #msm about #Syria is a lie - #EvaBartlett https://t.co/G1GQMgSJmy""",Out of Darkness Cometh Light..,0.0,0.0
2020-07-04 20:05:50,b'@JettGoldsmith @SoccerMouaz @Reuters Western #colonialists tend to be outraged when #Syria|ns engage in ordinary en\xe2\x80\xa6 https://t.co/LpOCu960lQ',,-0.3833333333333333,0.5
2020-07-04 20:00:36,"b""When should we expect the 2nd round of #caesaract sanctions? We've been promised a #summer of #caesar but 2 weeks l\xe2\x80\xa6 https://t.co/vXjl1gWGsi""","Damascus, Syria.",-0.1,0.2
2020-07-04 19:57:08,b'#NHS72 #NHSBirthday \nRaising a glass to a dear colleague who was so very kind to everyone he knew.\nRIP Fayez Ayache\xe2\x80\xa6 https://t.co/j9qBudXiVI',Suffolk,0.78,1.0
2020-07-04 19:56:32,b'Beautiful Idlib #Syria https://t.co/3T1ljDtmES',,0.85,1.0
2020-07-04 19:55:32,b'The dance of death \xf0\x9f\x92\x80 #Syria https://t.co/1cD3npV06Y',Arabian Gulf,0.0,0.0
2020-07-04 19:52:44,b'Detentions and Disappearances: #Assad Regime\xe2\x80\x99s False \xe2\x80\x9cReconciliation\xe2\x80\x9d in #Syria\nhttps://t.co/2EViN1hb9Q',"DC , LA, Dubai ",-0.4000000000000001,0.6
2020-07-04 19:52:15,b'Detentions and Disappearances: #Assad Regime\xe2\x80\x99s False \xe2\x80\x9cReconciliation\xe2\x80\x9d in #Syria\nhttps://t.co/ZhFV0NLspr',Syria,-0.4000000000000001,0.6
2020-07-04 19:51:44,"b'Lots of atrocities:#Stalin\xe2\x80\x99s Gulag, British&amp;American Slavery system, vast Arab violations of human rights(#Saudi\xe2\x80\xa6 https://t.co/lS53zXvPS8'","London, England",0.0,0.55
2020-07-04 19:46:29,b'#Syria Fierce clashes continue in #TalAbyad between #Turkish-backed terrorists\nAl-Jabha Al-Shamiyyah managed to cap\xe2\x80\xa6 https://t.co/CaQl6izPqN',Syria,0.0,0.0
2020-07-04 19:44:28,b'#Syria : Regime forces burn agricultural fields. https://t.co/0A2UwUAxRX',Earth,0.0,0.0
2020-07-04 19:33:19,b'Happy #Independenceday2020! \xf0\x9f\x87\xba\xf0\x9f\x87\xb8\n\nThank you to @USAIDSavesLives &amp; the #American people for your generous support of\xe2\x80\xa6 https://t.co/T6yhCwhFGB',Syria,0.5,0.5
2020-07-04 19:32:00,"b'Detentions and Disappearances: #Assad Regime\'s False ""Reconciliation"" in #Syria \n\nhttps://t.co/8h7IliEHZ6\n\n(h/t\xe2\x80\xa6 https://t.co/w6k3u6I4s7'",University of Birmingham,-0.4000000000000001,0.6
2020-07-04 19:27:34,"b'New podcast by Radio EastMed\'s Editor-in-Chief @Ertan_Karpazli\n""#Iran not going down easily in #Syria and #Lebanon""\xe2\x80\xa6 https://t.co/NHdcBK31rk'","London, England",0.13804713804713806,0.5255892255892256
2020-07-04 19:26:53,"b'Yes @Reuters, because this is the news we should be focused on from #Syria... \xf0\x9f\xa4\xa6\xf0\x9f\x8f\xbb\xe2\x80\x8d\xe2\x99\x80\xef\xb8\x8f https://t.co/LI3MVzLIoV'",Rutland and Melton,0.0,0.0
2020-07-04 19:24:30,b'@realDonaldTrump #PutinsPuppet \n\n#Ukraine Impotus\n#Venezuela let Putin roll over US\n#Afghans #Traitor\n#Helsinki put\xe2\x80\xa6 https://t.co/0Ht9kOjPZj',,0.0,0.0
2020-07-04 19:19:58,b'@TuckerCarlson Is this #CFR throwing a bone to beleaguered/feckless #KevinMcCarthy for his IGNORING rioting/looting\xe2\x80\xa6 https://t.co/gA3MkGPfWz',"South Florida, U.S.A. üå¥üèñÔ∏èüåä",0.0,0.0
2020-07-04 19:17:59,"b'#Syria never stops in the fight against #ISIS on behalf of humanity\n\nThe US never stops defiling humanity, now seek\xe2\x80\xa6 https://t.co/ZbcvksA4wI'",,0.0,0.0
2020-07-04 19:15:59,"b'@DonutOperator Hey @DonutOperator, can you do a video on the actual #anarchist policing in ""#Rojava,"" in #Syria? https://t.co/o8ROkJUjgn'",,0.0,0.1
2020-07-04 19:15:41,"b'@DonutOperator Hey @DonutOperator, can you do a video on the actual #anarchist policing in ""#Rojava,"" in #Syria? https://t.co/o8ROkJUjgn'",,0.0,0.1
2020-07-04 19:13:01,b'How often do you see US media admit under Article 41 of UN Charter unilaterally imposed #sanctions by one nation ag\xe2\x80\xa6 https://t.co/U29fdRHFJ8',,-0.5,0.7
2020-07-04 19:11:24,b'@ChristineTatum Thanks to all those with the human soul and thirst for freedom and democracy for all. Especially th\xe2\x80\xa6 https://t.co/t7X0QF8jiF',Europe,0.06666666666666667,0.43333333333333335
2020-07-04 19:09:10,b'Senior British academics share daft coronavirus conspiracy theories &amp; also involved in white washing #Assad crimes\xe2\x80\xa6 https://t.co/Eu3RSUtLDw',,0.0,0.0
2020-07-04 19:05:42,b'In memory of #Hezbollah martyr commander Hamzah Haydar who martyred on 29th of june in 2013 while leading the battl\xe2\x80\xa6 https://t.co/aIWX9jjBLa',Beirut & Southern Lebanon üá±üáß,0.0,0.0
2020-07-04 19:05:05,"b""Happy 4th of July ! Let's make America better.\n#China #Iran #Syria #Venezuela #Cuba #Russia https://t.co/zogxOFRN1T""","Paris, France",0.75,0.75
2020-07-04 19:04:54,b'Hamza Ghandour from #IofC #Lebanon team will be leading Quite Time on 10 July at #creativeLeadership. Sidra Raslan\xe2\x80\xa6 https://t.co/R5QsUqup9j',"Beirut, Lebanon",0.0,0.0
2020-07-04 18:57:26,b'Where you are pray to Allah \xd8\xb9\xd8\xb2 \xd9\x88 \xd8\xac\xd9\x84 to give you death due to the difficulties in your life remember there are peopl\xe2\x80\xa6 https://t.co/5BozwCq9wI',,-0.125,0.375
2020-07-04 18:51:48,"b'#QatarCharity, #OCHA to provide #water and #sanitation services in northern #Syria\n#UnitedNations #Hygiene\xe2\x80\xa6 https://t.co/Rn5FnAR2Gb'",Al Hilal - C Ring Road,0.0,0.0
2020-07-04 18:50:51,"b'Check this message, Typical #Indian Hindu Extremists #RSS #BJP #VHP mentality towards Muslims but specially for Ara\xe2\x80\xa6 https://t.co/wFqOTNMvPy'",Multan,0.09523809523809525,0.5357142857142857
2020-07-04 18:50:21,b'@mohsinmalvi19 @saranoo14119598 @AmberJehangir @ilyashussain67 @FarzanaRasab_ @SheebaAli15 @asmarajkhk\xe2\x80\xa6 https://t.co/GsBfpgXUFT',"Happy Valley No. 10, Saskatchewan",0.0,0.0
2020-07-04 18:50:06,b'#Putin is replicating his success in #Syria in a new theater of #conflict\xe2\x80\x94and part of his plan is to hurt\xe2\x80\xa6 https://t.co/v9pBkv9UQQ',Islamic Republic of Pakistanüáµüá∞,0.21818181818181817,0.22727272727272727
2020-07-04 18:45:06,"b'Syria Insight - ""Suweida has enjoyed a great degree of autonomy from regime rule during the #war, but the dire econ\xe2\x80\xa6 https://t.co/HXeZYACfx4'",Jammu And Kashmir,0.65,0.725
2020-07-04 18:44:25,"b""I have nothing against dancing, but seriously @Reuters surely could've picked a less tone-deaf topic.While families\xe2\x80\xa6 https://t.co/zYV0kwzRJb""",,9.25185853854297e-18,0.5407407407407406
2020-07-04 18:44:05,b'Concrete housing units instead of makeshift tents in Bahorta village of northern Aleppo countryside\n\n#EnabBaladi\xe2\x80\xa6 https://t.co/OhHIdEXZLe',Darayya,0.15000000000000002,0.30000000000000004
2020-07-04 18:43:22,b'Arshin\xe2\x80\xa6 northern Idlib countryside\xe2\x80\x99s forgotten village\n\n#EnabBaladi #Syria https://t.co/fM21OvMevQ',Darayya,0.0,0.0
2020-07-04 18:33:18,b'This is a crime against humanity! Please stop #Turkey doing this #EU #Syria https://t.co/czUIqtZ3aJ',"Amsterdam, Nederland",0.0,0.0
2020-07-04 18:33:13,b'May Allah protect and bless the entire ummah. #Ummah #Palestine #Kashmir #Afghanistan #Syria #Africa #Yemen #Uighur\xe2\x80\xa6 https://t.co/XJwe4CaWsI',"New York, USA",0.0,0.625
2020-07-04 18:29:54,b'The perseverance of #Damascus elites determined to dance salsa in a pandemic as the country continues to burn and f\xe2\x80\xa6 https://t.co/UK0HUFUWhb',"Amman, Jordan......ish",0.0,0.0
2020-07-04 18:19:34,"b'@Eagle_Mft @Reuters Erdogan has no Muslim view, he want to invade Arabic countries and bring back his dirty dream o\xe2\x80\xa6 https://t.co/g8ZBjlkvje'",Benghazi,-0.3,0.4
2020-07-04 18:18:44,b'@TheSlyStallone Get your soldiers OUT of my country #Syria !!\xe2\x9d\x8c\xe2\x9d\x8c\xe2\x9a\xa0\xef\xb8\x8f\xe2\x9a\xa0\xef\xb8\x8f\xf0\x9f\x87\xb8\xf0\x9f\x87\xbe\xf0\x9f\x87\xb8\xf0\x9f\x87\xbe',"The Capital, Kuwait",0.0,0.0
2020-07-04 18:16:37,b'UNRWA Commissioner-General Philippe Lazzarini called on the international community to acknowledge the plight of Pa\xe2\x80\xa6 https://t.co/BcElXnmuSq',,0.0,0.0
2020-07-04 18:16:00,"b""Khan As'ad Pasha, Old #Damascus.\n\n#Syria https://t.co/CJ9ZPhPLkq""",,0.1,0.2
2020-07-04 18:14:35,b'@NTenzer @Reuters #Syria @antonioguterres @GermanyUN @HeikoMaas #Reuters should know better. It would seem that its\xe2\x80\xa6 https://t.co/xkYdjlTALX',"Toronto, Canada",0.5,0.5
2020-07-04 18:11:00,"b""As-Suwayda Agriculture Department estimated the govenorate's olive harvest for the current season at about 9.850 to\xe2\x80\xa6 https://t.co/o4IEB6zdKu""",Syria,0.0,0.4
2020-07-04 18:09:50,b'Russia holds key to UN #Syria aid operation: https://t.co/D3spXZVHCK (@newhumanitarian)',,0.0,1.0
2020-07-04 18:08:28,"b'Another Road for #Syria n Poetry\nThroughout the twentieth century, poetry dominated Syria\xe2\x80\x99s cultural and intellectu\xe2\x80\xa6 https://t.co/iZaP5eovqA'",,0.1,0.1
2020-07-04 18:01:59,"b""Highlight of the day \nTo flee the heat wave an IDP turned his truck to a pool for the camp's children.\n#Idlib\xe2\x80\xa6 https://t.co/wDchKj7W8N""",,0.0,0.0
2020-07-04 17:59:25,"b'#Syria and #Libya, which is exactly what he did. He honored no God except himself. Degraded the USA, started the\xe2\x80\xa6 https://t.co/tcoA7Jz6p0'",South Carolina,0.25,0.25
2020-07-04 17:59:00,b'This is Atmeh camp in Idlib - the biggest displacement camp in #Syria. Altogether there are 2.7 million displaced p\xe2\x80\xa6 https://t.co/nRDP5m7rAh',,0.0,0.0
2020-07-04 17:55:55,b'The #Euphrates River in #Syria turns into a swimming pool and algae after cutting water from #Turkey https://t.co/afckoRy9Aj',North_Eastern Syria,-0.6,0.9
2020-07-04 17:54:18,b'Please take a minute to help ensure aid to #Syria #SyrianLivesMatter #Russia https://t.co/Ik9tu4xZx9',"Vancouver, BC",0.0,0.0
2020-07-04 17:53:21,"b'@1962Wren @kthoughtworker This is really unfortunate. The more I read, the more I\xe2\x80\x99m disappointed with the work of #UN #NGO|s in #Syria.'","Los Angeles, CA",-0.0625,0.6875
2020-07-04 17:52:32,"b'#NEWS: On Saturday, the Health Ministry of the Syrian government announced 10 new COVID-19 cases, raising tally of\xe2\x80\xa6 https://t.co/0fdKwUZ4eg'",,0.13636363636363635,0.45454545454545453
2020-07-04 17:51:06,b'E. #Syria: fishermen tonight on #Euphrates. River there is the natural border btwn #IRGC-held #AbuKemal &amp; #SDF-held\xe2\x80\xa6 https://t.co/ea6Rt8JG24',,0.1,0.4
2020-07-04 17:50:43,"b'The #Turkish ACV-15 armored personnel carrier is ""unknown"" as it fell into the hands of pro-Turkish militants in\xe2\x80\xa6 https://t.co/ITxMHkWeM0'",Moscow,-0.1,0.6
2020-07-04 17:47:24,b'\xe2\x82\xac1bn drugs haul \xe2\x80\x98linked to the corrupt Syrian regime\n#Syria #Assad\nhttps://t.co/YWaTbKoXwd',Birmingham,-0.5,1.0
2020-07-04 17:46:04,"b'#SpreadTheWord \n#Syria \n#Asad #Regim \n#Israel did help 250,000 #Syrian civilians as part of operation #GoodNeighbor\xe2\x80\xa6 https://t.co/zeTZJiLDqr'",,0.0,0.0
2020-07-04 17:43:39,b'More #fratricide among Madman #Erdogan #terrorists in #Syria. \n\nCivilians killed &amp; wounded.\n\n#NATO at work. https://t.co/e22Av0P5pU',,0.15,0.25
2020-07-04 17:42:36,b'Few facts about #Kurds &amp; #Kurdistan people. A Thread\n\nPlease retweet it.\n\n#Turkey #Iran #Iraq #Syria #\xd9\x83\xd9\x88\xd8\xb1\xd8\xaf\xe2\x80\xa6 https://t.co/dBa14H9eva',,-0.2,0.1
2020-07-04 17:35:00,"b'Today, the Ministry of Social Affairs and Labor opened the rural development center in Tel Kalah, #Homs countryside\xe2\x80\xa6 https://t.co/YM9QUspqcs'",Syria,-0.022222222222222227,0.05555555555555556
2020-07-04 17:29:05,"b'Mustafa al-Fouani, head of the executive committee of the Amal movement, reaffirmed that communication and cooperat\xe2\x80\xa6 https://t.co/yuM3gBgVIM'",,0.0,0.0
2020-07-04 17:28:57,"b""#France: Tyler Vilus, 30, has been given 30 years in prison for his role in #IS's crimes in #Syria from 2013-15. Vi\xe2\x80\xa6 https://t.co/xzBBxTcs4M""","London and Wirral, Britain",0.0,0.0
2020-07-04 17:27:06,b'Night view #Madinah #islam #makkah #medina #lastprophet #saudiarabia #salawat #ksa #saudi #allah #love #hijab\xe2\x80\xa6 https://t.co/JZGL3zu4Y5',"Mumbai, India",0.5,0.6
2020-07-04 17:25:03,b'Advance on Sheikh Aquil Mountain Area - 2020 (Syrian Civil War)\n\nhttps://t.co/hK0fysXlQf\n\nSyrian Arab Army advance\xe2\x80\xa6 https://t.co/L58DSDSY5L',"Amsterdam, The Netherlands",0.0,0.0
2020-07-04 17:24:59,b'#Syria: drugs were shipped from #Latakia port &amp; came from an #Aleppo factory equipped with large-scale industrial m\xe2\x80\xa6 https://t.co/8VvhN3mh3T',,0.0,0.0
2020-07-04 17:21:08,"b'We wished we were dead a thousand times a day. I stayed with 40 women in a small room. It was boiling hot, we could\xe2\x80\xa6 https://t.co/MlsORBNtw7'",Italia,-0.06666666666666667,0.55
2020-07-04 17:20:36,b'#Turkish politics apparently need to keep the crisis wheel spinning for many internal and external reasons: from\xe2\x80\xa6 https://t.co/zTUd30Dk5p',,0.1375,0.2375
2020-07-04 17:19:06,"b""Today we rejoice and celebrate our #freedom and #independence! Yet, let's not forget the #Americanhostages paying t\xe2\x80\xa6 https://t.co/EWvVq22Lx0""","Texas, USA",0.0,0.0
2020-07-04 17:18:45,"b""Sneaks and scorpions are trying to hide from the heat wave into the IDPs' tents. The families specially childrens a\xe2\x80\xa6 https://t.co/18Dun1r7xB""",,0.35714285714285715,0.5714285714285714
2020-07-04 17:14:20,b'DONT KNOW WHAT ROTTEN #US EMPIRE IS CELEBRATING ITS NOTHING BUT ENDLESS  #WARS  #WARCRIMESS &amp; #WARS BY #STARVATION\xe2\x80\xa6 https://t.co/wOBRSIiO3D',,-0.125,0.75
2020-07-04 17:09:52,"b"".@anadoluagency: Since March 2011, when the people's revolution started in #Syria, 14,235 people were killed by tor\xe2\x80\xa6 https://t.co/rjaXJcFX7t""","London, England",-0.2,0.0
2020-07-04 17:05:26,b'You have totally failed @UN #UnitedNations is waste of time. @UNHumanRights under the umbrella of #UnitedNations mi\xe2\x80\xa6 https://t.co/pw7UBIJ0NU',"Amsterdam, Netherlands",-0.35,0.15
2020-07-04 17:05:03,"b'#Idlib camps were marked today by extreme heat, poisonous insects, and snakes. #Syria https://t.co/swA0S25GDv'",,-0.012499999999999997,0.8
2020-07-04 17:04:34,"b'On a Per Capita basis, #Lebanon \xe2\x80\x98s consumption of bottled water ranks amongst top 10 in the world \n\nThe 1.4 billion\xe2\x80\xa6 https://t.co/TU8Id61iGq'",,0.5,0.5
2020-07-04 17:03:08,"b""But these are methods that states can use only if they have politico-monetary sovereignty &amp; aren't themselves crush\xe2\x80\xa6 https://t.co/5nwvxPGxC8""",,0.0,1.0
2020-07-04 17:01:57,"b'#AssadIsTheConflict\nThe pistachio of the IDP families, who left their home behind, will be stolen by #Assad regime\xe2\x80\xa6 https://t.co/9IF2DPy5Tq'",,-0.2,0.35
2020-07-04 17:01:04,b'@Kokuzoku2 https://t.co/s7y201EqEs\n intro to the disgusting funding/training and infiltration of #Syria via #arab s\xe2\x80\xa6 https://t.co/sjaiXDaxBR',charlotte nc,-1.0,1.0
2020-07-04 17:00:01,b'#Kurds in NE #Syria Accuse #Turkey of Using #Euphrates Water as Weapon https://t.co/QlKbRulAqh',London,0.0,0.0
2020-07-04 16:55:00,"b'A number of people have been kidnapped by #SDF groups in Tell Hamis suburb town, #Hasakah countryside, amid protest\xe2\x80\xa6 https://t.co/AsSKeqJqY0'",,0.0,0.0
2020-07-04 16:54:50,b'New machines have entered the production lines of the General Company for Cable Industry to increase the production\xe2\x80\xa6 https://t.co/xT4s0FfFN5',Syria,0.09318181818181819,0.4772727272727273
2020-07-04 16:54:41,b'10 new #Covid_19 cases in #Syria. The new total is 338.',"Dimashq, Damascus",0.0909090909090909,0.5530303030303031
2020-07-04 16:53:11,b'@GlasnostGone @demeyere_p #Russia is a terrorist state. They also commit massacres every day in #Syria and #Libya.\xe2\x80\xa6 https://t.co/xDhQjMEKDt',,0.0,0.0
2020-07-04 16:46:45,b'The temperature is inside a tent in one of the disparities camps in the north of #Syria https://t.co/t2crGMYB3L',"Aleppo,Syria ",0.0,0.0
2020-07-04 16:45:16,b'French court sentences homegrown militant to 30 years in prison for crimes in #Syria #France #ISIS #IslamicState  https://t.co/sAL6ZsvfbY',,0.0,0.0
2020-07-04 16:36:59,b'40 years have passed since the beginning of the Iranian Mullahs regime.\nWhat have they achieved during this time?\nD\xe2\x80\xa6 https://t.co/pVOIlxTMS6',Sea is my home,0.0,0.0
2020-07-04 16:34:31,b'Al-Bab\xe2\x80\xa6 experimental water pumping after finishing main tank\xe2\x80\x99s maintenance work\n\n#EnabBaladi #Syria https://t.co/f3wFPggyCl',Darayya,0.13333333333333333,0.3666666666666667
2020-07-04 16:31:21,"b'The Assad regime, Phucking #Iran, Phucking #Russia and Phucking #Turkey are responsible for this humanitarian catas\xe2\x80\xa6 https://t.co/IvH8QVyHg2'",,0.2,0.55
2020-07-04 16:30:00,b'. @timand2037 and @JayTharappel discuss the US-backed Kurdish separatist movement in north #Syria\n\n#kurds\nhttps://t.co/BJvHODnK7T',Netherland,0.0,0.0
2020-07-04 16:28:40,b'Antifa terrorism from #Chaz Seattle to Syria\nhttps://t.co/9HxbDqu4dQ\n#Rojova #Antifa #Syria',The Netherlands,0.0,0.0
2020-07-04 16:23:32,"b'""The World Will Not Be Destroyed \nBy Those Who Do Evil, \nBut By Those Who Watch\nThem Without Doing Anything""\xe2\x80\xa6 https://t.co/bI6QBL8Rhn'",,-1.0,1.0
2020-07-04 16:22:31,"b'""#SOHR camera"" in #Al_Raqqah city in NE #Syria captures the daily activity in the light of the deteriorating living\xe2\x80\xa6 https://t.co/1urf5Q8Y7p'",syria,0.2,0.35
2020-07-04 16:21:45,b'Syrians find heartbreak among republished Caesar torture images #Syria #torture #CrimesAgainstHumanity\xe2\x80\xa6 https://t.co/Xs1K0WFBHy',"Florida, USA",0.0,0.0
2020-07-04 16:17:57,b'@johnnyorlando don\xe2\x80\x99t be shy come visit some beautiful Arab countries after the corona ends insha\xe2\x80\x99Allah\xe2\x9d\xa4\xef\xb8\x8f #Tunisia\xe2\x80\xa6 https://t.co/RPjGbboOdX',Tunisia üáπüá≥,0.175,0.75
2020-07-04 16:16:12,"b'@Tom_Fowdy Algeria usually backs non-interference, which is why #Russia saw it as a valuable partner, even when it\xe2\x80\xa6 https://t.co/xrEsNnwbmF'","Oxford, England",-0.25,0.25
2020-07-04 16:16:05,b'Trace of blood\n#Iran #Syria #IRGCTerrorWithoutBorders\n#IranRegimeChange\nhttps://t.co/aYkBWUDFrT via @YouTube',Europe,0.0,0.0
2020-07-04 16:07:00,"b'\xf0\x9f\x87\xb6\xf0\x9f\x87\xa6\xf0\x9f\x87\xb9\xf0\x9f\x87\xb7 #Turkey\xe2\x80\x99s President @RTErdogan met w/#Qatar\xe2\x80\x99s Emir @TamimbinHamad to discuss bilateral ties &amp; regional issues,\xe2\x80\xa6 https://t.co/1PBpI7W3mG'","Roma, Lazio",0.0,0.0
2020-07-04 16:04:32,b'#Syria \n#Damascus\n\nLawrence of Arabia https://t.co/HK8Q4kmHp9',Planet Earth,0.0,0.0
2020-07-04 16:01:05,b'#Syria is mater.\nBefore and after.\n#AllCountriesMatter https://t.co/4SjL2c6oRb',,0.0,0.0
2020-07-04 16:00:00,b'Families of #Syria Detainees Hope for News amid Caesar Act https://t.co/lIBIlPHZ6T',London,0.0,0.0
2020-07-04 15:58:39,"b'The 4th EU-UN conference on Syria funds Al Qaeda in Idlib\n\nSteven Sahiounie, journalist and political commentator\xe2\x80\xa6 https://t.co/159aO3sopu'",Syria/Lebanon ,0.0,0.1
2020-07-04 15:57:46,b'Desperate civilians in north-west #Syria urgently need humanitarian aid. Tell #Russia to renew the UN cross-border\xe2\x80\xa6 https://t.co/1XMQvzOcNX',,-0.6,1.0
2020-07-04 15:56:13,"b'Today, Syrian Ministry of Electricity has put in service the 2nd unit of the Al-Tayem power plant in Deir ez-Zor co\xe2\x80\xa6 https://t.co/94HwKGnEuc'",Syria,0.0,0.0
2020-07-04 15:54:44,b'@arabnews Brit #terrorist gets abducted by other #NATO armed #terrorists in #Syria &amp; the imperialists whine.\xe2\x80\xa6 https://t.co/ktQuCsfeX6',,-0.125,0.375
2020-07-04 15:52:55,"b'@simonajeger @FARED_ALHOR @IranArabSpring Fared, peace &amp; justice will come. No doubt. We commit ourself everyday fo\xe2\x80\xa6 https://t.co/TNbRKUr69S'",Rocquencourt,-0.2,0.6
2020-07-04 15:52:27,b'Hi #Russian @ocaorg mind your own business\n\xe2\x96\xaa\xef\xb8\x8f\nYou guys kept silence when #Putin flattened #Syria and killed Christi\xe2\x80\xa6 https://t.co/5wnAFxk3tw',SamenStaanWeSterk straat ,0.13333333333333333,0.3333333333333333
2020-07-04 15:47:51,"b'#Syria: another soldier was killed today in E. #Idlib. He died in Ghadfah, 12 km from the front (likely due to IED/\xe2\x80\xa6 https://t.co/nrGyTHqM5x'",,-0.10833333333333334,0.4583333333333333
2020-07-04 15:44:34,b'Happy Fourth of July \xf0\x9f\x92\x96 u guys rarely see pictures of my country when it was beautiful so I decided to capture it th\xe2\x80\xa6 https://t.co/jFFn3b0ka8',,0.48750000000000004,0.725
2020-07-04 15:42:18,b'Turkish military in NW Syria | Turkey keeps sending reinforcement to their positions in \xe2\x80\x9cde-escalation zone\xe2\x80\x9d \xf0\x9f\x87\xb8\xf0\x9f\x87\xbe\xe2\x80\xa6 https://t.co/BMzzMgxGhk',,-0.1,0.1
2020-07-04 15:38:04,"b'How about if we start #protesting the #USA for the #genocide that is happing today in #Afghanistan, #Pakistan #Iraq\xe2\x80\xa6 https://t.co/5rWp85Ulgr'",,0.0,0.0
2020-07-04 15:37:55,"b'Tauqir Sharif, a self-described aid worker stripped of his #British nationality, was detained in #Syria on June 22\xe2\x80\xa6 https://t.co/cPbiiDO7Zh'",Saudi Arabia,0.0,0.0
2020-07-04 15:35:04,b'An IED of so-far unknown origin in front of Maysaloon School in Afrin city in Aleppo resulted in the death of a mem\xe2\x80\xa6 https://t.co/p6RSgd6TkL',"London, England",-0.1,0.6
2020-07-04 15:34:55,"b'@ahmad_bassamsh @Doranimated What was Turkey supposed to do?  Fighting #Russia, #Iran and #Syria?\n\n#Turkey received\xe2\x80\xa6 https://t.co/zfQ8Uz8V2q'",,0.0,0.0
2020-07-04 15:34:32,"b'Canada led the world on this measure by resettling 756 refugees per million residents. Australia (510), Sweden (493\xe2\x80\xa6 https://t.co/kUJ3XYp8IN'","Montreal, Quebec",0.0,0.0
2020-07-04 15:33:10,b'Kurdish family finds murdered relative among #Caesar photos #Kurds #Syria https://t.co/1ty2gk9YgC',"Florida, USA",0.0,0.0
2020-07-04 15:33:07,"b'\xe2\x80\x9cI believe if Syrians had continued their peaceful protests, the dictatorial regime would have fallen because tanks\xe2\x80\xa6 https://t.co/Czq3FwGaVJ'",Syria,0.25,0.5
2020-07-04 15:32:42,b'#ISIS #militants launch fresh riots at Hasaka prison #Syria https://t.co/5E29jhWcbV',"Florida, USA",0.3,0.5
2020-07-04 15:31:59,b'Families of #Syria #detainees hope for news amid US sanctions https://t.co/NEo9vci1a7',"Florida, USA",0.0,0.0
2020-07-04 15:31:22,b'This misleadingly frames the plight of Syrians as some amorphous outcome of an unexplainable natural disaster!\n\nThe\xe2\x80\xa6 https://t.co/Io7i9JFXoz',,0.125,0.4
2020-07-04 15:29:03,"b'Tom\xc3\xa1\xc5\xa1 Pet\xc5\x99\xc3\xad\xc4\x8dek, #Czech Foreign Minister, affirmed that the new mechanism set by his country for cooperation with\xe2\x80\xa6 https://t.co/haQJVbff9s'",,0.005681818181818177,0.2897727272727273
2020-07-04 15:27:22,"b'A 9 year-old child was killed by ""Sultan Murad division"" in ras al ayn. #Syria'",Earth,-0.2,0.0
2020-07-04 15:23:24,"b'Reports of fierce clashes btwn #TFSA \xe2\x80\x9cAl-Majd Corps\xe2\x80\x9d &amp; \xe2\x80\x9cAl-Jabha Al-Shamiyyah\xe2\x80\x9d, near the agricultural bank in Tal A\xe2\x80\xa6 https://t.co/jnrtTPj4XK'",In the dunes of the MiddleEast,0.1,0.4
2020-07-04 15:22:34,b'The #Euphrates River in #Syria turns into a swimming pool and algae after cutting water from #Turkey https://t.co/mDEwOtKJpD',North_Eastern Syria,-0.6,0.9
2020-07-04 15:20:40,b'@Moazzam_Begg\xe2\x80\x99s on the detention of Tauqir \xe2\x80\x98Tox\xe2\x80\x99 Sharif. #FreeTox #TauqirToxSharif #Syria @LiveUpdateSyria #Idlib https://t.co/e03CfeqlyB',,0.0,0.0
2020-07-04 15:19:52,"b'#Turkish army ACV-15 destroyed in #Syria featured in ""Patriot Park"" near #Moscow #Russia https://t.co/LFZ2eKcYwJ'",In the dunes of the MiddleEast,0.1,0.4
2020-07-04 15:18:59,"b'I agree with @nikolaosvandam:\n\n""I come to the conclusion that the Syrian War could hardly be avoided.\n\nDestroying a\xe2\x80\xa6 https://t.co/1To2J7ZLxv'",Istanbul ,-0.24583333333333335,0.2708333333333333
2020-07-04 15:15:58,b'US Diplomats are Driving the Effective #Syria Policy. #Trump is MIA. https://t.co/pX7CaO7x4h @USEmbassySyria\xe2\x80\xa6 https://t.co/MYiErTepJA',United States,0.6,0.8
2020-07-04 15:15:10,b'Hey @ICRC \xe2\x80\x9cconflict\xe2\x80\x9d has a full name: Bashar al-Assad \n#AssadOrWeBurnTheCountry \nNever forget that the root cause o\xe2\x80\xa6 https://t.co/99gCcHX9XD',Now: Detroit ,0.35,0.55
2020-07-04 15:14:46,"b""@EdyCohen Yep! fine start another fire in the ME don't expect Israel to go unscathed! \xf0\x9f\x98\x82\n\n#Netanhayu encouraged #US\xe2\x80\xa6 https://t.co/evzkp44m1E""","London, England",0.5208333333333334,0.5
2020-07-04 15:09:48,"b""Using Words for #Syria's Revolution --- An Interview with Yassin al-Haj Saleh\n\nhttps://t.co/99ImtwjSMR\n\n(h/t Marina\xe2\x80\xa6 https://t.co/F00xungVfA""","Birmingham, UK",0.0,0.0
2020-07-04 15:08:20,"b""#UNSC #Syria Aid'For the Council to expect a government responsible for igniting and perpetuating one of the worst\xe2\x80\xa6 https://t.co/b7s6hEcPOK""",Ireland,0.2,0.55
2020-07-04 15:08:02,b'#Syria \nThe destroyed Turkey-made ACV-15 armored vehicle was sent to Russia and was put on display in a park.\nIt wa\xe2\x80\xa6 https://t.co/fyjgpgZKfJ',People's Republic of China,0.0,0.0
2020-07-04 15:06:33,"b""@UmerKha67406898 @AbuSalm17187224 Pakistani government didn't send  #Zainebeyoun to #Syria but those thousands retu\xe2\x80\xa6 https://t.co/wFGePr3aFL""",Arabian Gulf,0.0,0.0
2020-07-04 15:01:00,"b'This picture was taken at Jaabar Castle in #Raqqa, #Syria \nRepost: @SeeMyRaqqa \n#MySyrianPlaces \n#MySyria https://t.co/F7gmH8eU4u'",Syria,0.0,0.0
2020-07-04 15:00:54,"b'#Kurds are from #Kurdistan which is occupied by #Turkey, #Iran, #Iraq &amp; #Syria.  #Kurds are not #Persian, #Turkish\xe2\x80\xa6 https://t.co/JRTAnbg8PL'",,0.0,0.0
2020-07-04 15:00:33,"b""A man smokes near destroyed buildings in the town of #Ariha in #Syria's rebel-held northwestern Idlib province on J\xe2\x80\xa6 https://t.co/UG0No32gHO""",Canada,0.1,0.4
2020-07-04 15:00:21,"b'#Kurds are from #Kurdistan which is occupied by #Turkey, #Iran, #Iraq &amp; #Syria.  #Kurds are not #Persian, #Turkish\xe2\x80\xa6 https://t.co/YqTEkOpUGQ'",,0.0,0.0
2020-07-04 15:00:17,b'#YumYum\nWonderful to see normal human activity &amp; life returning to #Syria following the more than 9 years of #War w\xe2\x80\xa6 https://t.co/OSbn8Yt6sy',Ireland,0.32999999999999996,0.47000000000000003
2020-07-04 14:58:54,"b'#Turkey army ACV-15 (destroyed in #Syria) \nis now new attraction in the ""Patriot Park"" near #Moscow #Russia https://t.co/OA9YR6cqax'",xxx,0.11818181818181818,0.42727272727272725
2020-07-04 14:57:31,"b'This picture was taken at Jaabar Castle in #Raqqa, #Syria by:Khaled Alhourani, 2009 \xf0\x9f\x92\x8e\xf0\x9f\x92\xa6\xf0\x9f\x92\x99 https://t.co/4GyiN33xLG'",Raqqa,0.0,0.0
2020-07-04 14:51:37,"b'Wherever #Uyghurs are going, however far they go, whether it was #Turkey, #Indonesia or #Syria, the malware followe\xe2\x80\xa6 https://t.co/gh9xnLTSuS'",Turkey,0.1,1.0
2020-07-04 14:51:00,"b'\xf0\x9f\x94\x84 Help @ICRC to identify the ""conflict"" of #Syria. \xe2\xac\x87\xef\xb8\x8f https://t.co/efx6068nvt'",,0.0,0.0
2020-07-04 14:48:26,"b""@Charles_Lister @ICRC We don't have to 'Imagine what it has done to Syrians' @ICRC that is well documented. If\xe2\x80\xa6 https://t.co/YYvjcEWvtd""",,0.0,0.0
2020-07-04 14:48:24,"b'In celebration of the #4thofJuly, here are some pictures of my beautiful homeland #Syria #AllCountriesMatter https://t.co/ZcV53AeyCE'",,0.85,1.0
2020-07-04 14:47:32,b'The hear wave keep going in #Syria. The 50\xc2\xb0C (122\xc2\xb0F) messed in a tent of IDP family in #Idlib. https://t.co/zgx0aSA71o',,0.0,0.0
2020-07-04 14:46:12,b'The @ravennafestival dedicates large segments of its programming to #Syria and to the fight for freedom led by\xe2\x80\xa6 https://t.co/aHEukIxgCe',,0.21428571428571427,0.42857142857142855
2020-07-04 14:46:08,"b""It appears that #ISIS might not have been the producer of that drug seized by #Italy's customs, but a member of\xe2\x80\xa6 https://t.co/4WEIKNvBCC""",,0.0,0.0
2020-07-04 14:42:54,b'Ah yes let\xe2\x80\x99s not forget the beautiful #Syria before the US turned it into its playground \xf0\x9f\x98\x8d #AllCountriesMatter https://t.co/VMXpuaCgzj',Somewhere in Neverland,0.85,1.0
2020-07-04 14:42:42,"b'Murder in #Turkey-occupied #Azaz and #Afrin, #Syria. @syriahr https://t.co/oUGhtybdIX'",Australia,0.0,0.0
2020-07-04 14:42:26,"b'#AAE Over 40 fighters killed in clashes between ISIS, regime in Syria: Monitor\xc2\xa0 https://t.co/D9l3jM2w2n #Syria'",Brussels,-0.2,0.0
2020-07-04 14:42:17,"b'@MA5ZA @TeamISF_ ""S President Donald Trump did recently offer to mediate in the Kashmir issue."" Sure, he\'s a big ne\xe2\x80\xa6 https://t.co/VWWjFBNgM5'","Hilversum, NL",0.16666666666666666,0.412962962962963
2020-07-04 14:40:04,b'@DianChung1 @RubioAnnabel @UN #UAE along with #SaudiArabia providing even assistance to #Assad in #Syria who has ki\xe2\x80\xa6 https://t.co/zg6j0goPTS',,0.0,0.0
2020-07-04 14:39:18,"b'The #PoliticsOfWater: #Turkey, #Syria &amp; #Iraq all rely on the #Euphrates that in NE Syria has turned into a \xe2\x80\x98River\xe2\x80\xa6 https://t.co/FbKOZpxBDB'",Australia,0.0,0.0
2020-07-04 14:35:42,b'Measures must be taken to protect the displaced in northern Idlib camps .... \nHigh temperatures will be very diffic\xe2\x80\xa6 https://t.co/HZ54vfEH5u',Syria,0.18,0.41999999999999993
2020-07-04 14:32:48,b'Unknown jets ( suspect to be Russian) over #Koban\xc3\xaa and #Manbij / northern #Syria. https://t.co/1vWKG2cMgK',Syria,-0.05,0.3
2020-07-04 14:31:07,b'Ex-British Army soldier who travelled to #Syria to fight ISIS has terrorism charges DROPPED\nhttps://t.co/0iWKWEjrdI',"Kurdistan, Europe",0.0,0.0
2020-07-04 14:31:04,b'Ex-British Army soldier who travelled to #Syria to fight ISIS has terrorism charges DROPPED [Thescottishsun]\nhttps://t.co/aKOIITAWfj',"Kurdistan, Europe",0.0,0.0
2020-07-04 14:30:57,"b""After yesterday's clashes between #Turkey's proxies in #SariaKani (Ras al-Ain) Turkey's proxies are at it again in\xe2\x80\xa6 https://t.co/S7IhfkssgJ""",Australia,0.0,0.0
2020-07-04 14:29:46,"b'Son of #Hezbollah official films #rape, #torture of Syrian #boy #Syria  https://t.co/X09byx2NE4'","Florida, USA",0.0,0.0
2020-07-04 14:24:21,b'\xc2\xa9Rashwan Abdelbaki\nTitled: Face down\n45 x 60 cm / 18 x 24 inch\nAcrylic On Canvas\n2020\n#RashwanAbdelbaki #Painting\xe2\x80\xa6 https://t.co/UApP48umjI',"New York, NY",-0.15555555555555559,0.2888888888888889
2020-07-04 14:24:13,"b'Millions of civilians need food, water and medicine in north-west #Syria. Tell #Russia @mfa_russia to vote for the\xe2\x80\xa6 https://t.co/O2Cne51XnR'",,0.0,0.0
2020-07-04 14:23:26,b'The UK has dropped the terrorism-related charges against three British citizens who fought with the People Protecti\xe2\x80\xa6 https://t.co/YxrFqLcoU9',"ƒ∞stanbul, T√ºrkiye",0.0,0.0
2020-07-04 14:18:45,"b'#coronavirus update in #Syria. New cases confirmed 10. Total cases in Syria confirmed 338, recovered 123, deaths 10\xe2\x80\xa6 https://t.co/h5VNjzONJ3'",,0.2340909090909091,0.8011363636363636
2020-07-04 14:17:41,"b""#UN's western members have a secular non-partisan approach to #Syria's people. Whether they are free, loyalists, Su\xe2\x80\xa6 https://t.co/vb20mOz3MT""",Canada         Victory in 2020,0.2,0.4
2020-07-04 14:17:03,b'Bloody Infighting between Erdogan\xe2\x80\x99s Terrorist Groups in Ras Al Ain:\n\nhttps://t.co/5F0C2Uiqli \n\n#Syria #News\xe2\x80\xa6 https://t.co/JmGIml1rrr',"Hamburg, Germany",-0.8,0.9
2020-07-04 14:16:17,b'Bloody Infighting between Erdogan\xe2\x80\x99s Terrorist Groups in Ras Al Ain:\n\nhttps://t.co/7V3U4xGQ8D \n\n#Syria #News\xe2\x80\xa6 https://t.co/41fCIQNIA7',"Damascus, Syria",-0.8,0.9
2020-07-04 14:16:04,"b'#Oil_Games\n\nIn this video, we cover situation in #Syria before 2010, as well as the heinous game played by world po\xe2\x80\xa6 https://t.co/WX8TCiaSxV'",,-0.4,0.4
2020-07-04 14:12:59,b'Glad to ave contributed to this situational #brief just published in the Lancet series on Migration &amp; #COVID19 resp\xe2\x80\xa6 https://t.co/Zq1POYXY8T',"London, England",0.25,0.6666666666666666
2020-07-04 14:12:24,b'Happy 4th of July\nIf YOU \xf0\x9f\x87\xba\xf0\x9f\x87\xb8 cherish your freedom &amp; really value it then respect &amp; honor the freedom of others. STOP\xe2\x80\xa6 https://t.co/kLTl5VRsp1',"New York, NY",0.5,0.6
2020-07-04 14:08:52,b'#United_Kingdom: The UK has dropped the terrorism-related charges against three British citizens who fought with th\xe2\x80\xa6 https://t.co/hpPgw4nuDM',Federasyona Bakur√™ S√ªriy√™ ‚Äì Rojava,0.0,0.0
2020-07-04 14:07:44,"b'The Syrian Civil Defense volunteer Tariq Al-Amouri suffered a broken foot this morning, Saturday, July 4, as a resu\xe2\x80\xa6 https://t.co/O49BGnSRCt'",,-0.4,0.4
2020-07-04 14:07:29,"b""A branch of @jyskebank in #Gibraltar  is said to have conducted hundreds of transactions on behalf of #assad 's unc\xe2\x80\xa6 https://t.co/F4XsNnhTtJ""","Damascus, Syria.",0.0,0.0
2020-07-04 14:06:51,"b'#SOHR #Turkish military in NW #Syria | #Turkey keeps sending reinforcement to their positions in ""de-escalation zon\xe2\x80\xa6 https://t.co/bLlL9H2hbd'",syria,-0.1,0.1
2020-07-04 14:02:18,"b'@stavroforos_ @nikglykos Hmm.."" #McCain can\'t SHAKE Falsehoods ~ Ties2 #ISIS "".Ok, McCain\'s RIP..But, still waiting\xe2\x80\xa6 https://t.co/QuaRUOX4Ef'",United States,0.0,0.0
2020-07-04 14:01:20,b'Northern Syria camps ..there is no solution to resist the heat\n#Syria #Idlib https://t.co/B3WenL7DiY',Syria,0.0,0.0
2020-07-04 14:00:56,"b""In #SariKani (Ras al-Ain), NE #Syria, #Turkey's proxies fight each other in urban neighbourhoods &amp; refuse to hand o\xe2\x80\xa6 https://t.co/17Irq6v9er""",Australia,-0.0625,0.1875
2020-07-04 13:56:20,b'@uzair_sharif @Avenger1821 @Tweetively Holding hands with those who massacred displaced brutalized a million\xe2\x80\xa6 https://t.co/YxRC5zLr4d',Arabian Gulf,0.0,0.0
2020-07-04 13:53:43,b'How could you swallow something while watching this bloody truth; how thin is the line between life &amp; death? I hear\xe2\x80\xa6 https://t.co/5Y5Sl2eOwe',Global,-0.6000000000000001,0.875
2020-07-04 13:51:15,b'Happy 4th to our diplomats in #Syria and #Lebanon @USEmbassySyria https://t.co/XcyUM1TDUl',United States,0.8,1.0
2020-07-04 13:50:04,b'Our hope is to increase our help even while #COVID19 makes it challenging. The people of #Syria are depending on ou\xe2\x80\xa6 https://t.co/LnTsqbmlem',Iraq Syria Myanmar Bangladesh Yemen,0.5,1.0
2020-07-04 13:43:27,b'#Syria: we will continue to do our part @eu_eeas.\nThe commitment of civil society and non-governmental organization\xe2\x80\xa6 https://t.co/MG9jq3aBrs',,0.0,0.0
2020-07-04 13:42:32,"b'If YOU \xf0\x9f\x87\xba\xf0\x9f\x87\xb8 cherish your freedom &amp; really value it, then respect &amp; honor the freedom of others &amp; STOP trying to take\xe2\x80\xa6 https://t.co/belxCKl7CD'","New York, NY",0.2,0.2
2020-07-04 13:42:05,"b'Detentions and Disappearances: #Assad Regime\'s False ""Reconciliation"" in #Syria \n\nhttps://t.co/g7tzz62SgZ\n\n(h/t\xe2\x80\xa6 https://t.co/i2YruRvjSL'","Birmingham, UK",-0.4000000000000001,0.6
2020-07-04 13:36:49,"b'I agree with Tony that while lockdown is no walk in the park for some, we are fortunate compared with many in the w\xe2\x80\xa6 https://t.co/9f63jqhABY'","Bradford, UK",0.45,0.6
2020-07-04 13:35:36,"b""'The #WHO &amp; #OCHA have said that aid organized from #Damascus is woefully insufficient to combat #Covid19'..\n\n#UNSC\xe2\x80\xa6 https://t.co/DrvTLR1ZfH""",,0.0,0.0
2020-07-04 13:32:48,"b'Genocides, terrorism, and drugs are the main exports of Assad regime #Assad #Syria https://t.co/l7GSmpzK2c'",,0.16666666666666666,0.3333333333333333
2020-07-04 13:31:47,b'@dwnews @derspiegel @BILD @zeitonline @FAZ_Politik @FRANCE24 @lemondefr @Independent #Afrin is under #turkey occupa\xe2\x80\xa6 https://t.co/zh3xsgyhAp',,0.0,0.125
2020-07-04 13:31:21,"b'\xe2\x80\x9cA few weeks ago, one of the villagers went very close to our village in order just to remember the place and take\xe2\x80\xa6 https://t.co/fkrqGYD6h2'",,0.0,0.2
2020-07-04 13:30:00,"b""A Turkish\xf0\x9f\x87\xb9\xf0\x9f\x87\xb7 aid group builds thousands of houses in #Syria for #Idlib's displaced. \xf0\x9f\x94\xbd https://t.co/5PdE2vqo7t""",London,0.0,0.0
2020-07-04 13:29:47,b'The temperature in northern Syria has reached 45\xc2\xb0\nThousands of the displaced are at risk of sun stroke\n#Syria\xe2\x80\xa6 https://t.co/jYHBeQ1pZE',Syria,0.0,0.0
2020-07-04 13:28:13,b'Nuclear-capable Iskander-M SRBMs in #Syria are again being mentioned these days.\n\nWonder whether Russian retaliatio\xe2\x80\xa6 https://t.co/pTVsxicBrm',,0.0,0.0
2020-07-04 13:26:05,"b""'Given the speed with which #Covid19 overtakes the most sophisticated health systems, #UNSC should immediately reau\xe2\x80\xa6 https://t.co/TkJXeP7vBt""",,0.5,0.75
2020-07-04 13:25:00,"b'French Daesh member sentenced to 30 years in prison for execution in #Syria, reports suggest https://t.co/aGL8sGgm3G'",,0.0,0.0
2020-07-04 13:24:28,"b""'Given the speed with which #Covid19 overtakes the most sophisticated health systems, #UNSC should immediately reau\xe2\x80\xa6 https://t.co/99FA5E1w49""",,0.5,0.75
2020-07-04 13:22:15,b'France - Court sentences homegrown militant to 30 years in prison for crimes in Syria.\n\n#france #syria\xe2\x80\xa6 https://t.co/DwbOUn8v4V',"Aberdeen, United Kingdom",0.0,0.0
2020-07-04 13:21:49,"b""'Given the speed with which #Covid19 overtakes the most sophisticated health systems, #UNSC should immediately reau\xe2\x80\xa6 https://t.co/VWiaoZd22L""",,0.5,0.75
2020-07-04 13:19:13,b'#Syria: this morning another soldier from #Tartus countryside was killed by Rebels on S. #Idlib front. https://t.co/iKjGX5tP3T',,-0.2,0.0
2020-07-04 13:17:54,b'#FreeTox Campaign | We will continue to raise our voices until British aid worker Tauqir Sharif is released. It is\xe2\x80\xa6 https://t.co/9CdAdV1B8g',"England, United Kingdom",0.0,0.0
2020-07-04 13:12:26,"b""'Given the speed with which #Covid19 overtakes even the most sophisticated health systems, #UNSC should immediately\xe2\x80\xa6 https://t.co/CtmfErBYcZ""",,0.5,0.75
2020-07-04 13:10:32,"b'So after #Syria, #Turkey is importing jihadists from #Yemen after an agreement with the #MuslimBrotherhood party al\xe2\x80\xa6 https://t.co/5hVUNtI6G2'",London,0.0,0.0
2020-07-04 13:07:10,b'The armed forces of the @MaghaweirThowra are fully prepared to stand up to any aggression against the area.\n#altanf\xe2\x80\xa6 https://t.co/OYvOPoK88J',Syria,0.0,0.0
2020-07-04 13:05:50,b'French extremist sentenced to 30 years in jail for IS group execution in Syria \xe2\x80\x93 Reports https://t.co/bBxvwfiSX8\xe2\x80\xa6 https://t.co/dt7kyzM0b9',,-0.05,0.0
2020-07-04 13:05:15,"b'""Salam is one of a growing number of former rebel fighters who #disappeared, #died or suffered #abuse at the hands\xe2\x80\xa6 https://t.co/EBKo0Fb4Hf'",Italia,0.0,0.0
2020-07-04 13:02:06,"b'This is what #BasharAssad , #VladimirPutin and #Khamenei did to #Syria and what they did to #Syrian \xe2\x80\x98s lives is far\xe2\x80\xa6 https://t.co/s77J8syXSw'",,0.0,0.0
2020-07-04 13:01:51,b'#France: Jihadist Tyler Vilus was handed a 30-year prison sentence for crimes committed in #Syria between 2013-15 i\xe2\x80\xa6 https://t.co/wJdvmmN9DI',London,0.0,0.0
2020-07-04 13:01:08,b'A charity post from the archives - Speaking out for Syria https://t.co/KwxKUQ9rPA #charity #charityblogger #Syria',South East,0.0,0.0
2020-07-04 13:00:12,b'#Russia:\nRTB\n-Russian Air Force RA-85155 Tupolev Tu-154 M rtb from #Syria.\n-Communications Relay platform RA-64516\xe2\x80\xa6 https://t.co/pTdapsoD7b',,0.0,0.0
2020-07-04 12:56:55,"b'""A #French court on Friday handed a 30-year prison sentence to a #jihadist for crimes committed in #Syria between 2\xe2\x80\xa6 https://t.co/kvndgbYGxR'",Dersim ,0.0,0.0
2020-07-04 12:51:36,"b'""He went off &amp; never came back""\n\nSurrender deals w/ #Syria\'s regime serve as a facade designed to falsely reassure\xe2\x80\xa6 https://t.co/Lr5AphUKAK'","Brussels, Belgium",-0.20000000000000004,0.3
2020-07-04 12:51:22,"b'#Syria \nUS military turns the tables in northeast Syria, blocks Russian convoy https://t.co/0otGiUfPuk via @thearabsource'","Paris, France, Europe",-0.05,0.05
2020-07-04 12:50:56,"b'@dwnews Dear @dwnews explain to me how critics see smugglers, human traffickers #NGOs n #Turkey speculate n weaponi\xe2\x80\xa6 https://t.co/ecEh42w1pn'",,0.0,0.1
2020-07-04 12:45:44,b'French court sentences homegrown militant to 30 years in prison for crimes in #Syria https://t.co/mg2AfmnMI9',"Afrin, Diyarbakir, Kobani, DC",0.0,0.0
2020-07-04 12:44:43,"b'If people wondered how we have reduced global cultures, knowledge &amp; humanity to what is acceptable to Western Liber\xe2\x80\xa6 https://t.co/u3GlR5wZTJ'",An Iranian on Planet Earth,0.0,0.0
2020-07-04 12:43:00,b'#Russian Foreign Minister Sergey Lavrov stressed the need to completely vanquish terrorism in #Syria and resolve th\xe2\x80\xa6 https://t.co/ZOs86my0y6',,-0.008333333333333331,0.17500000000000002
2020-07-04 12:40:47,"b'#FvckTheFourth The US, destroyed : #Iraq #Afghanistan #Syria and they tried #Iran and #Turkey but they forgot how s\xe2\x80\xa6 https://t.co/qKiltf9d02'","Washington, DC",0.0,0.0
2020-07-04 12:39:58,b'Devastating! #syria https://t.co/CKIlbU7rIV',"London, England",-1.0,1.0
2020-07-04 12:37:27,b'Some pics of the motherland today \xf0\x9f\xa5\xb0 #AllCountriesMatter #Syria https://t.co/wcmwo8GOjC',Trapghanistan,0.0,0.0
2020-07-04 12:35:07,b'Chilling oil spill and toxic pollution in NE #Syria that demands urgent action literally destroying so much of the\xe2\x80\xa6 https://t.co/cYtCDeuBhz',,-0.10000000000000002,0.3
2020-07-04 12:34:06,b'#Libya\n-Harmony Jets 9H-FRM Dassault Falcon 10 Flew Moscow - Ankara - Vienna - Larnaca lost near Lebanon coasts hdg\xe2\x80\xa6 https://t.co/4fykTecvAP',,0.1,0.4
2020-07-04 12:32:27,"b""Just in case you didn't already know which side you should be on? \n\nGo for the side that *doesn't* hang gays in the\xe2\x80\xa6 https://t.co/EUy0vsswF6""",Israel,0.0,0.0
2020-07-04 12:29:56,"b'Dozens of Leishmaniasis infections, mostly affecting children, are recorded daily in N. #Syria. Our #WhiteHelmets p\xe2\x80\xa6 https://t.co/trnfibqw3z'",Syrian Arab Republic,0.25,0.25
2020-07-04 12:27:59,b'A controversial terror trial of three Britons accused of helping a fourth to travel to #Syria to fight with the\xe2\x80\xa6 https://t.co/rlBjzeozuY',United Kingdom,0.275,0.475
2020-07-04 12:19:55,b'#CzechRepublic Foreign Minister #Pet\xc5\x99\xc3\xad\xc4\x8dek affirmed that new mechanism set by his country for cooperation with\xe2\x80\xa6 https://t.co/9m2LJ4x5KX',Syria,0.005681818181818177,0.2897727272727273
2020-07-04 12:16:51,b'Aye #Scotland enlightenment?\xf0\x9f\x9b\xa1\xef\xb8\x8f#21stCentury Peace?\nLook at equal humans #Yemen #Syria #Libya #Iraq #Palestine\xe2\x80\xa6 https://t.co/Nt0EehqctI',üêù2442023323üêùGWüêù93IKüõ°Ô∏è#IDWP,0.0,0.25
2020-07-04 12:13:28,"b""Italian police seize 'world's largest' haul of drugs; 84 million amphetamine pills 'made by ISIS terror group in Sy\xe2\x80\xa6 https://t.co/f6M3DmnUDP""","Corlette NSW 2315, Australia",0.0,0.0
2020-07-04 12:13:00,"b""The regimes of 53 countries support China's authoritarian + oppressive national security law, including the dictato\xe2\x80\xa6 https://t.co/QOaBs15WrW""","London, England",0.0,0.0
2020-07-04 12:12:58,b'May Allah shower HIS blessing upon Muslim and protect them. We understand that Non-Muslims will never hear the voic\xe2\x80\xa6 https://t.co/nPik4b3bUw',"⁄ØŸàÿ¨ÿ±ÿßŸÜŸàÿßŸÑ€Å, Ÿæÿß⁄©ÿ≥ÿ™ÿßŸÜ",0.0,0.0
2020-07-04 12:07:23,"b'Another \xf0\x9f\x87\xb8\xf0\x9f\x87\xbe#Damascus, #Syria - \xf0\x9f\x87\xb1\xf0\x9f\x87\xbe#Benghazi, #Libya flight by Cham Wings Airlines YK-BAG (#SAW353). https://t.co/goGo0PwSvf'",31UFT,0.0,0.0
2020-07-04 12:01:00,"b'A generation of children have known nothing but death, destruction and suffering. \n\nAs #Syria enters its 10th year\xe2\x80\xa6 https://t.co/9kaVKDUiWD'","Geneva, Switzerland",0.0,0.0
2020-07-04 12:00:13,b'Lines in #Aleppo #Syria this morning \n\nReason: Govt center offering cheaper local cigarettes (SYP 250 versus SYP 50\xe2\x80\xa6 https://t.co/lrOcEegLh2',,-0.05,0.05
2020-07-04 11:59:16,b'This is how colonialism is rationalised by self-righteous liberal supremacists. Its not race which which defines th\xe2\x80\xa6 https://t.co/B1nSVDCUbD',An Iranian on Planet Earth,0.0,0.0
2020-07-04 11:49:02,"b'President Putin: Sanctions against #Syria sidestep the @UN Security Council and are illegitimate, illegal and worse\xe2\x80\xa6 https://t.co/oRR3nFsbRP'",London,-0.5,0.5
2020-07-04 11:49:01,"b'For the first time, #Paris court imposes sentence for jihadist crimes committed in #Syria\nhttps://t.co/mzf7l6Kifs'",,0.25,0.3333333333333333
2020-07-04 11:47:05,b'In a rare piece of #GoodNews to come out of #Syria recently: #Wheat production is up after a good #season that saw\xe2\x80\xa6 https://t.co/5KW3p7VIrW',"Damascus, Syria.",0.3333333333333333,0.5833333333333334
2020-07-04 11:44:28,b'EU says Iran has triggered nuclear deal dispute mechanism\n#Iran\n#Tehran\n#IranDeal\n#Iraq\n#Baghdad\n#Marines\n#IranDeal\xe2\x80\xa6 https://t.co/at3csffQiV',North America,0.0,0.0
2020-07-04 11:43:12,"b'#BREAKING: Huge explosion at Al Zarqan power plant in #Ahwaz, #Iran!\n\n#4thofJuly2020 #4thofJuly #4thJuly #July4th\xe2\x80\xa6 https://t.co/9hblyOdtZM'",,0.5000000000000001,0.9
2020-07-04 11:42:06,"b'They are supervised by four #Syrian intelligence service officers, including Colonel Zulficar Wassouf, the head of\xe2\x80\xa6 https://t.co/87CaRX42Og'","Damascus, Syria.",0.0,0.0
2020-07-04 11:40:40,b'ATMACA anti-ship missile. Target 220 km \xf0\x9f\x8e\xaf. \xf0\x9f\x87\xb9\xf0\x9f\x87\xb7\xf0\x9f\x87\xb9\xf0\x9f\x87\xb7\xf0\x9f\x87\xb9\xf0\x9f\x87\xb7\n#T\xc3\xbcrkiye #ATMACA #TSK #Libya #Syria #\xc4\xb0raq https://t.co/2ABtgZCLrQ',,0.0,0.0
2020-07-04 11:40:24,b'Thirty-one non-commissioned #syrian #intelligence officers and eight civil computer science engineers are being tra\xe2\x80\xa6 https://t.co/1hxuBLe3ut',"Damascus, Syria.",0.0,0.0
2020-07-04 11:39:14,"b'Abu Dhabi is also providing technical, scientific and logistical training to managers in the Syrian military intell\xe2\x80\xa6 https://t.co/h2dU1y0zOq'","Damascus, Syria.",-0.05,0.1
2020-07-04 11:37:58,b'#UAE has provided food &amp; medical aid to hospitals in areas controlled by the #Syrian regime. An Emirati delegation\xe2\x80\xa6 https://t.co/bqFboNAuRa',"Damascus, Syria.",0.0,0.0
2020-07-04 11:31:43,b'A heat wave increases the suffering of the residents of the northern Syrian camps\n#idlib #syria https://t.co/9CxSeCz1l7',,0.0,0.0
2020-07-04 11:30:02,b'French court hands 30-year prison sentence to a militant for crimes committed in #Syria between 2013-2015.\n\nRead mo\xe2\x80\xa6 https://t.co/aQpce6L4Zn',Saudi Arabia,0.0,0.0
2020-07-04 11:28:54,b'Don\xe2\x80\x98t forget #Syria #Syrien https://t.co/819FKvHOml',Nordrhein-Westfalen,0.0,0.0
2020-07-04 11:21:22,"b""For #torture survivors &amp; families of dissenters disappeared &amp; killed by #Syria's ruthless regime, justice isn't a l\xe2\x80\xa6 https://t.co/GEqK2hKKWA""","Brussels, Belgium",-0.6,0.5
2020-07-04 11:21:04,"b'The delivery of medical aid (to prevent the spread of Corona Virus pandemic) to the Reyhanli Municipality, provided\xe2\x80\xa6 https://t.co/muWrWmjYdN'",US-Turkey-Syria,0.0,0.0
2020-07-04 11:19:54,"b'Here you can see many speculation and controversies about the Turkish offensives and Turkish interference in #Iraq,\xe2\x80\xa6 https://t.co/2v0UawIUz6'",Duhok - Kurdistan,0.5,0.5
2020-07-04 11:17:46,"b""In yet another blunder pointing to the #Assad regime's incoherent response to the recent #currency #crisis , the go\xe2\x80\xa6 https://t.co/LTdDeg1G3c""","Damascus, Syria.",-0.10000000000000002,0.20833333333333331
2020-07-04 11:14:24,b'\xe2\x80\x9c#Russia\xe2\x80\x99s#Putin urged #Turkey/#Iran to encourage dialogue between rival forces in #Syria. \xe2\x80\x9cInclusive dialogue w/in\xe2\x80\xa6 https://t.co/RYTK8J9CR5',"Brussels, Belgium",0.0,0.0
2020-07-04 11:13:25,"b'@realDonaldTrump @WhiteHouse 1/2 #DomesticTerrorists FAILURE, #MassShootings FAILURE, #Putin FAILURE, #Iran FAILURE\xe2\x80\xa6 https://t.co/fpOs2dubVr'","Edinburgh, Scotland",-0.3166666666666667,0.3
2020-07-04 11:12:01,b'Record of the most notable violations in #Syria in the first half of 2020\nAs documented by SNHR\xe2\x80\xa6 https://t.co/1YjXmeQauX',"London, England",0.2708333333333333,0.375
2020-07-04 11:10:00,b'Families of #Syria Detainees Hope for News amid Caesar Act https://t.co/lIBIlPZzYr',London,0.0,0.0
2020-07-04 11:03:11,"b'@ICRC @ICRC_sy It is not done by the \xe2\x80\x9cconflict\xe2\x80\x9d at all!\nWe, the Syrian people, don\xe2\x80\x99t have planes nor mass destructi\xe2\x80\xa6 https://t.co/CmGfbU6GsF'",#Free_Syriaüá∂üá¶üáπüá∑üá±üáæüáµüá∏üåç,0.0,0.0
2020-07-04 11:03:08,b'Russian army is showing turkish military vehicles that blown up in #Syria #Rojava #Idlib #Russia https://t.co/JiZGyotvqb',Kurdistan,-0.05,0.05
2020-07-04 11:03:00,"b""Nisreen's face was badly burnt in an airstrike in #Syria. She dropped out of school shortly afterwards. Thanks to I\xe2\x80\xa6 https://t.co/t6h03OcAIT""","Beirut, Lebanon",-0.1666666666666666,0.38888888888888884
2020-07-04 11:00:37,"b""Is #Syria 's regime worried that #Russia is bypassing it and meeting directly with Syrian opposition figures &amp; reps\xe2\x80\xa6 https://t.co/GfEmleUowV""",,0.1,0.4
2020-07-04 11:00:00,b'Traumatic experiences in #Syria have left #children feeling ambiguous about returning home.Parents reported that th\xe2\x80\xa6 https://t.co/SYpx9zf1Mq',"Strasbourg, France",0.0,0.0
2020-07-04 10:58:50,b'TORTURING THE FAMILIES OF TORTURE VICTIMS IN #SYRIA:\nAnguished relatives are poring over photos of torture victims\xe2\x80\xa6 https://t.co/WqAXAAe5Ba',"Washington, DC",0.0,0.0
2020-07-04 10:56:42,"b'21 killed as regime forces clash with ISIS fighters in Al-Sukhnah desert, Homs Governorate #syria #terrorism\xe2\x80\xa6 https://t.co/j4fOYFzaFs'",Brussels,-0.2,0.0
2020-07-04 10:53:03,"b'#NEWS: On Friday night, Russian warplanes raided the town of Taqad, about 25 kilometers west of the city of Aleppo,\xe2\x80\xa6 https://t.co/VJDcp9uohY'",,0.0,0.0
2020-07-04 10:45:49,b'The cult Shia has no difference from Christianity\n\nThey have no place in our deen #islam #Muslim #Muslims\n\nVia\xe2\x80\xa6 https://t.co/W8aYoOBT4m',NS,0.0,0.0
2020-07-04 10:44:34,b'\xe2\x80\x9cA Frenchman who converted to #Islam and went abroad to fight for #ISIS was sentenced by a court on Friday to 30 ye\xe2\x80\xa6 https://t.co/JeRzYQPTvH',"Brussels, Belgium",0.0,0.0
2020-07-04 10:43:29,"b""Once again, @DerSpiegel's investigative work on #Syria surpasses all -- #Italy's #Captagon seizure was not produced\xe2\x80\xa6 https://t.co/FApXBgpnjV""","Washington, DC",0.0,0.0
2020-07-04 10:42:04,b'French court sentences homegrown militant to 30 years in prison for crimes in #Syria #Terrorism\n\nhttps://t.co/oOP8HXUKYe',"Iraq, Germany",0.0,0.0
2020-07-04 10:41:44,b'Families of #Syria #Lebanon detainees in Syrian prisons hope for news amid US sanctions #CaesarAct @bmroue talks to\xe2\x80\xa6 https://t.co/k0LCgDL7RW',Lebanon,0.0,0.0
2020-07-04 10:41:22,"b'""He went off  never came back""\n\nSurrender deals w #Syria\'s regime serve as a facade designed to falsely reassure pe\xe2\x80\xa6 https://t.co/OEci3lqlms'","Brussels, Belgium",-0.20000000000000004,0.3
2020-07-04 10:38:51,b'Report on est $15m paper plant In Aleppo set up by not well known bizman in whose products the Naples Captagon haul\xe2\x80\xa6 https://t.co/6yMvrIxbXe',,0.0,0.0
2020-07-04 10:37:07,b'A Turkish soldier being seen while swinging his little friend in Syria.\xf0\x9f\x90\x95\n\n#Syria\n#TurkishArmy \xf0\x9f\x91\x8d https://t.co/N5QSvcQV0m',,-0.1875,0.5
2020-07-04 10:34:36,"b'Their backs against the Turkish border, Abou Fadel, Hassan and Iman recount similar stories of everyday life in\xe2\x80\xa6 https://t.co/AFMWmDlM8J'",India,-0.1,0.5
2020-07-04 10:34:27,"b'@IzabelleAslani1 @Sky_Blue168 Yes, they are recruited to overthrow the Syrian government and carry out terrorist ac\xe2\x80\xa6 https://t.co/rJn5NEyquC'",,0.0,0.0
2020-07-04 10:33:33,"b'Abu Fadel, Hassan and Iman\xe2\x80\xa6 all three are living in Idlib governorate in northwest #Syria. \n\nLike 2.7 million other\xe2\x80\xa6 https://t.co/FCjsViz08t'",India,0.0,0.0
2020-07-04 10:33:25,b'#ShameOn92News \nIf you are expecting that character of non muslims should be good with muslims of #Kashmir\xe2\x80\xa6 https://t.co/SXZr69lzGZ',"Hyderabad, Pakistan",0.7,0.6000000000000001
2020-07-04 10:31:23,b'Visit Syria! The city of #Damascus at night #Syria #Syrianarmy\xf0\x9f\x87\xb8\xf0\x9f\x87\xbeplease feel free to follow for daily Syrian Arab Ar\xe2\x80\xa6 https://t.co/gVskXH4puO',home,0.2,0.4
2020-07-04 10:30:00,b'#Lebanon to Reopen Border with #Syria for 3 Days https://t.co/7wlbSYgqMF',London,0.0,0.0
2020-07-04 10:28:19,"b""@syrianinyellow We visited a couple of years ago, Majdal Shams, on the border, the locals can't wait for the occupa\xe2\x80\xa6 https://t.co/mYbfDcTcDO""",,0.0,0.0
2020-07-04 10:25:48,b'#\xd9\x84\xd8\xa7\xd8\xa7\xd9\x84\xd9\x87_\xd8\xa7\xd9\x84\xd8\xa7\xd8\xa7\xd9\x84\xd9\x84\xd9\x87_\xd9\x85\xd8\xad\xd9\x85\xd8\xaf_\xd8\xb1\xd8\xb3\xd9\x88\xd9\x84_\xd8\xa7\xd9\x84\xd9\x84\xd9\x87(\xd8\xb5)\n#\xd8\xa7\xd9\x84\xd9\x82\xd8\xb1\xd8\xa2\xd9\x86\nFollowers of Holy #ProphetMuhammad (pbuh) succeed in both worlds with fait\xe2\x80\xa6 https://t.co/2PNUmSEln7',,0.0,0.0
2020-07-04 10:17:17,b'#Turkish Military Resources to #Syria\n@HalabTodayTV  5m\nA Turkish convoy entered the Kafrlossin border crossing poi\xe2\x80\xa6 https://t.co/xSaziHDapC',,-0.1,0.1
2020-07-04 10:11:48,b'good morning #Syria https://t.co/0Fz7wcdjm5',.. ,0.7,0.6000000000000001
2020-07-04 10:11:18,b'#Putin is replicating his success in #Syria in a new theater of conflict\xe2\x80\x94and part of his plan is to hurt American i\xe2\x80\xa6 https://t.co/fa2VITGBj4',,0.14545454545454545,0.15151515151515152
2020-07-04 10:10:00,b'#Euphrates in Northeastern #Syria Turns into \xe2\x80\x98River of Death\xe2\x80\x99 https://t.co/QlKbRulAqh',London,0.0,0.0
2020-07-04 10:08:44,b'#Police &amp; #Prosecution services across Europe \xf0\x9f\x87\xa9\xf0\x9f\x87\xaa\xf0\x9f\x87\xab\xf0\x9f\x87\xb7\xf0\x9f\x87\xa6\xf0\x9f\x87\xb9\xf0\x9f\x87\xb3\xf0\x9f\x87\xb4\xf0\x9f\x87\xb8\xf0\x9f\x87\xaa cooperate in pan-European effort to bring perpetrators of\xe2\x80\xa6 https://t.co/Q0NyhLXp9h',"Copenhagen, Strasbourg",0.0,0.0
2020-07-04 10:05:12,b'Our new report on access to #education for Syrian #refugee children in #Lebanon confirms the continued need to fund\xe2\x80\xa6 https://t.co/jUaE9N92vg',Norwegian Refugee Council,0.13636363636363635,0.45454545454545453
2020-07-04 10:03:00,b'The #US Embassy in #Damascus (\xf0\x9f\xa4\xa3\xf0\x9f\xa4\xa3\xf0\x9f\xa4\xa3): The United States will provide $700 million in humanitarian aid to those in nee\xe2\x80\xa6 https://t.co/0iGFi9em03',,0.0,0.0
2020-07-04 09:54:44,b'Nobody can look at #Syria and believe humankind has evolved into a higher being @UN @antonioguterres We failed!',Chesterfield,-0.1875,0.4
2020-07-04 09:51:58,b'Y\xe2\x80\x99all missing the point @CliveMyrieBBC @bbclysedoucet as long as #Syria is fighting itself.. it\xe2\x80\x99s not fighting othe\xe2\x80\xa6 https://t.co/nL12ndBTlq',Chesterfield,-0.125,0.225
2020-07-04 09:51:28,b'So why were the news outlets saying it was manufactured by IS when that was absolute bollocks? #Syria\xe2\x80\xa6 https://t.co/Rc6sfeWBj0',"South East, England",0.2,0.9
2020-07-04 09:50:00,b'#Russian Foreign Minister Welcomes \xe2\x80\x98Arab Role\xe2\x80\x99 in #Syria https://t.co/pbr3lbEGL3',London,-0.0625,0.0625
2020-07-04 09:49:06,b'#\xd9\x84\xd8\xa7\xd8\xa7\xd9\x84\xd9\x87_\xd8\xa7\xd9\x84\xd8\xa7\xd8\xa7\xd9\x84\xd9\x84\xd9\x87_\xd9\x85\xd8\xad\xd9\x85\xd8\xaf_\xd8\xb1\xd8\xb3\xd9\x88\xd9\x84_\xd8\xa7\xd9\x84\xd9\x84\xd9\x87(\xd8\xb5)\n#\xd8\xa7\xd9\x84\xd9\x82\xd8\xb1\xd8\xa7\xd9\x86_\xd8\xa7\xd9\x84\xd9\x83\xd8\xb1\xd9\x8a\xd9\x85\nFaith is a liar from mind\xdb\x94\nThat is why the followers of\nHoly\xe2\x80\xa6 https://t.co/MhEBoDlcU8',,0.0,0.0
2020-07-04 09:46:05,b'Euphrates in Northeastern #Syria Turns into \xe2\x80\x98River of Death\xe2\x80\x99 | Asharq AL-awsat\nhttps://t.co/PaOhi9amui\xe2\x80\x98river-death\xe2\x80\x99',"Kurdistan, Europe",0.0,0.0
2020-07-04 09:44:21,"b'More reasons for the #Assad regime to be anxious about its future in #Syria, as #Russia takes charge of shaping the\xe2\x80\xa6 https://t.co/UhjHKnlaF4'",London,0.08333333333333333,0.5416666666666666
2020-07-04 09:43:16,b'Never forget the #Syriangenocide #Syria #Genocide https://t.co/I5VWFV8nFu',Amsterdam,0.0,0.0
2020-07-04 09:38:00,b'#German Foreign Minister: We want concrete steps to prevent weapons from being sent to #Syria.\n\nThen impose sanctio\xe2\x80\xa6 https://t.co/hR05bj5oxj',,0.00833333333333334,0.1416666666666667
2020-07-04 09:36:27,b'#Turkish indigenous aircraft carrier will be ready very soon.\nIn sha Allah.\n#Turkey\n#Libya #Syria https://t.co/WfF652mKZp',NS,0.2,0.4
2020-07-04 09:35:35,b'40K children stranded in #AlHol under dire conditions; mostly children of #Daesh members. Also suffering after clos\xe2\x80\xa6 https://t.co/VnBl1JiYL0',International,0.5,0.5
2020-07-04 09:35:24,"b'Oppressors &amp; tyrants around the world think ""killing"" is the best way to suppress and crush us. Little do they know\xe2\x80\xa6 https://t.co/4QDvtJSuNX'",,0.40625,0.4
2020-07-04 09:28:10,"b""@Denmark_UN - perhaps you should read this article on #Syria - how can Denmark think it's safe to send any Syrian b\xe2\x80\xa6 https://t.co/WK2zw3eOYZ""","South East, England",0.5,0.5
2020-07-04 09:20:18,"b'In addition to bullets, torture and famine in #Syria yet, oil pollution now contributes to the killing (NE). Of tho\xe2\x80\xa6 https://t.co/bDCvee8IS7'",Brussels,0.0,0.0
2020-07-04 09:20:00,b'Morning #Syria \xf0\x9f\x87\xb8\xf0\x9f\x87\xbe https://t.co/Y8hfIhGr6O',,0.0,0.0
2020-07-04 09:15:49,b'French court sentences homegrown militant to 30 years in prison for crimes in Syria\n\nhttps://t.co/ivrVzvDC9H\xe2\x80\xa6 https://t.co/yF5MN0TRGz',english@nrttv.com,0.0,0.0
2020-07-04 09:15:46,b'Received the 85 tons shipment of medical supplies in the @UN warehouse in Qamishli. Supplies will be evenly distrib\xe2\x80\xa6 https://t.co/a3oS0UJe3y',Oman,0.0,0.0
2020-07-04 09:11:19,b'Anti-ship missile is ready.\nWell done #Turkey\n\n#Libya #Syria\n#defence_news #Military https://t.co/oz9cnQ1UCm',NS,0.05,0.3
2020-07-04 09:08:56,b'The Ukrainian army destroyed Russian terrorists in eastern Ukraine.\n#Russia #Ukraine #Libya #Syria #Wagnergroup https://t.co/PmBgEmCXGR',,0.0,0.0
2020-07-04 09:07:28,b'Weekend coffee break! \xe2\x98\x95\xef\xb8\x8f\nClose up of our favorite handmade figurines depicting Syrian culture. A woman gathers coff\xe2\x80\xa6 https://t.co/F9J5P81jcI',,0.5,1.0
2020-07-04 09:06:00,"b'Due to Deir Ezor\xe2\x80\x99s remote location &amp; poor medical facilities, the risk of #COVID19 there is among the highest in\xe2\x80\xa6 https://t.co/uD1XsVczNp'",Middle East and North Africa,-0.15625,0.29374999999999996
2020-07-04 09:01:51,b'@MikaelJungner @Chantalxox10 @alexstubb @Demarit @vihreat @keskusta @sfprkp @MariaOhisalo @Haavisto @MarinSanna\xe2\x80\xa6 https://t.co/9hRdC0JIBn',"Bangkok Thailand, Helsinki Fin",0.0,0.0
2020-07-04 09:00:56,b'It is unacceptable that any country supports and supplies weapons to #Syria. #NoMoreWars we need peace and safety o\xe2\x80\xa6 https://t.co/WU67ZRTCo4',Global,0.0,0.0
2020-07-04 08:58:35,"b'#NEWS: The International Coalition, led by the United States, expanded its military base on the Syrian-Iraqi border\xe2\x80\xa6 https://t.co/F16xo26Xbr'",,-0.3,0.3666666666666667
2020-07-04 08:56:02,b'A total of 3 #Russian army convoys have arrived in the area recently. As part of balancing the #Iran|ian/#IRGC pres\xe2\x80\xa6 https://t.co/D7LSHvwTte',In the dunes of the MiddleEast,0.0,0.3333333333333333
2020-07-04 08:55:39,b'#Families of #Syria detainees hope for news amid #US sanctions https://t.co/YFgWrtV1js',Downtown - Beirut - Lebanon,0.0,0.0
2020-07-04 08:54:07,b'Heart rending most compelling insight into hellish nature of #Assad regime terror - father dies after finding his s\xe2\x80\xa6 https://t.co/cya26iGWoO',,0.4,0.55
2020-07-04 08:47:58,b'Amazing ! #Syria https://t.co/C65iMoZzhL',"Rio de Janeiro, Paris, berlin",0.7500000000000001,0.9
2020-07-04 08:47:58,b'Very large #Russian military convoy heading from #Raqqah enter #DeirEzzor city. The Convoy included about thirty mi\xe2\x80\xa6 https://t.co/AFARKBMeII',In the dunes of the MiddleEast,0.05952380952380953,0.21904761904761905
2020-07-04 08:41:17,b'Following #ISIS/#Daesh militants attack in Al-Sukhnah area 9 militants &amp; 11 #SAA Baqir Brigade soldiers killed E\xe2\x80\xa6 https://t.co/Khu2vnAT16',In the dunes of the MiddleEast,-0.1,0.05
2020-07-04 08:36:56,"b""Using Words for #Syria's Revolution --- An Interview with Yassin al-Haj Saleh\n\nhttps://t.co/B2niswPysY\n\n(h/t Marina\xe2\x80\xa6 https://t.co/Vio1wuoXzJ""",University of Birmingham,0.0,0.0
2020-07-04 08:34:25,b'This is a serious thread with a serious accusation - the #Italian authorities are hiding #Assad\xe2\x80\x99s drug smuggling ac\xe2\x80\xa6 https://t.co/WjHzffxBSb',,-0.2222222222222222,0.4444444444444444
2020-07-04 08:30:46,b'A young man from #Hama turns matchsticks into works of art \xf0\x9f\x91\x8d\xf0\x9f\x91\x8f\xf0\x9f\x98\xbb\n#Syria #SaturdayMotivation https://t.co/W9XDTqmIyB',,0.1,0.4
2020-07-04 08:27:28,b'No disaster strikes except....\n#MasjidilHaram \n#SaudiArabia #mecca\n\n#Libya #Syria https://t.co/iQOS2Irmli',NS,0.0,0.0
2020-07-04 08:27:18,"b'Ancient City of Bosra - Syria https://t.co/KYX8qSodn2\n\nBosra, once the capital of the Roman province of Arabia, was\xe2\x80\xa6 https://t.co/r4Ds11StM3'","Goudriaan, Nederland",0.0,0.0
2020-07-04 08:26:08,b'Jasmenco Official (Short Film) #Syria  https://t.co/7p8hOPTm4P',"PhD - Virginia Tech, 2009",0.0,0.3
2020-07-04 08:22:41,"b""Undoing Atat\xc3\xbcrk: What #Erdo\xc4\x9fan Gains in Turning #Istanbul's Hagia Sophia Into a Mosque Again\n\n#Erdo\xc4\x9fanIsaPig #ISIS\xe2\x80\xa6 https://t.co/aETksR9G0F""","Helsingborg, Sk√•ne Sweden",0.0,0.0
2020-07-04 08:21:44,b'Looking all around me I see pain and revolution https://t.co/bnlBOBFEyh #art #Gaza #Israel #Iraq #syria #yemen #freemusic 2',United Kingdom,0.0,0.0
2020-07-04 08:20:27,"b""#israel #Zionism #Zionists\n\nIsrael doesn't represent #Jewish people.\n\n#Jews\n#jew\n#Jerusalem\n\n#palestine #usa\n#Libya\xe2\x80\xa6 https://t.co/aa5S6sGZjL""",NS,0.0,0.0
2020-07-04 08:18:04,b'In case that you expect Non Muslims to come and free the oppressed Muslims anywhere in the world. No they will not\xe2\x80\xa6 https://t.co/kiInw34117',,0.4,0.8
2020-07-04 08:14:55,"b'This is propaganda for a genocidal regime, murdering since 1970.\n\xe2\x80\x98Conflict\xe2\x80\x99 has not done this to #Syria:\n#Assad cri\xe2\x80\xa6 https://t.co/MbJTfxPP5O'",,-0.1,0.1
2020-07-04 08:03:21,"b'#Breaking: On Friday, an explosive device, planted by unknown persons, killed a civilian and injured two others in\xe2\x80\xa6 https://t.co/yP977XNW89'","Syria, Aleppo",-0.15000000000000002,0.3
2020-07-04 07:59:41,"b'Children of war, #Idlib #Syria\n\nPhotos : @mohamad_saeed4 \n@anadoluimages @anadoluagency \n#SaturdayThoughts https://t.co/Lx8Rv1BZu8'","Ankara, Turkey",0.0,0.0
2020-07-04 07:58:36,b'#Antifa #Terrorism from #Seattle #CHAZ to #Syria \n\nby @Partisangirl \n\nhttps://t.co/mfAn1sYVta',,0.0,0.0
2020-07-04 07:58:32,b'@CJTFOIR @USNATO @OIRSpox `s Child Soldiers... \n@TurkDelNATO @USNATO @NATOpress @TSKGnkur \n#Syria #Iraq #DefeatYPG\xe2\x80\xa6 https://t.co/nFA5Bk3nLi',"ƒ∞stanbul, T√ºrkiye",0.0,0.0
2020-07-04 07:58:09,b'\xf0\x9f\x93\xa2\xf0\x9f\x93\xa2\xf0\x9f\x93\xa2 Tell #14Veto #Putin #Russia #Lavrov: Butcher #Assad destroyed Syria &amp; killed tortured displaced millions Syrian\xe2\x80\xa6 https://t.co/hg35u9wNIk',,-0.2,0.0
2020-07-04 07:58:03,"b'#NEWS: On Friday, people demonstrated against the corruption in local councils of the Syrian Democratic Forces (SDF\xe2\x80\xa6 https://t.co/0vtDGFAF5X'",,0.0,0.0
2020-07-04 07:54:00,b'TOGETHER WE SHAPE YOUR DREAMS \n#AL_MASRI_CONTRACTING_CO #Designs #designers #art  #decoration #interior_decoration\xe2\x80\xa6 https://t.co/vsCqQ9fiA8',,0.0,0.0
2020-07-04 07:43:37,"b'Finally, a French court  handed a 30-year prison sentence to #TylerVilus for crimes committed in Syria between 2013\xe2\x80\xa6 https://t.co/89bwIuXjFN'","Syria, Aleppo",0.0,0.0
2020-07-04 07:42:16,b'US Sanctioned Pro-Assad Aircraft from #Iran to #Syria\nSyrian Air RB5900/SYR5900 Tehran to N/A (Track &gt; Latakia)\nTyp\xe2\x80\xa6 https://t.co/2P13pgNunt',,0.0,0.0
2020-07-04 07:41:48,b'Can you see me! I always go up there to ask for food!\n#Damascus #Syria #cats #cute https://t.co/OVlfjVLCgk',Syria,0.5,1.0
2020-07-04 07:35:12,"b'#Footage: clashes between #TFSA Mawali tribe and Sultan Murad in #Ras_al_Ayn, #Hasakah Governorate\n #Syria https://t.co/dRA1ZTH8ZU'","Syria, Aleppo",0.0,0.0
2020-07-04 07:29:33,"b'#NEWS: On Friday, an explosive device, planted by unknown persons, killed a civilian and injured two others in the\xe2\x80\xa6 https://t.co/R2xcNb7qXm'",,-0.15000000000000002,0.3
2020-07-04 07:17:53,"b'Despite signing \xe2\x80\x98reconciliation\xe2\x80\x99 deals with the Syrian gov, many have been arbitrarily arrested, tortured &amp; some ki\xe2\x80\xa6 https://t.co/2JNK1MIKso'",,0.2,0.55
2020-07-04 07:17:07,b'Families of #Syria detainees hope for news amid #US sanctions #Lebanon (from @AP) https://t.co/qAjDFZcKJT',Lebanon,0.0,0.0
2020-07-04 07:16:42,"b'The ""Pivot to Asia"" (#China). \n\nAs the deterioration of their economies seem to spin out of control the dreams for\xe2\x80\xa6 https://t.co/DiPCtbmMVR'",,0.0,0.0
2020-07-04 07:16:01,b'Ceasefire violations | Turkish and regime forces trade intensive rocket fire in southern Idlib \xf0\x9f\x87\xb8\xf0\x9f\x87\xbe  #Syria #turkey\xe2\x80\xa6 https://t.co/njdgm9RiyG',,0.0,0.0
2020-07-04 07:12:36,"b'The urban destruction is easy to see.. The broken people, not so easy. #Syria #SyrianLivesMatter https://t.co/NkSsl4IzcK'","Mayo, Ireland",0.11666666666666667,0.5166666666666667
2020-07-04 07:11:13,"b'Activists: At least 219 detentions, torture, and 32 killed in custody\n\n\xe2\x80\x9cI managed to protect myself, but my brother\xe2\x80\xa6 https://t.co/SNj1cLXKp9'","Birmingham, UK",-0.25,0.2
2020-07-04 07:09:21,"b'Detentions and Disappearances: #Assad Regime\'s False ""Reconciliation"" in #Syria \n\nhttps://t.co/8h7IliEHZ6\n\n(h/t\xe2\x80\xa6 https://t.co/izUGwB34X1'",University of Birmingham,-0.4000000000000001,0.6
2020-07-04 07:06:22,b'Tiger spotted! Syrian Arab Army 25th Special Forces BGen Suheil al Hassan supporting his forces in the northern\xe2\x80\xa6 https://t.co/oolllS3kUT',home,0.3035714285714286,0.4107142857142857
2020-07-04 07:05:27,b'Throwback to 2016 Eastern #Aleppo. ISIS using US made TOW ATGMs against the #SAA. The US pumped weapons in without\xe2\x80\xa6 https://t.co/NcLbrUiCIe',,0.0,0.0
2020-07-04 06:57:49,"b'An interesting 5 minute video that shows how influential #politics is, across the globe, irrespective of #democracy\xe2\x80\xa6 https://t.co/4XjEygbQ4q'",Malta,0.5,0.5
2020-07-04 06:54:29,b'Google Syrian destruction! Google starving Yemeni &amp; Syrian children! AMERICA is responsible for that! DEMOCRATS are\xe2\x80\xa6 https://t.co/ODVdhbxUrR',"Moves Around A Lot, Pa. ",0.25,0.55
2020-07-04 06:49:50,"b'Kurdish self-administration accuses #Turkey of using the ""water as a weapon"" by reducing the flow of water in the E\xe2\x80\xa6 https://t.co/oyyCejODPj'","London, England",0.0,0.0
2020-07-04 06:48:37,b'The chief prosecutor told the court Vilus trained to kill in #Syria so that he could slaughter those he saw as infi\xe2\x80\xa6 https://t.co/g8INcz8uXQ',Europe,0.0,0.0
2020-07-04 06:47:25,"b'The Euphrates River in north-eastern #Syria turns from a symbol of life to the ""#River_of_Death"". In the river a lo\xe2\x80\xa6 https://t.co/ht7ldifyBU'","London, England",0.0,0.0
2020-07-04 06:46:06,b'Russia\xe2\x80\x99s #VladimirPutin calls on Turkey\xe2\x80\x99s #Erdogan and Iran\xe2\x80\x99s #Rouhani to encourage peaceful dialogue between rival\xe2\x80\xa6 https://t.co/bxfvSosrqd',Saudi Arabia,0.25,0.5
2020-07-04 06:45:39,b'Before and after #Israel|i airstrike on the defense factories north of #Masyaf a month ago #Hama #Syria https://t.co/GiBY9Ww5eu',In the dunes of the MiddleEast,0.0,0.0
2020-07-04 06:39:16,"b""Reports of #Iraq|i counterterrorism unit reached the #Iraqi-#Syria|n al-Qa'im border crossing and took control in o\xe2\x80\xa6 https://t.co/x7ENRIxEif""",In the dunes of the MiddleEast,0.0,0.0
2020-07-04 06:34:26,"b'Strong reporting from @AFP\xe2\x80\x99s @RobaHusseini on the growing number of former #Syria rebel fighters who disappeared, d\xe2\x80\xa6 https://t.co/UleUFPmTo8'",Beirut,0.21666666666666665,0.36666666666666664
2020-07-04 06:28:19,"b'The @SYRedCrescent distributed the Home Garden Grant to 1,500 #families in 10 areas in #Rural_Daraa \nEach family re\xe2\x80\xa6 https://t.co/7qPvlYSt6L'",Syria,0.0,0.0
2020-07-04 06:01:47,b'#Syria Prepares For Military #Confrontation With #Turkey In Northeast | Zero Hedge https://t.co/IlpzQrEBvt',UK- Wales,-0.1,0.1
2020-07-04 06:00:12,b'Must read from Gideon Levy but admit pleased @Keir_Starmer fired Rebecca because like her mentor Jeremy Corbyn and\xe2\x80\xa6 https://t.co/VQEQi904Ax',,0.5,1.0
2020-07-04 06:00:07,b'#Collection This week we picked for you some nice worldwide specimen banknotes printed by Thomas de la Rue.\n\nBrowse\xe2\x80\xa6 https://t.co/WLWrrg1zle',France,0.6,1.0
2020-07-04 05:57:00,b'Food insecurity has become a defining characteristic of the humanitarian situation in north west #Syria \nContinued\xe2\x80\xa6 https://t.co/E37852hCg1',Global,-0.06666666666666667,0.4666666666666666
2020-07-04 05:49:53,b'Desperate civilians in north-west #Syria urgently need humanitarian aid. Tell #Russia to renew the UN cross-border\xe2\x80\xa6 https://t.co/FybwPajfJ7',,-0.6,1.0
2020-07-04 05:49:09,b'Me and the Children of the Syrian refugees in Istanbul ... was exciting \xf0\x9f\xa5\xba if your heart clean and open to all the p\xe2\x80\xa6 https://t.co/O1C4oODeLR',Israel üáÆüá± morocco üá≤üá¶,0.22222222222222224,0.6666666666666666
2020-07-04 05:48:37,"b'@AJEnglish @EmmanuelMacron France has become more ""civilized"" Now they use #uav\'s to kill little #babies in\xe2\x80\xa6 https://t.co/yYDQnT5eh1'",Luanda,0.23750000000000002,0.6333333333333333
2020-07-04 05:41:01,"b'Idlib\'s IDPs in ""Grave Danger"" in light of the heat wave!\nhttps://t.co/bU3YNIT50n\n\n#SYRIA_CALL\n#Syria'",,0.5,0.7
2020-07-04 05:39:19,b'Turkish artillery inflicted heavy artillery strikes on the Syrian army positions #warinsyria #defense #news\xe2\x80\xa6 https://t.co/k0m19D2XBd',"Panagyurishte,Bulgaria",-0.2,0.5
2020-07-04 05:31:23,b'Rojbas #Kurdistan!!!#Heftanin  #Elki #Syria #ALF #\xce\x91frin!! Goodmorning to the whole world!! Azadi te!!!  comes freed\xe2\x80\xa6 https://t.co/zFYx4AIKKY',"Beyoƒülu, ƒ∞stanbul-Constantinople,Group of journalists.",0.6103515625,0.4
2020-07-04 05:25:15,"b'Suwaida: Assad regime permits most dangerous ""kidnapping gang"" \nhttps://t.co/IY6rtSIDo9\n\n#SYRIA_CALL\n#Syria'",,-0.04999999999999999,0.7
2020-07-04 05:14:38,"b'.\nOh, Allah protect the Muslim ummah of your beloved Prophet Muhammad (PBUH) \xf0\x9f\xa5\xba\xf0\x9f\x98\x9e\xf0\x9f\xa4\xb2\xf0\x9f\x92\x94\n\n#kashmiri #kashmiriyat\xe2\x80\xa6 https://t.co/R8jjkeGXcf'","Mumbai, India",0.7,1.0
2020-07-04 05:00:51,b'Kurdish militia start a campaign to detain military aged males for mandatory military service in all areas under Ku\xe2\x80\xa6 https://t.co/DpIQh7vo1y',home,-0.10000000000000002,0.19999999999999998
2020-07-04 04:54:40,b'I am sure #SaudiArabia &amp; #Egypt have hit #Iranian Nuclear sites due to #Iranian spread of terrorism in Arab world.\xe2\x80\xa6 https://t.co/1JTxHvO72m',,0.1875,0.6319444444444444
2020-07-04 04:49:23,"b""Kashmir bleeds in #Pakistan's neighborhood &amp; Palestine  #Egypt's neighborhood in the heart of Arab. I am wondering\xe2\x80\xa6 https://t.co/YryrtoBKMM""",,0.0,0.0
2020-07-04 04:00:00,"b'#Iran, #Russia, #Turkey discuss stabilizing #Syria in virtual summit https://t.co/kBXh3oCGcT \n@amberinzaman'",,0.0,0.0
2020-07-04 03:52:48,b'#Turkish Reconnaissance Aircraft Over #Idlib #Syria https://t.co/vt1F3eUfP4',,0.0,0.0
2020-07-04 03:37:59,b'War Crimes in #Syria\nPerpetrated by the Assad/Russia/Iran Regimes Axis\nWith Impunity\n\nhttps://t.co/QsVxCf6ULI',,0.0,0.0
2020-07-04 03:28:38,b'A French court hands a 30-year prison sentence to extremist fighter Tyler Vilus for crimes committed in #Syria betw\xe2\x80\xa6 https://t.co/cVyHoE1Iex',Dubai,0.0,0.0
2020-07-04 03:19:03,"b""#Crimea is #Russia's strategic outpost for operations in #Syria and #Libya. Those three are deeply linked each othe\xe2\x80\xa6 https://t.co/90LgSienFL""","Tokyo, Japan",0.0,0.4
2020-07-04 03:18:41,b'Anti- Imperialist U: Iran/Contra Pt 2: World War 3 https://t.co/OppRU4k5HB #History #ColdWar #Africa #Angola #Cuba\xe2\x80\xa6 https://t.co/xICwrL9KyV',,0.0,0.0
2020-07-04 03:15:46,b'Anti- Imperialist U: The Battle for Aleppo https://t.co/0eD2aRxmBM #Syria',,0.0,0.0
2020-07-04 03:09:37,"b'Coalition Planes Attack Shi\xe2\x80\x99ite Militias in Eastern Syria\nAttacks targeted base near al-Mayadeen, wounding several\xe2\x80\xa6 https://t.co/YDXjNjIkl6'",San Francisco,-0.35000000000000003,0.7
2020-07-04 03:03:08,"b""Turkey's Syrian mercenaries in Libya and in the homes of Libyan people \xf0\x9f\xa4\xae\n#Libya #LNA #GNA #Turkey #Syria #Erdogan https://t.co/fpibZuWKKl""",,0.0,0.0
2020-07-04 02:56:07,b'@tobiaschneider Is it the same \xe2\x80\x9cconflict\xe2\x80\x9d that murdered scores of civilians with sarin gas or tortured tens of thou\xe2\x80\xa6 https://t.co/WJi6vDgSkE',"Los Angeles, CA",0.0,0.125
2020-07-04 02:51:05,b'#CCP_is_terrorist\n#CCPChina\nDigital stalking of #Muslims #Uyghurs by #China\nThis is #UyghurGenocide\n\n@OIC_OCI\xe2\x80\xa6 https://t.co/xJEqSfFRoe',,0.0,0.0
2020-07-04 02:50:10,"b'When a #Country Decides to #Enter into a #War without #Win, as a #Result, the #Number of #Home #Coffins will\xe2\x80\xa6 https://t.co/eIgwdvqVms'",France,0.8,0.4
2020-07-04 02:42:27,b'#AAE French ISIS extremist Tyler Vilus gets 30 years for Syria crimes https://t.co/Xwfh5p25uo #Syria',Brussels,0.0,0.0
2020-07-04 02:41:42,"b'Rusya, produces heroin in #syria and sends it to Europa.\n\n#exatlon #NARUTO #digga #Trump .\n#BlackLivesMatter'",,0.0,0.0
2020-07-04 02:30:08,b'Prosecutors seek life term for #French jihadist accused of #Syria executions\n\n#TylerVilus #IslamicState\xe2\x80\xa6 https://t.co/qlcxNeRfgT',,0.0,0.0
2020-07-04 02:29:01,b'Archive photo from 2017:\nSyrian Arab army solider refused to leave behind his injured comrade despite being surroun\xe2\x80\xa6 https://t.co/xHKZVFHsrA',Getting coffee,-0.4,0.7
2020-07-04 02:27:28,b'Qatar is sending 100 million dollar for Turkish backed radical islamist terrorist groups occupying Kurdish regions\xe2\x80\xa6 https://t.co/3YDotYIlQs',Kurdistanüåû,0.0,0.0
2020-07-04 02:15:38,b'Syrian Arab Army reinforcements organizing in the southern #Idlib countryside #Syria #Syrianarmy\xf0\x9f\x87\xb8\xf0\x9f\x87\xbeplease feel free\xe2\x80\xa6 https://t.co/Kp3QFE8Pgo',home,0.0,0.0
2020-07-04 02:11:48,b'@OALD24 #USA is reducing its resources to fight #IS. #Russia needs to take over where Americans left. I think this\xe2\x80\xa6 https://t.co/c8CdJJwZi9',Canada,0.0,0.0
2020-07-04 02:06:15,b'#SYRIA: Free helpline for women - call 9847 between 4pm - 8pm every day except Fri',We are global!,0.4,0.8
2020-07-04 02:05:35,"b'A #US military patrol in northeastern #Syria blocks #Russian patrols from entering the Semalka border crossing, for\xe2\x80\xa6 https://t.co/VVYMlZVG8r'","London, England",-0.05,0.05
2020-07-04 01:52:56,b'Khamenei is getting his ass kicked left and right. His pictures are taken down in #Iraq and his associates being ja\xe2\x80\xa6 https://t.co/k3c31PX4Tj',,0.04338624338624337,0.27486772486772487
2020-07-04 01:50:55,"b'@judgment_queen @BaxtiyarGoran Just like they did to the Armenians, it\xe2\x80\x99s like nothing has changed in 100 years.\xe2\x80\xa6 https://t.co/cvNqBgkA14'",,0.0,0.0
2020-07-04 01:36:23,"b""Anti- Imperialist U: The secret history of America's covert wars, with Higo Turner https://t.co/l1rGcmdwoD\xe2\x80\xa6 https://t.co/bPrN8bvp5E""",,-0.4,0.7
2020-07-04 01:28:07,b'Anti- Imperialist U: Bombing at Deir Ezzor https://t.co/EAfNVyZfQw #Syria',,0.0,0.0
2020-07-04 01:19:48,"b'This is turkey safe-zone.\nTurkey only create war zone. Turkey is part of war in #Libya, #Syria, and  #Iraq. https://t.co/0psQ3xaaKi'","Washington, DC",0.0,1.0
2020-07-04 01:19:28,"b""Let @annie_sparrow's work be a reminder to the horrendous web of  collusion, neglect and disregard that's is #Syria\nhttps://t.co/ooVwQ5vmJJ""",,0.0,0.0
2020-07-04 01:11:37,b'#AutonomousZones from #Seattle #CHAZ/#CHOP to #Syria.\n\nVideo by @Partisangirl.\n\n#Antifa #AntifaTerrorist\xe2\x80\xa6 https://t.co/4hYxSoJd3k',,0.0,0.0
2020-07-04 00:59:44,b'Syrian Arab Army soldiers with armour support during ongoing operations against Turkish occupation forces in the so\xe2\x80\xa6 https://t.co/jY7HAb3zB3',home,0.0,0.0
2020-07-04 00:54:33,b'\xf0\x9f\x94\xb5 #HRW A former Syrian detainee: The regime smacked the colors of torture and insults ... condemn\xe2\x80\xa6 https://t.co/DD8reKh2xs',"Istanbul, Turkey",0.0,0.0
2020-07-04 00:50:35,b'\xe2\x9d\x8c\xf0\x9f\x92\xadAerial bombardment targeting Iranian groups in eastern #Syria \n\nhttps://t.co/q2ZILbZq6s\xe2\x80\xa6 https://t.co/95y558t104',"Istanbul, Turkey",0.0,0.0
2020-07-04 00:36:06,b'@ICRC @wolfblitzer @CNN The Western Media Is Key To #Syria Deception\n\nThe media are not a watchdog on power but the\xe2\x80\xa6 https://t.co/1jO62Agin6',world,0.0,0.5
2020-07-04 00:34:43,b'@ICRC @wolfblitzer @CNN #HillaryClinton :\n\nWe must destroy #Syria for #Israel\n\n#KillaryClinton\n\nhttps://t.co/XGnJk1ydbd',world,-0.2,0.0
2020-07-04 00:31:16,b'@sherryrehman Why not #UN not play his role to resolve such Highly Sensitive Issues to bring #Peace in many parts o\xe2\x80\xa6 https://t.co/LQ1spMC65w',"⁄ØŸàÿ¨ÿ±ÿßŸÜŸàÿßŸÑ€Å, Ÿæÿß⁄©ÿ≥ÿ™ÿßŸÜ",0.19999999999999998,0.6333333333333333
2020-07-04 00:30:44,b'@ICRC @wolfblitzer @CNN Pentagon trained Syria\xe2\x80\x99s #AlQaeda \xe2\x80\x9cRebels\xe2\x80\x9d in the use of #chemicalweapons\n\nThe western MSM\xe2\x80\xa6 https://t.co/yefM8gtlTs',world,0.0,0.0
2020-07-04 00:29:11,"b'@ICRC @wolfblitzer @CNN Chaos in #Syria, Part I \xe2\x80\x93 \n3 Motives and 7 Countries\n\nhttps://t.co/VE7VFrVE3E\n\nand\n\nChaos i\xe2\x80\xa6 https://t.co/Tq2daQfXdx'",world,0.0,0.0
2020-07-04 00:25:58,b'@ICRC How America Armed Terrorists in #Syria\n\nhttps://t.co/TMNu2xTKOO',world,0.0,0.0
2020-07-04 00:25:17,b'@statedeptspox Why not #UN not play his role to resolve such Highly Sensitive Issues to bring #Peace in many parts\xe2\x80\xa6 https://t.co/fh7F95PKq3',"⁄ØŸàÿ¨ÿ±ÿßŸÜŸàÿßŸÑ€Å, Ÿæÿß⁄©ÿ≥ÿ™ÿßŸÜ",0.19999999999999998,0.6333333333333333
2020-07-04 00:24:26,b'@ICRC West Media Coverage on Syria is the Biggest Media Lie of our Time. \n\nInterview with Flemish Priest in #Syria\n\nhttps://t.co/PPuxDC8z6K',world,0.0,0.0
2020-07-04 00:23:09,"b'@ICRC #WikiLeaks reveals how the #USA aggressively pursued #regimeChange in #Syria, igniting a bloodbath\n\nhttps://t.co/qymJQro7ku'",world,0.0,0.0
2020-07-04 00:21:59,"b'@ICRC #Murdoch controls #TheresaMay, desperate for #Syria invasion - Planned before 2001, after Syria, #Iran\n\nhttps://t.co/QkoU9298KY'",world,-0.6,1.0
2020-07-04 00:21:52,b'Frm #Syria n #Iran to #Israel n #Russia.. n then again #Venezuela #HongKong #Taiwan #NorthKorea #China.. O this\xe2\x80\xa6 https://t.co/s3qmoroNvU',"Bangalore, India",0.0,0.0
2020-07-04 00:20:59,b'@ICRC 1986 - New Declassified #CIA Memo Presents Blueprint for Syrian Regime Collapse | #Syria |\n\nhttps://t.co/M4UwlgB32s',world,0.13636363636363635,0.45454545454545453
2020-07-04 00:20:34,b'#Hope #USA #Syria advocate admirable w/over 30k followers we notice envy eating choices-You tell a story of the dic\xe2\x80\xa6 https://t.co/i1c8L4oYh6',#StGeorge~#StatenIsland~#NYC,0.0,0.0
2020-07-04 00:20:25,b'I want to remind you that the Turkish army kill Kurdish civilians with arms supplied mainly by German state / firms\xe2\x80\xa6 https://t.co/SOUlQRgvF3',Kurdistanüåû,0.0,0.0
2020-07-04 00:19:52,b'@ICRC Virginia Senator #RichardBlack tells the truth about #Syria and #Libya\n\nhttps://t.co/v6PdnwZfLI',world,0.0,0.0
2020-07-04 00:18:04,b'@ICRC #Syria : You only hate Assad because your-TV-told-you-to\n\nhttps://t.co/1ouLDn41ts',world,-0.4,0.95
2020-07-04 00:17:37,b'@ICRC Henry Lowendorf: What we saw in #Syria goes against everything we read in the #USA | #journalism\n\nhttps://t.co/oOuak2tswC',world,0.0,0.0
2020-07-04 00:16:57,"b'@ICRC #Dumas, ex Foreign Minister of France :\n\nUK Government prepared #war in #Syria 2 years before 2011 protests\n\nhttps://t.co/Hykr6iiFZL'",world,-0.125,0.125
2020-07-04 00:14:51,"b""VIDEO: Comparing concept of 'autonomous' #CHAZ #CHOP and US-backed Kurdish #Rojava in #Syria.. \nhttps://t.co/iJ1ZYSivMa""",USA,0.4,0.7
2020-07-04 00:14:41,"b""After 'reconciliation': #Syria regime's silent crackdown https://t.co/HsJjq66K2T via @AlMonitor""",United States,0.0,0.1
2020-07-04 00:12:07,b'The Syrian Army and the National Defense Forces have put their forces on high alert in response to the new round of\xe2\x80\xa6 https://t.co/QMnm1ryQqR',"Dublin City, Ireland",0.03212121212121213,0.46484848484848484
2020-07-04 00:09:02,b'@canstopterror #Iranian Government  dose not need to barrow money from #IMF if they stop spending money on their tr\xe2\x80\xa6 https://t.co/LEJoRdd4an',"Ontario, Canada",0.0,0.0
2020-07-04 00:05:13,b'Anti- Imperialist U: Death of Motorola #Syria on the Offensive https://t.co/i4tN8x66W9 #Ukraine',,0.0,0.0
2020-07-04 00:04:57,b'@lilygrutcher #Iran alway wanted a ground path to the outskirts of #Israel through #Golan. Now they have it with al\xe2\x80\xa6 https://t.co/I0DpYCRZuL',"Orlando, FL",0.0,0.0
