2020-03-24 23:59:51,b'@marchmadness @NaismithTrophy @UKCoachCalipari is missing...',"Louisville, KY",-0.2,0.05
2020-03-24 23:58:49,"b'@boettger_eli @marchmadness You beat me to the thank you note to @marchmadness, Eli. Nice to have the best quality\xe2\x80\xa6 https://t.co/cYrlUFWlvW'","Bristol, CT",0.8,0.65
2020-03-24 23:58:47,"b'@the_cooler @marchmadness @DaytonMBB @otoppin1 @DaytonFlyers @LukaG_55 Aww are you triggered, little guy? You\xe2\x80\x99re st\xe2\x80\xa6 https://t.co/sSMYNexN3W'","Metro Detroit | Dayton, OH",0.056249999999999994,0.7
2020-03-24 23:57:22,b'@marchmadness @NaismithTrophy @BaylorMBB @MarkVitalJr @KentuckyMBB @H23Ash @DukeMBB @Tre3Jones @KUHoops\xe2\x80\xa6 https://t.co/BAy7ezVnqe',,0.0,0.0
2020-03-24 23:55:45,b'@marchmadness @UKAthletics @NaismithTrophy @BaylorMBB @MarkVitalJr @KentuckyMBB @H23Ash @DukeMBB @Tre3Jones\xe2\x80\xa6 https://t.co/OK6AmztlRh',,0.0,0.0
2020-03-24 23:53:54,b'@marchmadness @NaismithTrophy Forgot @UKCoachCalipari',"Independence, KY",0.0,0.0
2020-03-24 23:53:51,b'@marchmadness @NaismithTrophy @BaylorMBB @MarkVitalJr @KentuckyMBB @H23Ash @DukeMBB @Tre3Jones @KUHoops\xe2\x80\xa6 https://t.co/RvCNhI0pdB',"Lansing, MI",0.0,0.0
2020-03-24 23:52:57,b'@marchmadness @NaismithTrophy @BaylorMBB @MarkVitalJr @KentuckyMBB @H23Ash @DukeMBB @Tre3Jones @KUHoops\xe2\x80\xa6 https://t.co/Hh4C8uW7QW',Big Blue Nation Til I Die,0.0,0.0
2020-03-24 23:52:24,b'@marchmadness @NaismithTrophy @BaylorMBB @MarkVitalJr @KentuckyMBB @H23Ash @DukeMBB @Tre3Jones @KUHoops @ImMarcusGarrett Tre all the way',Florida,0.0,0.0
2020-03-24 23:51:05,b'@marchmadness @TheAndyKatz @NaismithTrophy @BaylorMBB @MarkVitalJr @KentuckyMBB @H23Ash @DukeMBB @Tre3Jones\xe2\x80\xa6 https://t.co/Vc1Jxb3V2s',"Bethesda, MD",0.0,0.0
2020-03-24 23:50:20,"b'A column from last March 30, my 32nd @marchmadness regional final and a riveting night in the Derby City. #UVa\xe2\x80\xa6 https://t.co/zlta0EdBwJ'","Newport News, Va.",0.16666666666666666,0.6888888888888888
2020-03-24 23:49:39,b'@tdickson33 @PacificMensBB @Pacific_Hoops @PacificTigers @UOPacific @marchmadness Zoom is everywhere! This is great',California,0.8,0.75
2020-03-24 23:45:01,b'@DannyDa27021564 @marchmadness @NaismithTrophy @BaylorMBB @MarkVitalJr @KentuckyMBB @H23Ash @DukeMBB @Tre3Jones\xe2\x80\xa6 https://t.co/MXIPjLcnFo',Western Kansas,0.0,0.0
2020-03-24 23:44:19,b'@marchmadness @NaismithTrophy @BaylorMBB @MarkVitalJr @KentuckyMBB @H23Ash @DukeMBB @Tre3Jones @KUHoops\xe2\x80\xa6 https://t.co/X5xrT9lxM9',"Chicago, IL.",0.0,0.0
2020-03-24 23:43:45,b'@marchmadness @iamnickrichards @NaismithTrophy @BaylorMBB @MarkVitalJr @KentuckyMBB @H23Ash @DukeMBB @Tre3Jones\xe2\x80\xa6 https://t.co/TGmv0lFBYr',,0.0,0.0
2020-03-24 23:43:01,b'@marchmadness @NaismithTrophy @BaylorMBB @MarkVitalJr @KentuckyMBB @H23Ash @DukeMBB @Tre3Jones @KUHoops\xe2\x80\xa6 https://t.co/yiw81XI40T',,0.0,0.0
2020-03-24 23:42:57,b'@Adizzle35 @king23solomon @marchmadness @NaismithTrophy @BaylorMBB @MarkVitalJr @KentuckyMBB @H23Ash @DukeMBB\xe2\x80\xa6 https://t.co/Eewwma7b7f',,0.0,0.0
2020-03-24 23:41:43,b'@BuntzBig @realSamChatham @pX_Shark @marchmadness @DaytonMBB @otoppin1 @DaytonFlyers So you\xe2\x80\x99re saying he deserves i\xe2\x80\xa6 https://t.co/q6MaP8Sypw',"Nebraska, USA",0.0,0.0
2020-03-24 23:40:48,b'@marchmadness @NaismithTrophy @BaylorMBB @MarkVitalJr @KentuckyMBB @H23Ash @DukeMBB @Tre3Jones @KUHoops\xe2\x80\xa6 https://t.co/NhywIBDYIa',"Knoxville, TN",0.0,0.0
2020-03-24 23:40:45,b'@rickbozich Has there been a single Louisville game included in any of @marchmadness offerings? The lack of respect\xe2\x80\xa6 https://t.co/tXflEGugzI',Brooklyn,-0.2357142857142857,0.30714285714285716
2020-03-24 23:40:07,"b'Maybe I\xe2\x80\x99m late to the party, but this tweet just made me realize that @UVAMensHoops will be national champs for one\xe2\x80\xa6 https://t.co/L5wQd7zBkC'","Washington, D.C.",-0.3,0.6
2020-03-24 23:39:05,b'@BuntzBig @realSamChatham @pX_Shark @marchmadness @DaytonMBB @otoppin1 @DaytonFlyers Bruh he didn\xe2\x80\x99t even have the m\xe2\x80\xa6 https://t.co/b9aMmqZsjC',"Nebraska, USA",0.0,0.0
2020-03-24 23:38:39,b'@marchmadness @NaismithTrophy @BaylorMBB @MarkVitalJr @KentuckyMBB @H23Ash @DukeMBB @Tre3Jones @KUHoops\xe2\x80\xa6 https://t.co/wPvilAqocp',,0.0,0.0
2020-03-24 23:38:07,b'@Razzle11Grinds @247gonefishing @marchmadness @DaytonMBB @otoppin1 @DaytonFlyers No you',"Nebraska, USA",0.0,0.0
2020-03-24 23:37:10,b'@marchmadness @NaismithTrophy @BaylorMBB @MarkVitalJr @KentuckyMBB @H23Ash @DukeMBB @Tre3Jones @KUHoops\xe2\x80\xa6 https://t.co/5LbZV1CM3N',"Noble, OK",0.0,0.0
2020-03-24 23:36:53,b'@marchmadness @NaismithTrophy @BaylorMBB @MarkVitalJr @KentuckyMBB @H23Ash @DukeMBB @Tre3Jones @KUHoops\xe2\x80\xa6 https://t.co/QAKcJA8oga',"Lawrence, KS",0.0,0.0
2020-03-24 23:36:26,b'Huge props to the @marchmadness YouTube account for uploading these gems over the last few days. https://t.co/hYCgXJwf0q',"Seattle, WA",0.0666666666666667,0.35555555555555557
2020-03-24 23:35:34,b'@DannyDa27021564 @marchmadness @NaismithTrophy @BaylorMBB @MarkVitalJr @KentuckyMBB @H23Ash @DukeMBB @Tre3Jones\xe2\x80\xa6 https://t.co/KeUpzmXx5b',,0.0,0.0
2020-03-24 23:35:07,b'@marchmadness @NaismithTrophy @BaylorMBB @MarkVitalJr @KentuckyMBB @H23Ash @DukeMBB @Tre3Jones @KUHoops\xe2\x80\xa6 https://t.co/O4BFWLqk7c',,0.0,0.0
2020-03-24 23:33:46,b'@DannyDa27021564 @marchmadness @NaismithTrophy @BaylorMBB @MarkVitalJr @KentuckyMBB @H23Ash @DukeMBB @Tre3Jones\xe2\x80\xa6 https://t.co/1nGA0IJsqT',"Shawnee, KS",0.0,0.0
2020-03-24 23:33:18,b'@finnof300 @joeymiller1599 @DamonTheGood @ku_grant @JReber16 @DannyDa27021564 @marchmadness @NaismithTrophy\xe2\x80\xa6 https://t.co/riMCCJGBAh',"Lawrence, KS",0.0,0.0
2020-03-24 23:32:02,b'@TylerStanton__ @MaruchanInstant @MasonSm1th @marchmadness @NaismithTrophy @BaylorMBB @MarkVitalJr @KentuckyMBB\xe2\x80\xa6 https://t.co/3RUtrlHyTr',,0.0,0.0
2020-03-24 23:31:18,b'@SkyMan_J @joeymiller1599 @DamonTheGood @ku_grant @JReber16 @DannyDa27021564 @marchmadness @NaismithTrophy\xe2\x80\xa6 https://t.co/fxIVjwwzBt',"UGA 2019 - Atlanta, GA",0.0,0.0
2020-03-24 23:30:52,b'@joeymiller1599 @DamonTheGood @ku_grant @JReber16 @DannyDa27021564 @marchmadness @NaismithTrophy @BaylorMBB\xe2\x80\xa6 https://t.co/Z4fkTpgN9U',"UGA 2019 - Atlanta, GA",0.0,0.0
2020-03-24 23:30:51,b'@marchmadness @NaismithTrophy @BaylorMBB @MarkVitalJr @KentuckyMBB @H23Ash @DukeMBB @Tre3Jones @KUHoops @ImMarcusGarrett None of them',"Denver, CO",0.0,0.0
2020-03-24 23:30:32,b'@joeymiller1599 @DamonTheGood @ku_grant @JReber16 @DannyDa27021564 @marchmadness @NaismithTrophy @BaylorMBB\xe2\x80\xa6 https://t.co/elzOjsiYer',"Lawrence, KS",0.0,0.0
2020-03-24 23:30:22,b'@DamonTheGood @joeymiller1599 @ku_grant @JReber16 @DannyDa27021564 @marchmadness @NaismithTrophy @BaylorMBB\xe2\x80\xa6 https://t.co/KWCL973mAm',,0.0,0.0
2020-03-24 23:29:57,b'@marchmadness @NaismithTrophy @BaylorMBB @MarkVitalJr @KentuckyMBB @H23Ash @DukeMBB @Tre3Jones @KUHoops\xe2\x80\xa6 https://t.co/MUdLBAvu6G',,0.0,0.0
2020-03-24 23:29:53,"b""@marchmadness @NaismithTrophy It's a damn shame that Greg Guard isn't on this list! #Badgers""",Wisconsin,0.0,0.0
2020-03-24 23:28:14,b'@marchmadness @NaismithTrophy @BaylorMBB @MarkVitalJr @KentuckyMBB @H23Ash @DukeMBB @Tre3Jones @KUHoops @ImMarcusGarrett Jalen Smith of MD',"Hagerstown, MD",0.0,0.0
2020-03-24 23:28:12,b'@marchmadness @NaismithTrophy Where\xe2\x80\x99s Greg McDermott',,0.0,0.0
2020-03-24 23:26:47,b'@joeymiller1599 @ku_grant @DamonTheGood @JReber16 @DannyDa27021564 @marchmadness @NaismithTrophy @BaylorMBB\xe2\x80\xa6 https://t.co/wuJcWWU5kR',,0.0,0.0
2020-03-24 23:26:38,b'@marchmadness @NaismithTrophy @BaylorMBB @MarkVitalJr @KentuckyMBB @H23Ash @DukeMBB @Tre3Jones @KUHoops\xe2\x80\xa6 https://t.co/CWptayAWzD',Kansas,0.0,0.0
2020-03-24 23:26:12,b'@marchmadness @NaismithTrophy @BaylorMBB @MarkVitalJr @KentuckyMBB @H23Ash @DukeMBB @Tre3Jones @KUHoops\xe2\x80\xa6 https://t.co/aWRlRQAhF7',"Lexington, KY",0.0,0.0
2020-03-24 23:25:00,b'@marchmadness @NaismithTrophy Stop voting for cupcake conference coaches. Beating high school teams isn\xe2\x80\x99t impressive',"Pittsburgh, PA",0.58,0.77
2020-03-24 23:23:26,b'@marchmadness @NaismithTrophy @BaylorMBB @MarkVitalJr @KentuckyMBB @H23Ash @DukeMBB @Tre3Jones @KUHoops\xe2\x80\xa6 https://t.co/Lt7i3TDg4f',"Tennessee, USA",0.0,0.0
2020-03-24 23:23:15,b'@marchmadness @DaytonMBB @DaytonFlyers Congrats to Danthony Grant!!!',Pea Ridge Ar,0.0,0.0
2020-03-24 23:22:31,b'@marchmadness @NaismithTrophy @BaylorMBB @MarkVitalJr @KentuckyMBB @H23Ash @DukeMBB @Tre3Jones @KUHoops\xe2\x80\xa6 https://t.co/lRwHnhaKiy',,0.0,0.0
2020-03-24 23:20:00,b'@247gonefishing @marchmadness @DaytonMBB @otoppin1 @DaytonFlyers Did you say that in past years when players from H\xe2\x80\xa6 https://t.co/668BFKtys3',,-0.25,0.25
2020-03-24 23:19:49,b'@marchmadness @NaismithTrophy @BaylorMBB @MarkVitalJr @KentuckyMBB @H23Ash @DukeMBB @Tre3Jones @KUHoops\xe2\x80\xa6 https://t.co/IsbpXZljX3',"York, PA",0.0,0.0
2020-03-24 23:18:45,b'@marchmadness @kistek @NaismithTrophy @BaylorMBB @MarkVitalJr @KentuckyMBB @H23Ash @DukeMBB @Tre3Jones @KUHoops\xe2\x80\xa6 https://t.co/0XD32q6lT3',KCMO,0.0,0.0
2020-03-24 23:18:40,b'@marchmadness @NaismithTrophy @BaylorMBB @MarkVitalJr @KentuckyMBB @H23Ash @DukeMBB @Tre3Jones @KUHoops\xe2\x80\xa6 https://t.co/hSFBQEyzkS',"Ohio, USA",0.0,0.0
2020-03-24 23:16:42,b'@NCAA @marchmadness Hack it up and play ball.',"Neptune Beach, Florida, USA",0.0,0.0
2020-03-24 23:16:26,b'@ryannorton1 @marchmadness @DukeMBB @TheAndyKatz The Gordon Hayward missed shot IS part of the Butler 2010 NCAA Tou\xe2\x80\xa6 https://t.co/MeGtWen18l',"Hendersonville, NC",0.0,0.0
2020-03-24 23:16:11,b'@marchmadness @NaismithTrophy @BaylorMBB @MarkVitalJr @KentuckyMBB @H23Ash @DukeMBB @Tre3Jones @KUHoops\xe2\x80\xa6 https://t.co/2f3j9IsZNw',Krzyzewskiville,0.0,0.0
2020-03-24 23:14:00,b'@marchmadness @NaismithTrophy How are these candidates selected? What would rule out Mark Few but include Grant and\xe2\x80\xa6 https://t.co/sRD4VI2dnC',Washington,-0.2,0.1
2020-03-24 23:10:46,b'@mikedoll13 @marchmadness @TheAndyKatz @NaismithTrophy @BaylorMBB @MarkVitalJr @KentuckyMBB @H23Ash @DukeMBB\xe2\x80\xa6 https://t.co/O2UHbMchar',"Austin, TX",0.0,0.0
2020-03-24 23:10:37,b'@gmill888 @marchmadness @TheAndyKatz @NaismithTrophy @BaylorMBB @MarkVitalJr @KentuckyMBB @H23Ash @DukeMBB\xe2\x80\xa6 https://t.co/SeLjIJ5v6Y',"Goodland, KS",0.0,0.0
2020-03-24 23:08:14,b'@marchmadness @NaismithTrophy AG got such a bad rap at Bama. Feel so bad for him and his guys this year. Had a grea\xe2\x80\xa6 https://t.co/CQEwEZUYz7',Floating in the pool,-0.46666666666666656,0.611111111111111
2020-03-24 23:08:00,b'@marchmadness @NaismithTrophy Dayton\xe2\x80\x99s signature win this year is St. Mary\xe2\x80\x99s. Give it to Dutcher!',"Dallas, TX",1.0,0.4
2020-03-24 23:05:08,b'@PackTimPeeler @marchmadness Recency bias and NBA performance bias. Steph was great in college but not transcendent\xe2\x80\xa6 https://t.co/Fvt0DZqaHj',,0.8,0.75
2020-03-24 23:04:32,b'@marchmadness @NaismithTrophy @BaylorMBB @MarkVitalJr @KentuckyMBB @H23Ash @DukeMBB @Tre3Jones @KUHoops\xe2\x80\xa6 https://t.co/1qdOhtyiHs',St Louis County MO,0.0,0.0
2020-03-24 23:03:41,b'@TylerStanton__ @MasonSm1th @marchmadness @NaismithTrophy @BaylorMBB @MarkVitalJr @KentuckyMBB @H23Ash @DukeMBB\xe2\x80\xa6 https://t.co/niMoqaaODS',"Wichita, KS",0.0,0.0
2020-03-24 23:03:24,b'@marchmadness @NaismithTrophy @BaylorMBB @MarkVitalJr @KentuckyMBB @H23Ash @DukeMBB @Tre3Jones @KUHoops\xe2\x80\xa6 https://t.co/ItEzPuE2w2',"Indiana, USA",0.0,0.0
2020-03-24 23:02:48,"b'@the_cooler @marchmadness @DaytonMBB @otoppin1 @DaytonFlyers @LukaG_55 What\xe2\x80\x99s that, big fella? Only one? Get your f\xe2\x80\xa6 https://t.co/pfULvaSa2h'","Metro Detroit | Dayton, OH",0.0,0.55
2020-03-24 23:02:44,b'@MaruchanInstant @MasonSm1th @marchmadness @NaismithTrophy @BaylorMBB @MarkVitalJr @KentuckyMBB @H23Ash @DukeMBB\xe2\x80\xa6 https://t.co/MC232inqlr',"Springfield, MO",0.0,0.0
2020-03-24 23:01:18,b'@marchmadness @NaismithTrophy @BaylorMBB @MarkVitalJr @KentuckyMBB @H23Ash @DukeMBB @Tre3Jones @KUHoops\xe2\x80\xa6 https://t.co/nOZFbR44XT',,0.0,0.0
2020-03-24 23:00:19,b'@TylerStanton__ @MasonSm1th @marchmadness @NaismithTrophy @BaylorMBB @MarkVitalJr @KentuckyMBB @H23Ash @DukeMBB\xe2\x80\xa6 https://t.co/SxVXLzwXyK',"Wichita, KS",0.0,0.0
2020-03-24 22:59:36,"b'@Dugganman456 @marchmadness @NaismithTrophy Yeah, and Giannis and a bunch of poorly coached scrubs would also be .5\xe2\x80\xa6 https://t.co/F6FhiqYOId'",Stealing your draft picks,-0.4,0.6
2020-03-24 22:58:52,b'Please go vote on the @marchmadness classic game polls in the thread if you haven\xe2\x80\x99t already once you vote feel free\xe2\x80\xa6 https://t.co/0m2vQ6G4xb',,-0.11666666666666668,0.2833333333333333
2020-03-24 22:57:43,b'@marchmadness @NaismithTrophy @BaylorMBB @MarkVitalJr @KentuckyMBB @H23Ash @DukeMBB @Tre3Jones @KUHoops\xe2\x80\xa6 https://t.co/JFl26WGW8P',CA ‚ÜóÔ∏è KY ,0.0,0.0
2020-03-24 22:56:16,"b'@CateriusWilming @marchmadness @NaismithTrophy It\xe2\x80\x99s obvious that the bucks would still be good without Giannis, but\xe2\x80\xa6 https://t.co/VBXkvrmNzn'",,0.35,0.55
2020-03-24 22:55:19,b'Join us in a few minutes to get your March Madness fix......@PacificMensBB @Pacific_Hoops @PacificTigers @UOPacific\xe2\x80\xa6 https://t.co/uBNeRX2B6Z',"Stockton, CA",-0.2,0.1
2020-03-24 22:55:12,b'@PackTimPeeler @DrTom78 @unc8689 @stuartmauney @DanAtkinsonEsq @marchmadness My family was at that game. My husband\xe2\x80\xa6 https://t.co/4Bj558JoBe',"New Bern, United States",-0.4,0.4
2020-03-24 22:53:50,b'@MasonSm1th @marchmadness @NaismithTrophy @BaylorMBB @MarkVitalJr @KentuckyMBB @H23Ash @DukeMBB @Tre3Jones @KUHoops\xe2\x80\xa6 https://t.co/CN9ybWDvAm',"Springfield, MO",0.0,0.0
2020-03-24 22:51:18,"b'@Dugganman456 @marchmadness @NaismithTrophy Absurd comparison Giannis has another all star on his team, a top 3 coa\xe2\x80\xa6 https://t.co/q06R0uIxPO'",Stealing your draft picks,0.0,0.75
2020-03-24 22:48:25,b'@CateriusWilming @marchmadness @NaismithTrophy Tell that to Giannis',,0.0,0.0
2020-03-24 22:46:46,b'@Dugganman456 @marchmadness @NaismithTrophy Takes more than one great player to be a great team',Stealing your draft picks,0.7000000000000001,0.6666666666666666
2020-03-24 22:44:53,b'@marchmadness @TheAndyKatz @NaismithTrophy @BaylorMBB @MarkVitalJr @KentuckyMBB @H23Ash @DukeMBB @Tre3Jones\xe2\x80\xa6 https://t.co/wPnBVwR2dT',"Ohio, USA",0.0,0.0
2020-03-24 22:43:14,b'@marchmadness @NaismithTrophy @BaylorMBB @MarkVitalJr @KentuckyMBB @H23Ash @DukeMBB @Tre3Jones @KUHoops\xe2\x80\xa6 https://t.co/2oN6bLNO9g',,0.0,0.0
2020-03-24 22:43:04,b'@CateriusWilming @marchmadness @NaismithTrophy They don\xe2\x80\x99t got a guy that dunks all the time and gets on sportscenter',,0.0,0.0
2020-03-24 22:42:56,b'@NateAndree @MatthewLarkinn @marchmadness @NaismithTrophy @NolaNooch .... known weeder',,0.0,0.0
2020-03-24 22:41:45,b'@NateAndree @MatthewLarkinn @marchmadness @NaismithTrophy Beaks... known eater',,0.0,0.0
2020-03-24 22:39:53,b'@marchmadness @NaismithTrophy @BaylorMBB @MarkVitalJr @KentuckyMBB @H23Ash @DukeMBB @Tre3Jones @KUHoops\xe2\x80\xa6 https://t.co/qtNM8vbGAe',KCMO,0.0,0.0
2020-03-24 22:39:44,b'@MatthewLarkinn @marchmadness @NaismithTrophy Known cheater',,0.0,0.0
2020-03-24 22:39:14,b'@Dugganman456 @marchmadness @NaismithTrophy Then why don\xe2\x80\x99t all the mid majors get to number 3 at some point?',Stealing your draft picks,0.0,0.0
2020-03-24 22:38:56,b'@marchmadness @NaismithTrophy You forgot about the number 1 team in the nations coach. https://t.co/Xo1pAD0Pdk',"Kansas, USA",0.0,0.0
2020-03-24 22:38:40,b'@marchmadness @NaismithTrophy Where\xe2\x80\x99s @cucoachmac?',Omaha,0.0,0.0
2020-03-24 22:38:39,b'@christian_szn @marchmadness @NaismithTrophy Hamilton deserves it lmao',"Tallahassee, FL",0.6,1.0
2020-03-24 22:38:35,b'I agree Dickie V. I am needing @marchmadness https://t.co/A4AjJwnrle',"Danville, KY",0.0,0.0
2020-03-24 22:38:26,"b'@marchmadness @NaismithTrophy Um, where\xe2\x80\x99s @coachbrucepearl ??? #WDE'",GA,0.0,0.0
2020-03-24 22:38:25,b'@christian_szn @marchmadness @NaismithTrophy Whatz up with Mr. Hamilton?',United States,0.0,0.0
2020-03-24 22:38:14,b'@marchmadness @NaismithTrophy Bill self.',AZ ‚û°Ô∏è KS,0.0,0.0
2020-03-24 22:37:01,b'@marchmadness @NaismithTrophy Easy to become coach of the year when you play your way to #3 in the nation against unranked opponents',,0.43333333333333335,0.8333333333333334
2020-03-24 22:36:56,b'@marchmadness @NaismithTrophy Dutcher. Grant as a close 2nd',"Earth, Milky Way ",0.0,0.0
2020-03-24 22:36:31,b'@marchmadness @NaismithTrophy Dayton',"Detroit, MI",0.0,0.0
2020-03-24 22:36:27,b'@marchmadness @NaismithTrophy Please don\xe2\x80\x99t vote for Leonard Hamilton guys. I mean this award needs to go to someone who deserves it!!',,-0.48828125,0.6875
2020-03-24 22:36:19,b'@marchmadness @NaismithTrophy Dayton. Close the poll',,0.0,0.0
2020-03-24 22:34:46,b'@marchmadness @NaismithTrophy @BaylorMBB @MarkVitalJr @KentuckyMBB @H23Ash @DukeMBB @Tre3Jones @KUHoops\xe2\x80\xa6 https://t.co/Y8KJdnMVep',KC,0.0,0.0
2020-03-24 22:32:20,b'@gchscoachray @king23solomon @marchmadness @NaismithTrophy @BaylorMBB @MarkVitalJr @KentuckyMBB @H23Ash @DukeMBB\xe2\x80\xa6 https://t.co/erwt3XtUGO',KY,0.0,0.0
2020-03-24 22:30:03,"b""~ BEST @NCAA @marchmadness NATIONAL CHAMPION BRACKET~\n\n**Round of 32**\nWho's the best of the best?\n\nVOTE HERE \xe2\xac\x87\xef\xb8\x8f |\xe2\x80\xa6 https://t.co/1HkvSdjOY4""","Austin, TX",0.7,0.325
2020-03-24 22:29:38,b'@BrettWalkup @marchmadness @DaytonMBB @DaytonFlyers @KUHoops @kenpomeroy Did Bill Self pull a team out of a low tim\xe2\x80\xa6 https://t.co/l3T68xDM1m',"Denton, TX",0.0,0.3
2020-03-24 22:29:03,b'@marchmadness @NaismithTrophy @BaylorMBB @MarkVitalJr @KentuckyMBB @H23Ash @DukeMBB @Tre3Jones @KUHoops\xe2\x80\xa6 https://t.co/9tftMHYrXr',"Athens, TN",0.0,0.0
2020-03-24 22:24:50,b'@marchmadness @DaytonMBB @DaytonFlyers Go Flyers!',,0.0,0.0
2020-03-24 22:24:01,b'@joeymiller1599 @ku_grant @JReber16 @DannyDa27021564 @marchmadness @NaismithTrophy @BaylorMBB @MarkVitalJr\xe2\x80\xa6 https://t.co/Mv8COlOFNG',,0.0,0.0
2020-03-24 22:22:59,b'@marchmadness @TheAndyKatz @NaismithTrophy @BaylorMBB @MarkVitalJr @KentuckyMBB @H23Ash @DukeMBB @Tre3Jones\xe2\x80\xa6 https://t.co/AH76Kox051',"Austin, TX",0.0,0.0
2020-03-24 22:19:42,b'@gchscoachray @king23solomon @marchmadness @NaismithTrophy @BaylorMBB @MarkVitalJr @KentuckyMBB @H23Ash @DukeMBB\xe2\x80\xa6 https://t.co/UE5KQ9n461',,0.0,0.0
2020-03-24 22:19:30,b'@marchmadness @NaismithTrophy @BaylorMBB @MarkVitalJr @KentuckyMBB @H23Ash @DukeMBB @Tre3Jones @KUHoops\xe2\x80\xa6 https://t.co/4xLSmxkgku',,0.0,0.0
2020-03-24 22:18:48,b'@247gonefishing @marchmadness @DaytonMBB @otoppin1 @DaytonFlyers Congrats! You win the award for dumbest tweet of t\xe2\x80\xa6 https://t.co/sNTccRzk2U',,0.8,0.4
2020-03-24 22:16:17,b'@marchmadness @DaytonMBB @otoppin1 @DaytonFlyers Those wide open fast break dunks against powerhouses like George m\xe2\x80\xa6 https://t.co/vncIGKvN0p',,0.03333333333333333,0.5
2020-03-24 22:16:13,b'@joeymiller1599 @JReber16 @DamonTheGood @DannyDa27021564 @marchmadness @NaismithTrophy @BaylorMBB @MarkVitalJr\xe2\x80\xa6 https://t.co/FIVdFwkYip',,0.0,0.0
2020-03-24 22:14:15,b'@marchmadness @NaismithTrophy @BaylorMBB @MarkVitalJr @KentuckyMBB @H23Ash @DukeMBB @Tre3Jones @KUHoops @ImMarcusGarrett Marcus',"Houston, TX",0.0,0.0
2020-03-24 22:13:08,b'@marchmadness @NaismithTrophy @BaylorMBB @MarkVitalJr @KentuckyMBB @H23Ash @DukeMBB @Tre3Jones @KUHoops\xe2\x80\xa6 https://t.co/CBy1DD7Xz4',"Louisville, Ky",0.0,0.0
2020-03-24 22:12:05,b'@joeymiller1599 @ku_grant @DamonTheGood @DannyDa27021564 @marchmadness @NaismithTrophy @BaylorMBB @MarkVitalJr\xe2\x80\xa6 https://t.co/BMZX2b16G4',LFK,0.0,0.0
2020-03-24 22:11:55,b'@joeymiller1599 @ku_grant @DamonTheGood @JReber16 @DannyDa27021564 @marchmadness @NaismithTrophy @BaylorMBB\xe2\x80\xa6 https://t.co/7uQXKuzkZL',,0.0,0.0
2020-03-24 22:11:07,b'@marchmadness @NaismithTrophy @BaylorMBB @MarkVitalJr @KentuckyMBB @H23Ash @DukeMBB @Tre3Jones @KUHoops\xe2\x80\xa6 https://t.co/IA6aVbDjOS',,0.0,0.0
2020-03-24 22:11:05,"b""In honor of our 2013 @MarchMadness win over San Diego State, we've got a playlist of some of the most amazing momen\xe2\x80\xa6 https://t.co/lffJyPzH8n""","Fort Myers, Fla. - Alico Arena",0.6333333333333334,0.6
2020-03-24 22:10:18,b'@marchmadness @NaismithTrophy @BaylorMBB @MarkVitalJr @KentuckyMBB @H23Ash @DukeMBB @Tre3Jones @KUHoops @ImMarcusGarrett Rock chalk',"Portland, OR",0.0,0.0
2020-03-24 22:09:02,b'@marchmadness @NaismithTrophy @BaylorMBB @MarkVitalJr @KentuckyMBB @H23Ash @DukeMBB @Tre3Jones @KUHoops\xe2\x80\xa6 https://t.co/tBenox38wI',"Denver, CO",0.0,0.0
2020-03-24 22:05:59,b'@DamonTheGood @JReber16 @DannyDa27021564 @marchmadness @NaismithTrophy @BaylorMBB @MarkVitalJr @KentuckyMBB @H23Ash\xe2\x80\xa6 https://t.co/XEOKwKIRV7',,0.0,0.0
2020-03-24 22:05:38,b'@JCogs22 @MSD_RaJohnston @marchmadness @WakeMBB @DemonDeacons oh yeah two weeks ago they got drilled in the last pl\xe2\x80\xa6 https://t.co/Pjq8UD9npX',"New Orleans, LA",0.0,0.06666666666666667
2020-03-24 22:04:18,b'@marchmadness @NaismithTrophy @BaylorMBB @MarkVitalJr @KentuckyMBB @H23Ash @DukeMBB @Tre3Jones @KUHoops\xe2\x80\xa6 https://t.co/rzN0YBznj8',"Chamblee, GA",0.0,0.0
2020-03-24 22:02:48,b'@marchmadness @NaismithTrophy @BaylorMBB @MarkVitalJr @KentuckyMBB @H23Ash @DukeMBB @Tre3Jones @KUHoops @ImMarcusGarrett Where Tillman at?',New York,0.0,0.0
2020-03-24 22:02:28,b'@marchmadness @NaismithTrophy @BaylorMBB @MarkVitalJr @KentuckyMBB @H23Ash @DukeMBB @Tre3Jones @KUHoops\xe2\x80\xa6 https://t.co/twRA9A92fA',"Westfield, IN",0.0,0.0
2020-03-24 21:55:01,b'@marchmadness @NaismithTrophy @BaylorMBB @MarkVitalJr @KentuckyMBB @H23Ash @DukeMBB @Tre3Jones @KUHoops\xe2\x80\xa6 https://t.co/Edt5twQvAs',"Kansas City MO,",0.0,0.0
2020-03-24 21:54:39,b'@marchmadness @NaismithTrophy @BaylorMBB @MarkVitalJr @KentuckyMBB @H23Ash @DukeMBB @Tre3Jones @KUHoops\xe2\x80\xa6 https://t.co/TGl4yMZRRQ',"North Carolina, USA",0.0,0.0
2020-03-24 21:53:40,b'@marchmadness @NaismithTrophy @BaylorMBB @MarkVitalJr @KentuckyMBB @H23Ash @DukeMBB @Tre3Jones @KUHoops\xe2\x80\xa6 https://t.co/OM5rwoKMmf',"Chicago, IL",0.0,0.0
2020-03-24 21:53:23,b'@marchmadness @NaismithTrophy @BaylorMBB @MarkVitalJr @KentuckyMBB @H23Ash @DukeMBB @Tre3Jones @KUHoops\xe2\x80\xa6 https://t.co/ZwDX2apQrc',,0.0,0.0
2020-03-24 21:52:56,b'@marchmadness @NaismithTrophy @BaylorMBB @MarkVitalJr @KentuckyMBB @H23Ash @DukeMBB @Tre3Jones @KUHoops\xe2\x80\xa6 https://t.co/Fq5ZlIlkzF',emma mackey,0.0,0.0
2020-03-24 21:52:55,b'@JReber16 @DannyDa27021564 @marchmadness @NaismithTrophy @BaylorMBB @MarkVitalJr @KentuckyMBB @H23Ash @DukeMBB\xe2\x80\xa6 https://t.co/1dzXIXzBHT',,0.0,0.0
2020-03-24 21:46:28,b'@marchmadness @NaismithTrophy @BaylorMBB @MarkVitalJr @KentuckyMBB @H23Ash @DukeMBB @Tre3Jones @KUHoops\xe2\x80\xa6 https://t.co/0mttGnM94W',Moron Mountain ,0.0,0.0
2020-03-24 21:46:24,b'@marchmadness @NaismithTrophy @BaylorMBB @MarkVitalJr @KentuckyMBB @H23Ash @DukeMBB @Tre3Jones @KUHoops\xe2\x80\xa6 https://t.co/Nd2ylVpXkr',,0.0,0.0
2020-03-24 21:45:29,b'@marchmadness @NaismithTrophy @BaylorMBB @MarkVitalJr @KentuckyMBB @H23Ash @DukeMBB @Tre3Jones @KUHoops\xe2\x80\xa6 https://t.co/wPgvpG6cL9',Michigan,0.0,0.0
2020-03-24 21:44:52,b'@marchmadness @NaismithTrophy @BaylorMBB @MarkVitalJr @KentuckyMBB @H23Ash @DukeMBB @Tre3Jones @KUHoops\xe2\x80\xa6 https://t.co/wa2FYae8tY',"Michigan, USA",0.0,0.0
2020-03-24 21:43:35,"b""@DrTom78 @unc8689 @stuartmauney @DanAtkinsonEsq @marchmadness Sorry, can't bring myself to watch that again. Six da\xe2\x80\xa6 https://t.co/4CsfphpEOy""","Cary, NC",-0.5,1.0
2020-03-24 21:43:15,b'@marchmadness @DaytonMBB @otoppin1 @DaytonFlyers By the writers\xf0\x9f\x98\x82\n(Garza has 6 P\xf0\x9f\xa6\x9aY)\nAll 34 should be fired! https://t.co/k2o8B9ZUvX',,0.0,0.0
2020-03-24 21:41:40,b'@marchmadness @NaismithTrophy @BaylorMBB @MarkVitalJr @KentuckyMBB @H23Ash @DukeMBB @Tre3Jones @KUHoops\xe2\x80\xa6 https://t.co/xrrF5Gqfnj',,0.0,0.0
2020-03-24 21:41:21,b'@marchmadness @NaismithTrophy @BaylorMBB @MarkVitalJr @KentuckyMBB @H23Ash @DukeMBB @Tre3Jones @KUHoops\xe2\x80\xa6 https://t.co/xYGLN8qD87',"Lawrence, KS",0.0,0.0
2020-03-24 21:40:15,b'@marchmadness @NaismithTrophy @BaylorMBB @MarkVitalJr @KentuckyMBB @H23Ash @DukeMBB @Tre3Jones @KUHoops\xe2\x80\xa6 https://t.co/szKFn2CjC0',AK ‚áã LFK ‚áã KC,0.0,0.0
2020-03-24 21:39:48,"b""Well-deserved recognition for @CoachPikiell who led the @RutgersU Men's Basketball Team to what would have been our\xe2\x80\xa6 https://t.co/Y7FNFO6CHl""",,0.0,0.0
2020-03-24 21:39:08,b'@marchmadness @NaismithTrophy @BaylorMBB @MarkVitalJr @KentuckyMBB @H23Ash @DukeMBB @Tre3Jones @KUHoops\xe2\x80\xa6 https://t.co/Obrs6wVENb',Rock Chalk Nation,0.0,0.0
2020-03-24 21:39:01,b'@DrTom78 @unc8689 @stuartmauney @DanAtkinsonEsq @marchmadness The quarter story -- that he could grab a quarter off\xe2\x80\xa6 https://t.co/VU46QQUwMS',"Cary, NC",0.0,0.0
2020-03-24 21:38:42,b'@marchmadness @NaismithTrophy @BaylorMBB @MarkVitalJr @KentuckyMBB @H23Ash @DukeMBB @Tre3Jones @KUHoops @ImMarcusGarrett Aaron Thompson',UT,0.0,0.0
2020-03-24 21:38:14,"b""@PackTimPeeler @DrTom78 @stuartmauney @DanAtkinsonEsq @marchmadness I'll never forget him playing with that bandage on his head.""",,0.0,0.0
2020-03-24 21:37:34,b'@marchmadness @DaytonMBB @otoppin1 @DaytonFlyers Lies. #garza',"Redding, CA",0.0,0.0
2020-03-24 21:37:18,b'@DrTom78 @unc8689 @stuartmauney @DanAtkinsonEsq @marchmadness You are thinking of his injury in the NCAA regional f\xe2\x80\xa6 https://t.co/7eLGY6do6G',"Cary, NC",0.0,0.0
2020-03-24 21:37:05,b'@marchmadness @NaismithTrophy @BaylorMBB @MarkVitalJr @KentuckyMBB @H23Ash @DukeMBB @Tre3Jones @KUHoops @ImMarcusGarrett Tre Stones',,0.0,0.0
2020-03-24 21:35:51,b'@marchmadness @NaismithTrophy @BaylorMBB @MarkVitalJr @KentuckyMBB @H23Ash @DukeMBB @Tre3Jones @KUHoops\xe2\x80\xa6 https://t.co/GKDGMQSHHP',Somewhere,0.0,0.0
2020-03-24 21:35:29,b'@unc8689 @stuartmauney @PackTimPeeler @DanAtkinsonEsq @marchmadness Pretty sure he was referencing this play.\nhttps://t.co/Hv6cK8VE9t',Upstate SC,0.375,0.9444444444444444
2020-03-24 21:34:48,b'@Adizzle35 @gchscoachray @king23solomon @marchmadness @NaismithTrophy @BaylorMBB @MarkVitalJr @KentuckyMBB @H23Ash\xe2\x80\xa6 https://t.co/aFVCk4zKcB',"Jasper, IN",0.0,0.0
2020-03-24 21:34:39,b'@marchmadness @UTEP_MBB @NovaMBB @MSU_Basketball @PackMensBball @DukeMBB @IlliniMBB @VCU_Hoops @UVAMensHoops\xe2\x80\xa6 https://t.co/58QWajQ2gt',,0.0,0.0
2020-03-24 21:34:05,b'@marchmadness @NaismithTrophy @BaylorMBB @MarkVitalJr @KentuckyMBB @H23Ash @DukeMBB @Tre3Jones @KUHoops\xe2\x80\xa6 https://t.co/zbUUNdsXUZ',Missouri,0.0,0.0
2020-03-24 21:31:04,b'@MaxSternberg2 @gchscoachray @king23solomon @marchmadness @NaismithTrophy @BaylorMBB @MarkVitalJr @KentuckyMBB\xe2\x80\xa6 https://t.co/xMrVZdt0U4',Not in Louisville,0.0,0.0
2020-03-24 21:30:47,"b""@unc8689 @stuartmauney @PackTimPeeler @DanAtkinsonEsq @marchmadness I've tried to verify that one, can't find it anywhere!""",Upstate SC,0.0,0.0
2020-03-24 21:30:29,b'@Adizzle35 @gchscoachray @king23solomon @marchmadness @NaismithTrophy @BaylorMBB @MarkVitalJr @KentuckyMBB @H23Ash\xe2\x80\xa6 https://t.co/Ww0nWLVEws',"Jasper, IN",0.0,0.0
2020-03-24 21:30:27,b'@gchscoachray @king23solomon @marchmadness @NaismithTrophy @BaylorMBB @MarkVitalJr @KentuckyMBB @H23Ash @DukeMBB\xe2\x80\xa6 https://t.co/MZJYnIK7DH',"Morganfield, KY",0.0,0.0
2020-03-24 21:30:19,b'@unc8689 @stuartmauney @PackTimPeeler @DanAtkinsonEsq @marchmadness Thompson regularly came to speak at Gardner-Web\xe2\x80\xa6 https://t.co/QAGkoEepHy',Upstate SC,0.0,0.07692307692307693
2020-03-24 21:30:19,b'If @NCAA all assistant coach team some day welcome @DukeMBB Assistant Coach @JonScheyer to it. Only known all\xe2\x80\xa6 https://t.co/m1CM6FrVRi',,0.4,0.95
2020-03-24 21:29:50,b'@DrTom78 @stuartmauney @PackTimPeeler @DanAtkinsonEsq @marchmadness Yes to the quarter. Never heard anything about\xe2\x80\xa6 https://t.co/PfAj3coxZN',,0.0,0.0
2020-03-24 21:29:47,b'@gchscoachray @king23solomon @marchmadness @NaismithTrophy @BaylorMBB @MarkVitalJr @KentuckyMBB @H23Ash @DukeMBB\xe2\x80\xa6 https://t.co/j2KaVAJ4if',Not in Louisville,0.0,0.0
2020-03-24 21:29:22,b'@marchmadness @DaytonMBB @otoppin1 @DaytonFlyers Dont care about either team but garza was robbed by the media only\xe2\x80\xa6 https://t.co/8SeQ41fXZc',the noke,0.0,0.0
2020-03-24 21:28:41,b'@unc8689 @stuartmauney @PackTimPeeler @DanAtkinsonEsq @marchmadness Grew up hearing stories from my dad about Thomp\xe2\x80\xa6 https://t.co/WozLXOXRoi',Upstate SC,0.0,0.0
2020-03-24 21:27:59,b'@marchmadness @NaismithTrophy @BaylorMBB @MarkVitalJr @KentuckyMBB @H23Ash @DukeMBB @Tre3Jones @KUHoops @ImMarcusGarrett Garrett obviously',"Atlanta, GA",0.0,0.5
2020-03-24 21:27:39,b'@king23solomon @marchmadness @NaismithTrophy @BaylorMBB @MarkVitalJr @KentuckyMBB @H23Ash @DukeMBB @Tre3Jones\xe2\x80\xa6 https://t.co/d83ckoTt7z',,0.0,0.0
2020-03-24 21:27:28,b'@marchmadness @NaismithTrophy @BaylorMBB @MarkVitalJr @KentuckyMBB @H23Ash @DukeMBB @Tre3Jones @KUHoops\xe2\x80\xa6 https://t.co/2eXn4n8zoU',,0.0,0.0
2020-03-24 21:27:14,b'@marchmadness @NaismithTrophy @BaylorMBB @MarkVitalJr @KentuckyMBB @H23Ash @DukeMBB @Tre3Jones @KUHoops\xe2\x80\xa6 https://t.co/rx6pT3XZUb',"Durham, NC",0.0,0.0
2020-03-24 21:26:56,b'@marchmadness @NaismithTrophy @BaylorMBB @MarkVitalJr @KentuckyMBB @H23Ash @DukeMBB @Tre3Jones @KUHoops @ImMarcusGarrett TRE JONES!!!',Houstatlantavegas,0.0,0.0
2020-03-24 21:26:46,b'@marchmadness @NaismithTrophy @BaylorMBB @MarkVitalJr @KentuckyMBB @H23Ash @DukeMBB @Tre3Jones @KUHoops\xe2\x80\xa6 https://t.co/O3zPnCy2Sp',,0.0,0.0
2020-03-24 21:25:27,b'@DannyDa27021564 @marchmadness @NaismithTrophy @BaylorMBB @MarkVitalJr @KentuckyMBB @H23Ash @DukeMBB @Tre3Jones\xe2\x80\xa6 https://t.co/DiSJfVYf13',LFK,0.0,0.0
2020-03-24 21:25:13,b'@marchmadness @NaismithTrophy @BaylorMBB @MarkVitalJr @KentuckyMBB @H23Ash @DukeMBB @Tre3Jones @KUHoops @ImMarcusGarrett Garrett easily \xf0\x9f\x98\x82',"California, USA",0.43333333333333335,0.8333333333333334
2020-03-24 21:25:06,b'@marchmadness @NaismithTrophy @BaylorMBB @MarkVitalJr @KentuckyMBB @H23Ash @DukeMBB @Tre3Jones @KUHoops\xe2\x80\xa6 https://t.co/4s8qgGz47W',"Louisville, KY",0.0,0.0
2020-03-24 21:25:05,b'@marchmadness @NaismithTrophy @BaylorMBB @MarkVitalJr @KentuckyMBB @H23Ash @DukeMBB @Tre3Jones @KUHoops @ImMarcusGarrett Tre baby',Eastern NC ,0.0,0.0
2020-03-24 21:24:41,b'@marchmadness @NaismithTrophy @BaylorMBB @MarkVitalJr @KentuckyMBB @H23Ash @DukeMBB @Tre3Jones @KUHoops\xe2\x80\xa6 https://t.co/nWCOvQ86E0',,0.0,0.0
2020-03-24 21:24:34,b'@marchmadness @NaismithTrophy @BaylorMBB @MarkVitalJr @KentuckyMBB @H23Ash @DukeMBB @Tre3Jones @KUHoops\xe2\x80\xa6 https://t.co/w2cruJe88d',crAig,0.0,0.0
2020-03-24 21:23:42,b'@marchmadness @NaismithTrophy @BaylorMBB @MarkVitalJr @KentuckyMBB @H23Ash @DukeMBB @Tre3Jones @KUHoops\xe2\x80\xa6 https://t.co/9hgDoUOLpJ',,0.0,0.0
2020-03-24 21:23:32,"b""@marchmadness @NaismithTrophy @BaylorMBB @MarkVitalJr @KentuckyMBB @H23Ash @DukeMBB @Tre3Jones @KUHoops @ImMarcusGarrett Hagan's. Not close""",United States,0.0,0.0
2020-03-24 21:20:18,b'@marchmadness @DaytonMBB @otoppin1 @DaytonFlyers and deservedly so! https://t.co/mpnrUu3ftd',Cleveland,0.0,0.0
2020-03-24 21:19:48,"b'@marchmadness @DaytonMBB @DaytonFlyers Congrats, Coach! We had a blast watching this season.'",Cincinnati,0.0,0.0
2020-03-24 21:16:51,b'@marchmadness @TheAndyKatz @DaytonMBB @DaytonFlyers Hmmm the NCAA name the player of the year and coach nothing to\xe2\x80\xa6 https://t.co/28KH49BOej',"Indiana, USA",0.0,0.0
2020-03-24 21:16:13,"b'@marchmadness @DaytonMBB @otoppin1 @DaytonFlyers Much deserved! Congrats, @otoppin1 \xf0\x9f\x92\xaa @DaytonMBB'",Cincinnati,0.25,0.2
2020-03-24 21:15:27,b'@marchmadness @TheAndyKatz @DaytonMBB @DaytonFlyers Travisity!',"Plano, Texas",0.0,0.0
2020-03-24 21:15:20,b'@marchmadness @DaytonMBB @otoppin1 @DaytonFlyers The bro Luka got robbed',By my Lonesome,0.0,0.0
2020-03-24 21:08:12,"b""From \xe2\x81\xa6@marchmadness\xe2\x81\xa9 365 podcast: Villanova's Jay Wright has a simple message for his team \xe2\x80\x94 take a break and study\xe2\x80\xa6 https://t.co/FJllRcYabw""",,0.0,0.35714285714285715
2020-03-24 21:07:45,b'@TheAndyKatz @UMBC_MBB @marchmadness Thx again for having me on with you!',,0.0,0.0
2020-03-24 21:07:37,b'@tavernhg @marchmadness Are you open in DTC for pick up?',,0.0,0.5
2020-03-24 21:04:49,"b'@marchmadness Stephen Louis Fisher (born March 24, 1945) Illinois State University 1967 D2 March Madness. Western M\xe2\x80\xa6 https://t.co/rCj4C3M9Ol'",,0.0,0.0
2020-03-24 21:03:57,b'@PackTimPeeler @DanAtkinsonEsq @DrTom78 @stuartmauney @marchmadness My first State basketball game was in Greensbor\xe2\x80\xa6 https://t.co/llTIMxKkew',,-0.07500000000000001,0.3666666666666667
2020-03-24 21:03:24,"b'@marchmadness March 24, 1989\nIzod Center, East Rutherford, New Jersey\nEast - Regional Semifinal\nGeorgetown-69 NC State-61'",,0.018181818181818174,0.2772727272727273
2020-03-24 21:03:18,b'@247gonefishing @JohnrussIII @Tsolotl @marchmadness @DaytonMBB @otoppin1 @DaytonFlyers But you just said they weren\xe2\x80\xa6 https://t.co/IoZJvbKY66',Dayton,0.0,0.0
2020-03-24 21:02:54,"b'@marchmadness March 24, 1985\nBirmingham-Jefferson Civic Center, Birmingham, Alabama\nSoutheast - Regional Final\nVill\xe2\x80\xa6 https://t.co/35vXIDuVIh'",,-0.05,0.55
2020-03-24 21:02:00,b'.@Tokyo2020 is postponed until no later than summer 2021. The NCAA canceled @marchmadness. Real question: If the\xe2\x80\xa6 https://t.co/sdwTWiBOW1',Hawai‚Äòi,0.1,0.15000000000000002
2020-03-24 21:01:08,"b'@marchmadness March 24, 1979 Jon M. Huntsman Center, Salt Lake City, Utah National - National Semifinals\nIndiana St\xe2\x80\xa6 https://t.co/oesuMceXHy'",,-0.1,0.1
2020-03-24 21:00:58,"b""@BuntzBig @marchmadness @DaytonFlyers @DaytonMBB @otoppin1 @LukaG_55 You're taking my opinion all wrong. I think Ob\xe2\x80\xa6 https://t.co/eoujs64gPV""","Iowa, USA",-0.5,0.9
2020-03-24 20:59:27,b'@BadgerMBB @marchmadness National Championships: \n\nUNC - 6 \n\nWisconsin - 1 \n\nAnd you have the audacity to take a shot at UNC? Lmao',,0.6,1.0
2020-03-24 20:55:54,"b'@BuntzBig @marchmadness @DaytonFlyers @DaytonMBB @otoppin1 @LukaG_55 Nope, just a basketball guy who knows who the\xe2\x80\xa6 https://t.co/WT7EazJAEi'","Iowa, USA",0.0,0.0
2020-03-24 20:55:52,"b""The consensus on the 2019-20 @NCAA basketball season is that it was among the craziest we've seen. This year's cons\xe2\x80\xa6 https://t.co/UjDryFY3LN""",,0.0,0.0
2020-03-24 20:46:29,b'@BuntzBig @marchmadness @DaytonFlyers @DaytonMBB @otoppin1 @LukaG_55 You are correct. Thank you',"Iowa, USA",0.0,0.0
2020-03-24 20:42:30,b'@ItsAntWright @NCAA @ESPNLunardi @EASPORTS @CBSSports @espn @marchmadness @umichbball Congrats',"Saginaw, MI",0.0,0.0
2020-03-24 20:41:47,b'@BuntzBig @marchmadness @DaytonFlyers @DaytonMBB @otoppin1 Lol...he played against one good team and lost. NPOY is\xe2\x80\xa6 https://t.co/q5GYBK7fBb',"Iowa, USA",0.7,0.6000000000000001
2020-03-24 20:41:23,b'@the_cooler @BuntzBig @marchmadness @DaytonMBB @otoppin1 @DaytonFlyers @LukaG_55 Obi won POY for The Athletic...',"Springboro, Ohio",0.0,0.0
2020-03-24 20:41:15,b'@marchmadness I\xe2\x80\x99ve been enjoying the full games on your YouTube channel! Is there any way you could put up the\xe2\x80\xa6 https://t.co/p48Y5kPoPW',"Columbus, Ohio",0.46875,0.575
2020-03-24 20:36:09,b'@Moodini31 @NCAA @ESPNLunardi @EASPORTS @CBSSports @espn @marchmadness @umichbball Lmao what is this',üêú,0.6,1.0
2020-03-24 20:35:01,b'@Carter_Rickman2 @realSamChatham @marchmadness @DaytonMBB @otoppin1 @DaytonFlyers Do you not understand that he was\xe2\x80\xa6 https://t.co/iygc94FLY0',United States,0.0,0.0
2020-03-24 20:32:50,"b""@BuntzBig @marchmadness @DaytonFlyers @DaytonMBB @otoppin1 I'm not going to argue this anymore. Dayton plays nobody\xe2\x80\xa6 https://t.co/GYGi4tdHCG""","Iowa, USA",0.0,0.0
2020-03-24 20:30:40,b'@marchmadness @DaytonMBB @otoppin1 @DaytonFlyers Go ahead and name a national champion while youre at it bums',,0.0,0.0
2020-03-24 20:29:01,b'@1065WYRK @marchmadness @jakeowen @kanebrown We got you kb!!! @kanebrown \xf0\x9f\x8e\xb5\xf0\x9f\x8e\xb6\xf0\x9f\x8e\xb5',,0.0,0.0
2020-03-24 20:25:07,b'@marchmadness @DaytonMBB @DaytonFlyers @KUHoops coach Bill Self would be a better choice. Kansas is #1 in Q1 wins (\xe2\x80\xa6 https://t.co/mnPhIrOo2m',"Hendersonville, NC",0.4,0.35
2020-03-24 20:25:02,b'@alexapatt10 @marchmadness @DaytonMBB @otoppin1 @DaytonFlyers @LukaG_55 Who was complaining?  Question why a social\xe2\x80\xa6 https://t.co/5NUpLrtkaS',"Waukee, IA",0.0,0.0
2020-03-24 20:24:45,"b'@BuntzBig @marchmadness @DaytonFlyers @DaytonMBB @otoppin1 Stats, competition level. The guys Luka had to bang with\xe2\x80\xa6 https://t.co/eCjo3EDTmg'","Iowa, USA",0.0,0.0
2020-03-24 20:17:47,b'@TosprackTom @realSamChatham @marchmadness @DaytonMBB @otoppin1 @DaytonFlyers And they lost so imagine if he played\xe2\x80\xa6 https://t.co/9E1U1VzyRv',,0.0,0.0
2020-03-24 20:16:09,b'@PackTimPeeler @marchmadness The problem is that there are too many people voting in this can\xe2\x80\x99t look past the playe\xe2\x80\xa6 https://t.co/3GZn8nVicU',"Mooresville, NC",0.125,0.375
2020-03-24 20:14:04,"b'@BuntzBig @marchmadness @DaytonFlyers @DaytonMBB @otoppin1 No, it just sucks to have the guy that deserved it get r\xe2\x80\xa6 https://t.co/c4IP0nBNjE'","Iowa, USA",-0.3,0.3
2020-03-24 20:12:10,"b'So if you were wondering who would have won the 2020 @NCAA Tournament, I have the answer. Using @ESPNLunardi \xe2\x80\x98s bra\xe2\x80\xa6 https://t.co/7pjeFWBEx6'","Saginaw, MI",0.0,0.0
2020-03-24 20:10:57,b'@Carter_Rickman2 @realSamChatham @marchmadness @DaytonMBB @otoppin1 @DaytonFlyers Pretty sure ku shut his ass down second half!!',United States,0.06680555555555556,0.4688888888888888
2020-03-24 20:09:47,b'@247gonefishing @marchmadness @DaytonMBB @otoppin1 @DaytonFlyers At least we know one thing about you.  You have no clue.',"Oshkosh, WI",-0.3,0.4
2020-03-24 20:09:13,b'@marchmadness @DaytonMBB @DaytonFlyers This is awesome!',Somewhere counting numbers ‚úà ,1.0,1.0
2020-03-24 20:08:59,b'@alexapatt10 @the_cooler @marchmadness @DaytonMBB @otoppin1 @DaytonFlyers @LukaG_55 Luka is best player in the nati\xe2\x80\xa6 https://t.co/ip5VgDxzoj',"Iowa, USA",1.0,0.3
2020-03-24 20:07:06,b'@marchmadness @DaytonMBB @DaytonFlyers Bring back March Madness',,0.0,0.0
2020-03-24 20:04:51,b'@the_cooler @marchmadness @DaytonMBB @otoppin1 @DaytonFlyers @LukaG_55 Luka is deserving of all his awards &amp; any fu\xe2\x80\xa6 https://t.co/5le9CosleM',,0.6,0.8
2020-03-24 20:03:15,"b""If there was ever a time to have @gusjohnson do PBP of, well, every great @marchmadness game he didn't do going bac\xe2\x80\xa6 https://t.co/03mhk1GJSA""","Brookfield, CT",0.2,0.575
2020-03-24 20:00:28,b'@1065WYRK @marchmadness @jakeowen @kanebrown @kanebrown for sure',Uk,0.5,0.8888888888888888
2020-03-24 19:57:46,b'@marchmadness @DaytonMBB @DaytonFlyers Congrats!!',,0.0,0.0
2020-03-24 19:55:35,b'@BuntzBig @marchmadness @DaytonMBB @otoppin1 @DaytonFlyers @LukaG_55 I\xe2\x80\x99ve seen one other now. \n\nHere\xe2\x80\x99s all of Luka\xe2\x80\x99\xe2\x80\xa6 https://t.co/t7XyGomAG4',"Waukee, IA",-0.125,0.375
2020-03-24 19:53:34,b'@marchmadness @DaytonMBB @DaytonFlyers Should have been Scott Drew',,0.0,0.0
2020-03-24 19:53:18,b'@marchmadness @DaytonMBB @DaytonFlyers WHAT IS THIS LARCENY https://t.co/0O3jz9jVZk',"Tallahassee, FL",0.0,0.0
2020-03-24 19:52:59,"b""@Wyatt53023089 @marchmadness @DaytonMBB @DaytonFlyers \xf0\x9f\x98\x82\xf0\x9f\x98\x82\xf0\x9f\x98\x82 both had 2 losses\nDayton's were to the #1 team in the cou\xe2\x80\xa6 https://t.co/TgSvKZ7AVN""",,0.0,0.0
2020-03-24 19:50:29,b'@Wyatt53023089 @marchmadness @DaytonMBB @DaytonFlyers Lol what\xe2\x80\x99s false though?',"Wisconsin, USA",0.19999999999999998,0.6499999999999999
2020-03-24 19:50:13,"b'@marchmadness @DaytonMBB @otoppin1 @DaytonFlyers I hate Garza, but he got robbed.'",,-0.8,0.9
2020-03-24 19:49:45,b'@marchmadness @DaytonMBB @DaytonFlyers False. Brain Dutcher should of won',,-0.4000000000000001,0.6
2020-03-24 19:47:54,"b'To all the neighborhood baller bros I see: If the @NBA can pause, and @marchmadness can cancel, with schools closed\xe2\x80\xa6 https://t.co/7fd145oyXE'","Washington, DC",0.0,0.0
2020-03-24 19:44:18,b'@joanuphoff @marchmadness @DaytonMBB @otoppin1 @DaytonFlyers Do you mean The Zags \xf0\x9f\x98\x81',"45.707355,-121.509569",-0.3125,0.6875
2020-03-24 19:41:17,b'@marchmadness? i miss you. \xf0\x9f\xa5\xba\xf0\x9f\x8f\x80',Indy,0.0,0.0
2020-03-24 19:40:18,b'@marchmadness @GatorsMBK I love Mike Miller for what he did as a member of the Miami Heat. People remember the Ray\xe2\x80\xa6 https://t.co/9GLnOGuyHr',,0.5,0.6
2020-03-24 19:37:50,b'@BuntzBig @Carter_Rickman2 @marchmadness @DaytonMBB @otoppin1 @DaytonFlyers Might want to expand your brief google\xe2\x80\xa6 https://t.co/LANVsEwAzP',,0.0,0.3333333333333333
2020-03-24 19:37:32,b'@CbMs420 @JohnrussIII @Tsolotl @marchmadness @DaytonMBB @otoppin1 @DaytonFlyers Same to you',,0.0,0.125
2020-03-24 19:37:30,b'@RyanStaudt @hawksrule25 @marchmadness @DaytonMBB @otoppin1 @DaytonFlyers Obi was better',"Kenosha, WI",0.5,0.5
2020-03-24 19:36:56,"b""@Carter_Rickman2 @marchmadness @DaytonMBB @otoppin1 @DaytonFlyers I'll give you that. It would have been interesting to see.""",,0.5,0.5
2020-03-24 19:36:23,"b'@RyanStaudt @hawksrule25 @marchmadness @DaytonMBB @otoppin1 @DaytonFlyers That\xe2\x80\x99s not the stats they go off of, obi was better'","Kenosha, WI",0.5,0.5
2020-03-24 19:36:11,b'@alexapatt10 @marchmadness @DaytonMBB @otoppin1 @DaytonFlyers @LukaG_55 Really? https://t.co/gudCLmbKHh',"Waukee, IA",0.2,0.2
2020-03-24 19:36:04,"b""@PackTimPeeler @marchmadness Curry didn't even beat the 2008 NC State Sid Lowe team \xf0\x9f\x98\x81""",Brooklyn!,0.0,0.0
2020-03-24 19:33:23,b'@realSamChatham @marchmadness @DaytonMBB @otoppin1 @DaytonFlyers Too bad we couldnt see him do it against good teams in March Madness....',,5.551115123125783e-17,0.6333333333333333
2020-03-24 19:32:10,b'@Carter_Rickman2 @marchmadness @DaytonMBB @otoppin1 @DaytonFlyers Ok...yeah. Squirrel finds nut. Now do it every ga\xe2\x80\xa6 https://t.co/mz9bEIcy6o',,0.0,0.0
2020-03-24 19:31:45,b'@247gonefishing @JohnrussIII @Tsolotl @marchmadness @DaytonMBB @otoppin1 @DaytonFlyers hey goofy learn to read plz\nRoll Tide Roll',your kitchen eating a sandwich,0.5,1.0
2020-03-24 19:31:34,b'@zakklemmerrr @hawksrule25 @marchmadness @DaytonMBB @otoppin1 @DaytonFlyers Not even fucking close',"Fort Dodge, IA",-0.6,0.8
2020-03-24 19:30:16,b'@realSamChatham @marchmadness @DaytonMBB @otoppin1 @DaytonFlyers 9 rebounds and 3 blocks is pretty good if you ask me',,0.475,0.8
2020-03-24 19:28:34,b'@Carter_Rickman2 @marchmadness @DaytonMBB @otoppin1 @DaytonFlyers 18 points? Ok....',,0.5,0.5
2020-03-24 19:28:33,b'@RyanStaudt @hawksrule25 @marchmadness @DaytonMBB @otoppin1 @DaytonFlyers Obi won fair and square',"Kenosha, WI",0.7,0.9
2020-03-24 19:27:50,"b""YouTube videos of all 68 greatest @MarchMadness games are available at https://t.co/UFqNTIcnNR\n\nHere's the bracket: https://t.co/UZr7rDTt07""","Seattle, WA",0.7,0.7
2020-03-24 19:27:03,b'@marchmadness @DaytonMBB @otoppin1 @DaytonFlyers One of the closest years for the award. Congrats Obi Toppin',,0.0,0.0
2020-03-24 19:26:34,b'@realSamChatham @marchmadness @DaytonMBB @otoppin1 @DaytonFlyers Then whyd he pop off against Kansas?',,0.0,0.0
2020-03-24 19:26:00,b'@RyanStaudt @hawksrule25 @marchmadness @DaytonMBB @otoppin1 @DaytonFlyers That\xe2\x80\x99s not how it works',"Kenosha, WI",0.0,0.0
2020-03-24 19:25:00,b'@PackTimPeeler @johnckincaid @marchmadness Love Curry but DT was greatest college basketball player ever!',,0.75,0.8
2020-03-24 19:24:20,"b'@zakklemmerrr @hawksrule25 @marchmadness @DaytonMBB @otoppin1 @DaytonFlyers Just vs top 25 opponents, sorry bud'","Fort Dodge, IA",0.0,0.75
2020-03-24 19:24:15,b'@247gonefishing @JohnrussIII @marchmadness @DaytonMBB @otoppin1 @DaytonFlyers What does that even mean? They can\xe2\x80\x99t\xe2\x80\xa6 https://t.co/UgsVXP2F2z',"Colorado, USA",-0.3125,0.6875
2020-03-24 19:24:09,b'@marchmadness @DaytonMBB @otoppin1 @DaytonFlyers Stupid',"Naperville, IL",-0.7999999999999999,1.0
2020-03-24 19:23:29,"b'@realSamChatham @marchmadness @DaytonMBB @otoppin1 @DaytonFlyers Yes, such a great conference that they only had on\xe2\x80\xa6 https://t.co/AcCro4Ornk'","Indianapolis, IN",0.26666666666666666,0.75
2020-03-24 19:23:00,b'@247gonefishing @Tsolotl @marchmadness @DaytonMBB @otoppin1 @DaytonFlyers You seem like a happy person.',"Dayton, OH",0.8,1.0
2020-03-24 19:22:03,"b'@RyanStaudt @hawksrule25 @marchmadness @DaytonMBB @otoppin1 @DaytonFlyers Obi toppin 20, 7, 2, 1 and 1 on 63% and 3\xe2\x80\xa6 https://t.co/vVY1sgk7n8'","Kenosha, WI",0.0,0.0
2020-03-24 19:21:07,b'@datmanhollon @marchmadness @DaytonMBB @otoppin1 @DaytonFlyers Yes you are',,0.0,0.0
2020-03-24 19:20:58,"b'@JohnrussIII @Tsolotl @marchmadness @DaytonMBB @otoppin1 @DaytonFlyers 3rd team in the country in the A10, yeah'",,0.0,0.0
2020-03-24 19:20:57,"b""@pX_Shark @marchmadness @DaytonMBB @otoppin1 @DaytonFlyers And....you've weaponized autism.""",,0.0,0.0
2020-03-24 19:18:10,"b'@marchmadness @DaytonMBB @otoppin1 @DaytonFlyers , it will not change*'","Papillion, NE",0.0,0.0
2020-03-24 19:17:51,b'@realSamChatham @marchmadness @DaytonMBB @otoppin1 @DaytonFlyers Garza sucks',,-0.3,0.3
2020-03-24 19:17:22,b'@the_cooler @marchmadness @DaytonMBB @otoppin1 @DaytonFlyers @LukaG_55 Garza sucks tho',,-0.3,0.3
2020-03-24 19:17:18,b'@marchmadness @DaytonMBB @otoppin1 @DaytonFlyers Future @chicagobulls player! @NBCSBulls',A pitch near you,0.0,0.125
2020-03-24 19:16:59,b'@RyanStaudt @zakklemmerrr @hawksrule25 @marchmadness @DaytonMBB @otoppin1 @DaytonFlyers Garza sucks',,-0.3,0.3
2020-03-24 19:16:58,b'@Tsolotl @247gonefishing @marchmadness @DaytonMBB @otoppin1 @DaytonFlyers Hahahaha Dayton was the 3rd team in the country',"Dayton, OH",0.1,0.25
2020-03-24 19:16:02,b'@the_cooler @marchmadness @DaytonMBB @otoppin1 @DaytonFlyers @LukaG_55 Seriously pathetic comment \xf0\x9f\x98\x82',,-1.0,1.0
2020-03-24 19:15:58,"b""@marchmadness @DaytonMBB @otoppin1 @DaytonFlyers I think it's great! I'm a Zags fan and saw Dayton early in the yea\xe2\x80\xa6 https://t.co/C30dOl5EsV""","Green Valley, AZ",0.55,0.525
2020-03-24 19:15:57,b'@KateBeirness @BrentButt @jannarden @ArleneDickinson @KayNurse11 Well said @KateBeirness it\xe2\x80\x99s 1st time since \xe2\x80\x9887 I\xe2\x80\xa6 https://t.co/Mub3Jyp6zD',"Ottawa, Canada",0.0,0.0
2020-03-24 19:15:46,b'@zakklemmerrr @hawksrule25 @marchmadness @DaytonMBB @otoppin1 @DaytonFlyers Better numbers in the best conference i\xe2\x80\xa6 https://t.co/lccGFaCQeT',"Fort Dodge, IA",0.75,0.4
2020-03-24 19:15:45,b'@marchmadness @DaytonMBB @otoppin1 @DaytonFlyers Imagine thinking playing against crappy teams in a crappy conferen\xe2\x80\xa6 https://t.co/M4B8RTx0Bi',,0.0,0.0
2020-03-24 19:14:52,b'@marchmadness @DaytonMBB @otoppin1 @DaytonFlyers Of course he is! HE IS!!!',"Pittsburgh, PA",0.0,0.0
2020-03-24 19:14:29,b'@247gonefishing @marchmadness @DaytonMBB @otoppin1 @DaytonFlyers Someone gonna tell him we have a pandemic going on\xe2\x80\xa6 https://t.co/B9u0SxhiAd',"Papillion, NE",0.0,0.0
2020-03-24 19:13:38,"b'@marchmadness @DaytonMBB @otoppin1 @DaytonFlyers I\xe2\x80\x99m very biased for Luka, but no matter how much anger anyone in t\xe2\x80\xa6 https://t.co/fdaw6NJWig'","Papillion, NE",-0.24999999999999997,0.25
2020-03-24 19:12:55,b'@247gonefishing @marchmadness @DaytonMBB @otoppin1 @DaytonFlyers Ummm what???',"Spokane, Washington",0.0,0.0
2020-03-24 19:12:09,b'Remember when \xe2\x80\x9cDanny and The Miracles\xe2\x80\x9d led @KUHoops to the @marchmadness title in 1988? \n\nHe was a true one man wre\xe2\x80\xa6 https://t.co/ayGT6B7g6D',New York City,0.35,0.65
2020-03-24 19:11:48,b'@247gonefishing @marchmadness @DaytonMBB @otoppin1 @DaytonFlyers Uh...Who gonna tell him?',"Colorado, USA",0.0,0.0
2020-03-24 19:11:18,b'@marchmadness @DaytonMBB @otoppin1 @DaytonFlyers What about congratulations to @LukaG_55 for winning five other ver\xe2\x80\xa6 https://t.co/1wwuPqfyYV',"Waukee, IA",0.1875,0.5625
2020-03-24 19:11:10,b'@marchmadness @DaytonMBB @otoppin1 @DaytonFlyers Good',"Colorado, USA",0.7,0.6000000000000001
2020-03-24 19:11:01,b'@marchmadness @DaytonMBB @otoppin1 @DaytonFlyers INCOMING: PETTY IOWA FANS',University at Buffalo ,0.0,0.0
2020-03-24 19:10:53,b'@marchmadness @DaytonMBB @otoppin1 @DaytonFlyers Much deserved',"Kenosha, WI",0.2,0.2
2020-03-24 19:10:43,b'@marchmadness @DaytonMBB @otoppin1 @DaytonFlyers Only because he played in a bad conference. Should\xe2\x80\x99ve gone to some\xe2\x80\xa6 https://t.co/kZnDxSu6Uv',,-0.3499999999999999,0.8333333333333333
2020-03-24 19:10:42,b'@hawksrule25 @marchmadness @DaytonMBB @otoppin1 @DaytonFlyers Nah he wasn\xe2\x80\x99t',"Kenosha, WI",0.0,0.0
2020-03-24 19:09:51,b'@marchmadness @DaytonMBB @otoppin1 @DaytonFlyers Well deserved',,0.0,0.0
2020-03-24 19:09:48,b'@marchmadness @DaytonMBB @otoppin1 @DaytonFlyers Garza robbed',United States,0.0,0.0
2020-03-24 19:05:04,b'@acarrillonews @KOLDNews Postponement what a novel idea @marchmadness @NCAA',,0.0,0.0
2020-03-24 19:01:44,b'Athletes in other sports (or famous professions) who played in the NCAA Tournament (via @SportzAssassin)\xe2\x80\xa6 https://t.co/TzYcXsh19t',Philadelphia,0.1875,0.6875
2020-03-24 19:00:28,b'Vote on a classic @marchmadness National Championship game to relive',,-0.11666666666666668,0.2833333333333333
2020-03-24 18:56:30,b'The only Final Four &amp; best @MarchMadness finish for @WakeMBB was on this date 1962. \n\nLen Chappell &amp; Billy Packer l\xe2\x80\xa6 https://t.co/bXMtcUbmfU',"North Carolina, USA",0.3333333333333333,0.7666666666666666
2020-03-24 18:52:20,b'Vote on a classic @marchmadness Final Four game to relive',,-0.07777777777777779,0.5222222222222223
2020-03-24 18:51:59,b'The 1st and still the only No. 15 seed to advance to the @marchmadness Sweet 16 \xe2\x9d\x97\xef\xb8\x8f\xf0\x9f\x8f\x80\n\n#ASUNMBB | #WingsUp |\xe2\x80\xa6 https://t.co/VdTtGU3X4u',"Atlanta, GA",0.175,0.825
2020-03-24 18:47:57,"b'@marchmadness Hello, thank you for uploading so many full games to your Youtube channel! \n\nMay I please request the\xe2\x80\xa6 https://t.co/1vgFxFCHBW'",,0.46875,0.525
2020-03-24 18:44:13,b'Two of the best to play in the @BIGEASTMBB and @marchmadness #mubb @CBBonFOX https://t.co/LxT16Zp09E',"Milwaukee, Wis.",1.0,0.3
2020-03-24 18:43:12,b'\xe2\x80\x9cOMG did you just see that buzzer beater in the @marchmadness @umichbball game\xe2\x80\x9d.... \xe2\x80\x9cshit my bracket is torched\xe2\x80\x9d...\xe2\x80\xa6 https://t.co/4MkW9vY46l',"Atlanta, Napa and Las Vegas",-0.30000000000000004,0.6000000000000001
2020-03-24 18:40:58,b'Three years ago today @GamecockMBB defeated Baylor 70-50 to advance to the #EliteEight. \n\n@marchmadness #ThrowbackTuesday',"Columbia, SC",0.0,0.0
2020-03-24 18:38:28,b'@stuartmauney @DanAtkinsonEsq @DrTom78 @marchmadness Biedenbach was a newlywed when he started recruiting Thompson.\xe2\x80\xa6 https://t.co/TXv3d9pVPT',"Cary, NC",0.0,0.0
2020-03-24 18:37:06,b'@stuartmauney @DrTom78 @PackTimPeeler @marchmadness One of the highlights of my dad\xe2\x80\x99s time@at Furman was lighting D\xe2\x80\xa6 https://t.co/jYAWB4e6DE',"Spartanburg, SC",0.0,0.0
2020-03-24 18:35:48,b'@stuartmauney @PackTimPeeler @DanAtkinsonEsq @DrTom78 @marchmadness David Thompson was the greatest college player\xe2\x80\xa6 https://t.co/hdd4HviggK',,1.0,1.0
2020-03-24 18:27:07,b'@Logantj @SportsCenter @CapitalOne @espnW @espn @CapitalOneArena @ncaawbb @NCAA @marchmadness @WFinalFour\xe2\x80\xa6 https://t.co/du1Ga1DG0e',"Chicago, IL",0.0,0.0
2020-03-24 18:24:23,b'Great catching up with @UMBC_MBB @Coachryanodom on the 16 seed Retrievers as a No. 1 in our @marchmadness moments b\xe2\x80\xa6 https://t.co/CrzUZCGLj9',,0.7,0.825
2020-03-24 18:19:46,b'@TheSkyShowCHI @SportsCenter @CapitalOne @espnW @espn @CapitalOneArena @ncaawbb @NCAA @marchmadness @WFinalFour\xe2\x80\xa6 https://t.co/i20Lx8gI7r',"Logan, UT",0.0,0.0
2020-03-24 18:19:25,b'@PackTimPeeler @DanAtkinsonEsq @DrTom78 @marchmadness Had no idea Moose was from Kings Mtn.',"Greenville, South Carolina",0.0,0.0
2020-03-24 18:18:43,b'@PackTimPeeler @DanAtkinsonEsq @DrTom78 @marchmadness I saw David Thompson speak at a conference about 15 years ago\xe2\x80\xa6 https://t.co/KOfNPX84jy',"Greenville, South Carolina",0.0,0.0
2020-03-24 18:15:46,b'@SarahSpain @SpainandCompany Why only 32? 32 isn\xe2\x80\x99t good enough for @marchmadness 64 with a 4 song playin c\xe2\x80\x99mon \xf0\x9f\x98\x89',"Chicago, Illinois",0.2333333333333333,0.7000000000000001
2020-03-24 18:08:23,"b""@DanAtkinsonEsq @DrTom78 @stuartmauney @marchmadness 4. I can't count.""","Cary, NC",0.0,0.0
2020-03-24 18:08:04,b'@DanAtkinsonEsq @DrTom78 @stuartmauney @marchmadness 3. I was covering Furman basketball in the 1990s when I met my\xe2\x80\xa6 https://t.co/qsETBu04vi',"Cary, NC",0.0,0.0
2020-03-24 18:06:41,b'@DanAtkinsonEsq @DrTom78 @stuartmauney @marchmadness 2. Fessor and the Paladins were the often-forgotten fourth tea\xe2\x80\xa6 https://t.co/DDPHXJtnPh',"Cary, NC",0.0,0.0
2020-03-24 18:05:17,b'@jdscottphoto @marchmadness @UTEP_MBB @UMBCAthletics @DukeMBB @BYUbasketball Go Blue!',United States of America,0.0,0.1
2020-03-24 18:04:54,"b'@PackTimPeeler @marchmadness Curry will win cause that\xe2\x80\x99s all most folks remember, ncaa or nba.'","Cary, NC",0.65,0.45
2020-03-24 18:04:44,b'@DanAtkinsonEsq @DrTom78 @stuartmauney @marchmadness Two things about relevant to Furman: 1. Pack assistant\xe2\x80\xa6 https://t.co/FSOcGTNOa3',"Cary, NC",0.4,0.9
2020-03-24 18:03:53,b'@PackTimPeeler @marchmadness Get in there and vote for DT',"Fort Mill, SC",0.0,0.0
2020-03-24 18:02:42,"b'@DanAtkinsonEsq @DrTom78 @PackTimPeeler @marchmadness Same for my Dad. Now, regrettably he died in 1982. But up to\xe2\x80\xa6 https://t.co/VKDWwBuBdY'","Greenville, South Carolina",0.0,0.125
2020-03-24 18:02:00,b'@PackTimPeeler @marchmadness Totally agree on DT. Also Duncan s/b beating Jordan.',"Wrightsville Beach, NC",0.0,0.75
2020-03-24 17:58:45,"b""@DrTom78 @stuartmauney @PackTimPeeler @marchmadness I don't know a single person who loves college hoops more than\xe2\x80\xa6 https://t.co/RtfqUgIjMX""","Spartanburg, SC",0.2142857142857143,0.35714285714285715
2020-03-24 17:55:03,b'@stuartmauney @PackTimPeeler @marchmadness Too many victims of the last thing we saw must be the greatest thing ever',Upstate SC,0.5,0.5222222222222223
2020-03-24 17:53:29,b'@PackTimPeeler @TheWolfpacker @marchmadness The recency  bias in sports is just silly. It\xe2\x80\x99s time ESPN shuts it\xe2\x80\x99s do\xe2\x80\xa6 https://t.co/LDs3ruWPFh',,-0.5,0.875
2020-03-24 17:53:23,b'@StephNixon33 @marchmadness @NCAA I absolutely hated to hear cancelled!   Delayed or pushed back would have been gr\xe2\x80\xa6 https://t.co/8DMnu6L3za',"Pleasant Grove, UT",-0.5,0.35
2020-03-24 17:52:58,b'Vote on a classic @marchmadness Elite 8 game to relive',,-0.11666666666666668,0.2833333333333333
2020-03-24 17:50:10,b'Vote on a classic @marchmadness Sweet 16 game to relive',,0.03888888888888886,0.4055555555555556
2020-03-24 17:42:32,b'Vote on a classic @marchmadness Round of 32 game to relive',,-0.14444444444444446,0.32222222222222224
2020-03-24 17:42:17,b'That feeling when you just earned a trip to the @marchmadness Sweet 16!\n\nCheck out our full photo gallery from the\xe2\x80\xa6 https://t.co/oHvQlaNGsK',"Fort Myers, Fla. - Alico Arena",0.39375,0.6000000000000001
2020-03-24 17:39:41,b'@PackTimPeeler @marchmadness David Thompson was greatest college b-ball player I ever saw in person.  And that incl\xe2\x80\xa6 https://t.co/uh9OaLCq85',"Greenville, South Carolina",1.0,1.0
2020-03-24 17:38:38,b'Vote on a classic @marchmadness Round of 64 game to relive',,-0.14444444444444446,0.32222222222222224
2020-03-24 17:34:39,b'@PackTimPeeler @marchmadness Sad that Michael Jordan is going to run away with this mockery of a tournament.',"Raleigh, NC",-0.5,1.0
2020-03-24 17:32:00,"b'Come on people, this is simply a matter of voting for the person who saved college basketball by forcing the reinst\xe2\x80\xa6 https://t.co/uOokErTsF4'","Cary, NC",0.0,0.35714285714285715
2020-03-24 17:30:00,"b'One year ago today, UCF was this close to upsetting Zion and Duke \xf0\x9f\x98\xb3\n\n\xf0\x9f\x93\xbd\xef\xb8\x8f: @marchmadness \nhttps://t.co/eGxHQhNz1d'",,0.0,0.0
2020-03-24 17:28:21,b'@CalMBBall @RealJasonKidd @marchmadness Can someone rebroadcast this game...please!',"Alameda, CA",0.0,0.0
2020-03-24 17:27:25,b'@BIGEAST @Myles_MBP_23 @markushoward11 @SetonHallMBB @MarquetteMBB @SHUAthletics @muathletics @John_Fanta\xe2\x80\xa6 https://t.co/BNCZ0NKMUE',,0.0,0.0
2020-03-24 17:04:34,b'@Bgenau87 @KevinRyan18 @marchmadness @DaytonFlyers @IowaHoops @MarquetteMBB @SetonHallMBB @OregonMBB\xe2\x80\xa6 https://t.co/2JdvtU62ZG',,0.0,0.0
2020-03-24 17:01:12,b'@AmandaSavanah23 @marchmadness @UMBCAthletics I had never been happier to see my bracket completely busted',Texas Tech University,0.1,0.4
2020-03-24 16:58:41,b'Where are they now? March Madness names from the past (via @SportzAssassin) @yardbarker @marchmadness\xe2\x80\xa6 https://t.co/ZE4XGBAf0T',Philadelphia,-0.25,0.25
2020-03-24 16:45:54,b'@marchmadness @NCAA just gonna leave this here for you guys',"Kansas, USA",0.0,0.0
2020-03-24 16:45:30,b'Round of 32 @NCAA @marchmadness all-time champion bracket is LIVE \xe2\xac\x87\xef\xb8\x8f\xf0\x9f\x8f\x80 | @KVUE #MarchMadness #marchmadness2020\xe2\x80\xa6 https://t.co/or8OcFgD90',"Austin, TX",-0.03181818181818183,0.45
2020-03-24 16:44:18,"b'This will ALWAYS be the @marchmadness theme song!! Forget #OneShiningMoment TCBS NCAA 1983 ""Pre"" One Shining Moment\xe2\x80\xa6 https://t.co/R2BQkyz0RI'","Harrisburg, PA",0.0,0.0
2020-03-24 16:22:54,b'@marchmadness @DaytonFlyers @IowaHoops @MarquetteMBB @SetonHallMBB @OregonMBB @markushoward11 @Myles_MBP_23\xe2\x80\xa6 https://t.co/VvmgEAw82d',,0.0,0.0
2020-03-24 16:19:19,b'NO @WCChoops or @marchmadness? NO WORRIES! @JOINTHEPAF has you covered as we invite you to join us for a virtual Ti\xe2\x80\xa6 https://t.co/a038vwfNpu',"Stockton, CA",0.0,0.0
2020-03-24 16:12:15,b'@marchmadness @UTEP_MBB @NovaMBB @MSU_Basketball @PackMensBball @DukeMBB @IlliniMBB @VCU_Hoops @UVAMensHoops\xe2\x80\xa6 https://t.co/gVkZOFnNx4',,0.0,0.0
2020-03-24 16:12:01,b'@NUMensBball @chriskamrani @marchmadness @TheAthleticCBB @TheAthletic @coach_collins @PaulTenorio @NU_Sports\xe2\x80\xa6 https://t.co/8DtMk2ISut',,0.0,0.0
2020-03-24 16:11:58,b'\xf0\x9f\xa4\xa6\xf0\x9f\x8f\xbe\xe2\x80\x8d\xe2\x99\x82\xef\xb8\x8f watched #Sweet 16 vs VT and @marchmadness Elite 8 vs @MSU_Basketball last night. Still thought Dukies would w\xe2\x80\xa6 https://t.co/euZaSDrbXd',watching my Son  hoop ,0.175,0.35833333333333334
2020-03-24 16:09:43,b'@rjb8586 @N8__M @marchmadness @UTEP_MBB @NovaMBB @MSU_Basketball @PackMensBball @DukeMBB @IlliniMBB @VCU_Hoops\xe2\x80\xa6 https://t.co/tYujqxuKK3',,0.0,0.0
2020-03-24 16:04:16,b'@CoachShanksUMD @kingram_0 @lucasw2424 @jake_b0 @Marq_Towne5 @ClaytonCuster3 @camkrutwig @dylan_boehm @ndinardi44\xe2\x80\xa6 https://t.co/aeqDM1tav1',,0.0,0.0
2020-03-24 15:50:41,b'A conversation with former Reds broadcaster Marty Brennaman. https://t.co/Jn174pROhL @WCPO @Reds @MLB @marchmadness\xe2\x80\xa6 https://t.co/LAwp74nXVu',Cincinnati,0.0,0.0
2020-03-24 15:45:34,b'@marchmadness @GatorsMBK A wonderful moment in time!  \xf0\x9f\x92\xaf\xf0\x9f\x90\x8a',"Parkland, FL",1.0,1.0
2020-03-24 15:45:00,"b'March 24th, 2017 \xf0\x9f\x97\x93\n\nWisconsin was just seconds away from advancing, until Chris Chiozza hit this running three at t\xe2\x80\xa6 https://t.co/C1vHguY1Ve'",,0.0,0.0
2020-03-24 15:41:48,b'.@NBA @MLB @NHL @marchmadness @NCAA Hack it up and play ball. @DickieV @POTUS #Covid19Out',"Neptune Beach, Florida, USA",0.0,0.0
2020-03-24 15:37:10,b'I miss you @FanDuel @NBA @NHL @marchmadness',CLE,0.0,0.0
2020-03-24 15:36:41,b'I miss #MarchMadness. \xe2\x98\xb9\xef\xb8\x8f @marchmadness',S.E. Missouri ,0.0,0.0
2020-03-24 15:36:09,b'If the @Olympics can postpone for a year how about postponing @marchmadness for 6 months? I know it\xe2\x80\x99s a stretch but\xe2\x80\xa6 https://t.co/xdVLLDP9Z8',San Diego,0.0,0.0
2020-03-24 15:11:27,b'@SienaSaints @SienaMBB @HerculesTires @MAACHoops @marchmadness @SienaCollege @SienaAlumni @MAACSports @mid_madness\xe2\x80\xa6 https://t.co/uTYQ1IaW8P',,0.0,0.0
2020-03-24 15:05:03,b'The game was standard March Madness. Stuff got weird and one fan base relished to live on...\n\n@chriskamrani on the\xe2\x80\xa6 https://t.co/klSXiJ8dZP',"Evanston, Ill.",-0.3127272727272728,0.58
2020-03-24 15:00:00,"b""2 years ago today, Sister Jean's Ramblers beat K-State and advanced to the Final 4. \n\n@marchmadness moments https://t.co/gMRI7lMi1V""",ESPN Arkansas,0.2,0.8
2020-03-24 14:55:02,b'@marchmadness Heartbroken with no March Madness but you can join our fun. Go vote for LANGDON Scheeter in our\xe2\x80\xa6 https://t.co/1qjD9vkCMJ',,0.3,0.2
2020-03-24 14:49:37,b'@marchmadness @GatorsMBK And Billy the Kid took us all the way to the Final that year. What a tourney.',,0.0,1.0
2020-03-24 14:45:24,b'@CoachShanksUMD @kingram_0 @lucasw2424 @jake_b0 @Marq_Towne5 @ClaytonCuster3 @camkrutwig @dylan_boehm @ndinardi44\xe2\x80\xa6 https://t.co/nq22LhPjf0',MN ‚ùÑÔ∏è,0.0,0.0
2020-03-24 14:31:56,b'~ BEST @NCAA @marchmadness NATIONAL CHAMPION BRACKET~\n\nWho is the best of the best? Round of 32\n\nVOTE on the Twitte\xe2\x80\xa6 https://t.co/mQAWipEOja',"Austin, TX",0.7,0.32499999999999996
2020-03-24 14:30:58,b'@marchmadness @GatorsMBK A&amp;Ms comeback against Northern Iowa should have gotten in',the elksy,0.0,0.0
2020-03-24 14:30:47,b'@SienaSaints @SienaMBB @HerculesTires @MAACHoops @marchmadness @SienaCollege @SienaAlumni @MAACSports @mid_madness\xe2\x80\xa6 https://t.co/ksw2zFrp3z',"Long Beach, NY",0.0,0.0
2020-03-24 14:28:47,b'@JeffKowalsky @kasie @marchmadness Wrong team Jeffrey',,-0.5,0.9
2020-03-24 14:21:55,b'@Murray1Pat @TexasMBB @kenton_paulino @marchmadness @warriorplyr21 I\xe2\x80\x99ve been watching all the classics too as watch\xe2\x80\xa6 https://t.co/uTyyYPRm43',Johnstown PA,0.0,0.0
2020-03-24 14:19:21,b'@Murray1Pat @TexasMBB @kenton_paulino @marchmadness @warriorplyr21 It\xe2\x80\x99s what makes this time of the year so special when we have basketball.',Johnstown PA,0.35714285714285715,0.5714285714285714
2020-03-24 14:18:14,b'@Murray1Pat @TexasMBB @kenton_paulino @marchmadness @warriorplyr21 Unfortunately that stuff happens all the time and every experiences it.',Johnstown PA,-0.5,1.0
2020-03-24 14:16:35,b'@Murray1Pat @TexasMBB @kenton_paulino @marchmadness @warriorplyr21 Definitely a tough loss for WVU. I thought they\xe2\x80\xa6 https://t.co/HFxE4qdzp5',Johnstown PA,-0.3888888888888889,0.8333333333333334
2020-03-24 14:16:06,"b'@marchmadness @GatorsMBK Really, really fun team to watch \xf0\x9f\x90\x8a\xf0\x9f\x90\x8a'",,0.3,0.2
2020-03-24 14:14:40,"b'\xf0\x9f\x8f\x86 @SienaMBB Officially Crowned 2\xe2\x83\xa30\xe2\x83\xa32\xe2\x83\xa30\xe2\x83\xa3 @HerculesTires @MAACHoops Champions, @marchmadness Automatic Qualifier \n\n\xf0\x9f\x93\xb0\xe2\x80\xa6 https://t.co/iz0H1b5gzs'","√úT: 42.809485,-73.780426",0.0,0.0
2020-03-24 14:09:44,b'Loving these @marchmadness moments bracket 365 podcasts. Joining me this week: @NovaMBB @VUCoachJWright; @UMBC_MBB\xe2\x80\xa6 https://t.co/XKx7a4k6wi',,0.6,0.95
2020-03-24 14:08:59,b'@marchmadness @GatorsMBK @shinesf1 favorite moment',"Boston, MA",0.5,1.0
2020-03-24 13:59:13,b'@juliettep0rter Worst month and year ever! And I look forward to ever March for @marchmadness and @MLB opening day \xf0\x9f\x98\x94',,-1.0,1.0
2020-03-24 13:52:32,"b'Yesterday was a big day as the @marchmadness 2020 Championship game took place on our driveway, a brother battle.\xe2\x80\xa6 https://t.co/knPnxtahaG'",Minnesota,-0.2,0.25
2020-03-24 13:44:14,b'@kasie Even more of a downer then no @marchmadness ? Go blue!',,0.25,0.3
2020-03-24 13:33:18,"b""@ShermanJeff @marchmadness HOLY MACKEREL..... HOLY MACKEREL... One team is flying, one team is crying... That's college basketball!""",,-0.25,0.6
2020-03-24 13:32:28,"b""@illoutsmartyou @bigbenny999 @LibbyDoggett1 @SportsCenter @marchmadness You'll take doing something so awful that n\xe2\x80\xa6 https://t.co/V3GEFA3IQF""",,-1.0,1.0
2020-03-24 13:31:19,b'Not having @marchmadness https://t.co/NCEl6T7PNq',"Cisco, TX",0.0,0.0
2020-03-24 13:24:28,b'The Best \xe2\x81\xa6@marchmadness\xe2\x81\xa9 Tournament Game I Ever Saw: \xe2\x80\x98A miracle in #Milwaukee\xe2\x80\x99  https://t.co/1aOJUj5gJq',Milwaukee,0.3,0.35
2020-03-24 13:24:20,b'With @marchmadness immediately cancelling #IOC finally cancelling #2020Olympics @NHL &amp; @NBA shud follow suit&amp; cance\xe2\x80\xa6 https://t.co/m3flx2lwaH',,0.0,1.0
2020-03-24 13:20:54,b'Sad news on two former @marchmadness players due to #COVID19. Take this virus seriously as it does not discriminate\xe2\x80\xa6 https://t.co/up1tVIKGai',"Hattiesburg, MS",-0.23958333333333331,0.5104166666666666
2020-03-24 12:53:14,b'I woke up late today because I was having a dream that @TerrapinHoops was in the @marchmadness final game. \xf0\x9f\x90\xa2',"Arizona, USA",-0.2333333333333333,0.6666666666666666
2020-03-24 12:27:12,b'@1065WYRK @marchmadness @jakeowen @kanebrown Kane brown',United States,0.0,0.0
2020-03-24 12:12:07,b'@StevePoliti @marchmadness to @RutgersMBB this late into March',,-0.3,0.6
2020-03-24 12:06:56,b'@marchmadness @GatorsMBK We were there! #FloridaBasketball',"Florida, USA",0.0,0.0
2020-03-24 12:00:36,"b""We've come to accept that there will be no tourney. Even watching past tournaments is kind of fun. But before we mo\xe2\x80\xa6 https://t.co/AVjeRPYHfC""","Indianapolis, IN",0.21666666666666665,0.44999999999999996
2020-03-24 12:00:15,b'It\xe2\x80\x99s Topper Tuesday @marchmadness. \xe2\x9d\xa4\xef\xb8\x8fthese two special gals cheering on my old college stomping grounds. Let\xe2\x80\x99s hear\xe2\x80\xa6 https://t.co/mHXxtsGBCw',"Danville, KY",0.2285714285714286,0.3857142857142857
2020-03-24 11:41:41,b'@GoShockersMBB upset #1 @ZagMBB in the 2013 @marchmadness on their way to the @FinalFour in Atlanta. \xf0\x9f\x8f\x80\xf0\x9f\x8f\x80\xf0\x9f\x8f\x80 https://t.co/G55dX2akMY',,0.0,0.0
2020-03-24 11:34:28,"b""Since there is no @marchmadness, we are looking for\n\nBUFFALO'S FAVORITE COUNTRY STAR--Round 1\n\n@jakeowen @kanebrown""","Buffalo, N.Y.",0.5,1.0
2020-03-24 11:17:16,b'I miss @marchmadness \xf0\x9f\x98\xad https://t.co/SJGiXPsiVz',"Fort Wayne, IN",0.0,0.0
2020-03-24 11:00:16,"b'On this day in 1992, @laettnerbball sent Duke to the Final Four\n\n@marchmadness moments https://t.co/A0CfQp7MfK'",ESPN Arkansas,0.0,1.0
2020-03-24 10:33:34,"b""What if KU had been down only 2 points before Mario's Miracle? via @KUsports \xe2\x81\xa6@marchmadness\xe2\x81\xa9 \xe2\x81\xa6@FinalFour\xe2\x81\xa9 \xe2\x81\xa6@KUHoops\xe2\x80\xa6 https://t.co/BKwv8XwNzY""",Atlanta,-0.07777777777777779,0.6444444444444445
2020-03-24 09:13:01,b'Can I get some more retweets and likes on my content. Spread the word about my page. Thanks @marchmadness #retweet\xe2\x80\xa6 https://t.co/VoE7LFCeK7',,0.35,0.35
2020-03-24 09:05:45,b'Mamadi Diakite is the real National Defensive Player of the year and ACC. @theACCDN @NaismithTrophy @accmbb\xe2\x80\xa6 https://t.co/Y7vh903Lnk',"Territoire de Belfort, Franche",0.2,0.30000000000000004
2020-03-24 07:10:17,"b'\xf0\x9f\x91\x80\xf0\x9f\x98\xb3\xf0\x9f\x94\xa5\xf0\x9f\xa6\x86\xf0\x9f\x8f\x80great idea, crazy video! \xe2\x80\x9cOne Shining Moment\xe2\x80\x9d always symbolizes the end of @marchmadness. Nice way to closure\xe2\x80\xa6 https://t.co/uaZ7pcWnYG'",Never can tell ...,-0.07500000000000001,0.95
2020-03-24 07:01:01,b'@BearNTex @marchmadness Congrats Ladies! \xf0\x9f\x92\xaa\xf0\x9f\x8f\xbd \xf0\x9f\x90\xbb',"Houston, TX",0.0,0.0
2020-03-24 06:49:11,b'Check out 1983-84 Feb 16th UCLA vs Cal Basketbal Game Program https://t.co/wHqixLQpnB @eBay \xe2\x81\xa6@UCLAMBB\xe2\x81\xa9 \xe2\x81\xa6@CALbasketballl\xe2\x81\xa9 \xe2\x81\xa6@marchmadness\xe2\x81\xa9',"Winnipeg, Manitoba",-0.4,0.4
2020-03-24 06:29:50,b'YEport - #Omaha\xe2\x80\x99s #CHIHealthCenter Outfitted with #MeyerSound LEOPARD System\n\nA new Meyer Sound system based on LEO\xe2\x80\xa6 https://t.co/cHxKG5lyIN',,0.2681818181818182,0.42727272727272725
2020-03-24 06:26:51,b'miss u @marchmadness',OTW,0.0,0.0
2020-03-24 06:21:33,"b'@bigbenny999 @LibbyDoggett1 @LanceClark312 @SportsCenter @marchmadness Your right. BUT, the next year they won a na\xe2\x80\xa6 https://t.co/ToQlDPpiwX'","Utah, USA",0.14285714285714285,0.26785714285714285
2020-03-24 06:17:12,b'@APlayersProgram @marchmadness @milessimon Sweet. I was only 29.',Tucson,0.175,0.825
2020-03-24 05:19:30,"b'@NCAA Can we not get a basketball bowl season? Whenever we recover, give the teams 2/3 weeks to practice and then 1\xe2\x80\xa6 https://t.co/4EITIQi3n7'","Waco, TX",0.0,0.0
2020-03-24 05:15:14,b'Oh man ...\n\xe2\x81\xa6@marchmadness\xe2\x81\xa9 \xf0\x9f\x8f\x80 \xe2\x81\xa6@tsnmike\xe2\x81\xa9 \xe2\x81\xa6@ByPatForde\xe2\x81\xa9  https://t.co/1ESKJVhmDO',The Mountains,0.0,0.0
2020-03-24 05:01:36,b'That\xe2\x80\x99s crazy it really ain\xe2\x80\x99t no @marchmadness this year\xf0\x9f\x98\xa2',"Decatur, IL",-0.19999999999999998,0.55
2020-03-24 04:56:53,b'@ButlerWarSong @ButlerMBB @archey10 @marchmadness Great team',"Indianapolis, IN",0.8,0.75
2020-03-24 04:56:30,b'@APlayersProgram @marchmadness @milessimon In the middle of beating 3 Blue Blood 1 seeds. One of the greatest runs in history.',,0.3333333333333333,0.3666666666666667
2020-03-24 04:40:06,b'@KyleMcghee22 @marchmadness @UMBCAthletics oh you know i\xe2\x80\x99ve been a retriever fan since before sister jean knew loyola existed',texas tech,0.0,0.0
2020-03-24 04:35:50,b'@AmandaSavanah23 @marchmadness Put @UMBCAthletics in if you\xe2\x80\x99re real',Texas Tech University,0.2,0.30000000000000004
2020-03-24 04:32:05,b'Duke 36\nFSU 35 HALFTIME\n\n2ND HALF LINE\nDUKE +1\nFSU -1\n\n#RETWEET @marchmadness #savemarchmadness #duke #fsu\xe2\x80\xa6 https://t.co/XrDU13RFAm',,-0.08333333333333333,0.08333333333333333
2020-03-24 04:28:21,b'sooooooo @marchmadness do u want to give me the 64 team bracket so I can begin simulations now plz\n\ni\xe2\x80\x99m just here to provide hypotheticals',texas tech,0.0,0.0
2020-03-24 04:09:28,"b'You can take away march madness, but there\xe2\x80\x99s no chance you can take away the one shining moment video\xe2\x80\xa6 https://t.co/10c8TMwxMi'","Chicago, IL‚û°Ô∏èMacomb, IL",0.0,0.0
2020-03-24 04:03:57,b'#UCF Hoops game vs Duke 2nd round is airing right now on @CBSSportsNet as part of week long reairing classic\xe2\x80\xa6 https://t.co/MN0ZwGmvpT',"Orlando, FL",-0.07285714285714287,0.34714285714285714
2020-03-24 03:52:23,b'@dukefan321 @SyracuseOn247 @builditbiggerak @accmbb @Zionwilliamson @DukeMBB @Cuse_MBB @marchmadness You like duke your weird asf',,-0.5,1.0
2020-03-24 03:25:41,b'@marchmadness @_mdiakite @UVAMensHoops @RamblersMBB @FinalFour Diakite buzzer beater',,0.0,0.0
2020-03-24 03:04:17,"b""I didn't know you worked for @NBA @LAClippers @DonnieJones.\n\nWhere was I lol?\n\nAnyway, explains even more why you h\xe2\x80\xa6 https://t.co/lX9aWkyNvk""","Miami, FL",0.65,0.6
2020-03-24 02:53:37,"b""@JadeGurss Curious @JadeGurss what's your all-time favorite @marchmadness moment?  For me as a UNC basketball fan i\xe2\x80\xa6 https://t.co/GPuvp6yUtT""",,0.2,1.0
2020-03-24 02:52:02,"b'03/23/19 - A year ago, would you have believed it if someone told you that this time next year the word Corona woul\xe2\x80\xa6 https://t.co/UrcdRu81xT'","Evansville, IN",0.0,0.0
2020-03-24 02:51:52,b'@JadeGurss Well watch some classic @marchmadness games on @YouTube.  Watch the 1982 @NCAA Title game win for UNC ov\xe2\x80\xa6 https://t.co/ckrHPEd41i',,0.18888888888888888,0.32222222222222224
2020-03-24 02:51:14,b'@GoMocsMBB @GoMocs @jimhorten made good points on 3 different 5 yr. runs but I\xe2\x80\x99d say 93-97. 4 @SoConSports Tourname\xe2\x80\xa6 https://t.co/PIji0iY87J',"Chattanooga, TN",0.35,0.6000000000000001
2020-03-24 02:49:46,"b""@MaxPozsgai7x @marchmadness @TheAndyKatz @GatorsMBK That's it!!! The original tv teddy""",Illinois ,0.375,0.75
2020-03-24 02:48:33,"b""@ftrmnstr @AlabamaMBB No. I'm willing to go ahead and lay a half rack on @AlabamaMBB making it beyond the 1st round\xe2\x80\xa6 https://t.co/UdlfdaDzi0""","Georgia, USA",-0.14583333333333331,0.4583333333333333
2020-03-24 02:40:55,"b""@APlayersProgram @marchmadness @milessimon The good ol' days...""",,0.7,0.6000000000000001
2020-03-24 02:32:51,b'Just got through watching @DukeMBB @KUHoops Elite 8 matchup a couple years ago! Man that was a hell of a game! I am\xe2\x80\xa6 https://t.co/OQdMmwxHL1',KANSAS ,-0.5,0.4
2020-03-24 02:20:05,b'@marchmadness @GatorsMBK I remember skipping a college class and watched this game instead.',,-0.4,0.4
2020-03-24 02:03:32,b'How we get by with no March Madness in the Hernandez house! #HavenMarie #15MonthsOld #baller #futureSpartan @espn\xe2\x80\xa6 https://t.co/CytpSmHj9o',"Grand Rapids, Michigan",0.0,0.0
2020-03-24 01:53:57,b'@marchmadness \n\xe2\x80\x9cWhat Might Have Been\xe2\x80\x9d\nCredit: Luke and Grant Bowling from @CofOHardWorkU and @bransonschools \n\n@espn https://t.co/CNEcjtkSw7',,0.0,0.0
2020-03-24 01:46:43,"b'@BarstoolFIU @marchmadness Some interesting match ups in the left bracket. Morgan vs McGough for the best FIU QB ever, Cyp vs Wittels !!!'","Miami,Fl",0.5,0.26666666666666666
2020-03-24 01:45:09,b'My @marchmadness bracket is still perfect!! \xf0\x9f\x91\x8d\xf0\x9f\x8f\xbc good gosh it doesn\xe2\x80\x99t even feel like March! Stay well all. Miss normalcy quite a bit!!',Ohio,1.0,0.8
2020-03-24 01:38:46,b'Jim is a great guy and he\xe2\x80\x99s been on my podcast. I love BC basketball.  I was a four year student manager for the pr\xe2\x80\xa6 https://t.co/AJGrqebnnZ',Connecticut,0.65,0.675
2020-03-24 01:36:33,b'@DanArkus @JoeyZitella @marchmadness @GatorsMBK Disrespecting Hot Sauce https://t.co/OlZUqPo9ui',,0.25,0.8500000000000001
2020-03-24 01:29:52,b'@marchmadness @TheAndyKatz @GatorsMBK @theTrevorlution watched this at my house.',,0.0,0.0
2020-03-24 01:28:07,"b""@KachaelJuanita @espn @E60 @NBA @marchmadness @NCAA , but any longer than a month I don't see them picking this sea\xe2\x80\xa6 https://t.co/fzm6E1e45p""",,0.0,0.0
2020-03-24 01:27:44,b'@KachaelJuanita @espn @E60 @NBA @marchmadness @NCAA If this only lasted another month we may see the NBA pick back\xe2\x80\xa6 https://t.co/CYFeIi88Qw',,0.0,1.0
2020-03-24 01:24:17,b'@KachaelJuanita @espn @E60 @NBA @marchmadness @NCAA Im completely there with you.. but the fact that they canceled\xe2\x80\xa6 https://t.co/6AYFogJ1uq',,0.1,0.4
2020-03-24 01:22:08,"b""@BertJacoby @UVABasketball @VirginiaSports @marchmadness @_mdiakite Different Cavs team, but I'm watching the 2016\xe2\x80\xa6 https://t.co/1ntEwTsctU""","Charlottesville, VA",0.0,0.6
2020-03-24 01:21:26,"b""@marchmadness @sportnewsed @GatorsMBK Atta boy... after rewatching this Saturday night, I can't believe we won the\xe2\x80\xa6 https://t.co/gozo33xETd""",Long Beach / Los Angeles,0.0,0.0
2020-03-24 01:20:35,"b'@Btweet48 @marchmadness @JCCornette @jonkrum Big fax. As a frosh, he was the Chevy Player of the Game too!'",Chicago,-0.25,0.25
2020-03-24 01:15:56,b'@Mbrew87 @marchmadness @TheAndyKatz @GatorsMBK #5 Teddy Dupay',Illinois,0.0,0.0
2020-03-24 01:15:03,"b'@rashar_morgan @marchmadness @TheAndyKatz @GatorsMBK Strangely enough, this was the last time in history a ref corr\xe2\x80\xa6 https://t.co/SxjXOa357i'","Scottsdale, AZ",0.0,0.2833333333333333
2020-03-24 01:08:47,b'@rashar_morgan @marchmadness @TheAndyKatz @GatorsMBK Trying to figure out why this is funny.',,0.25,1.0
2020-03-24 01:07:52,b'@Mbrew87 @marchmadness @TheAndyKatz @GatorsMBK Winston Salem was a host site for 1st round games.',,-0.2,0.4
2020-03-24 00:59:58,"b'In case you missed it, our selection show &amp; bracket predictions is posted. Follow along with us, fill out a bracket\xe2\x80\xa6 https://t.co/4jQOaGcN24'",,0.0,0.0
2020-03-24 00:58:24,b'If this doesn\xe2\x80\x99t define @marchmadness I don\xe2\x80\x99t know what does. https://t.co/xsrWFfvcMr',WV via the 606 & @tvcshoops,0.0,0.0
2020-03-24 00:51:15,b'@JoeyZitella @marchmadness @GatorsMBK best shooters of all time.\n\n1. Dirk\n2. Miller (Mike)\n3. Bibby (also Mike)',,1.0,0.3
2020-03-24 00:48:30,b'@marchmadness @JCCornette @jonkrum\n@jordancornette\n#33 for Butler tripped or he would have swatted that into the 5th row.',"Cincinnati, Ohio",0.0,0.0
2020-03-24 00:44:03,b'@Dedicated_11 Congrats man! Let\xe2\x80\x99s get to The Dance @marchmadness #gomaroon Go Big E!',"Whitehall, OH",0.0,0.1
2020-03-24 00:41:17,b'@marchmadness @TheAndyKatz @GatorsMBK Who was #5? Why they playing at Wake Forest?',Illinois ,0.0,0.0
2020-03-24 00:37:42,b'I\xe2\x80\x99d like to declare that the NCAA March Madness Tournament is in fact essential and that they shouldn\xe2\x80\x99t have cancel\xe2\x80\xa6 https://t.co/AyNpvpc2En',WI,0.0,0.3
2020-03-24 00:37:34,b'@APlayersProgram @marchmadness @milessimon That was such a tough game!',"Tucson, AZ",-0.2962962962962963,0.5777777777777778
2020-03-24 00:29:34,b'@marchmadness Basketball Junkies: Dealing w/ March Sadness is brutal but I have a BRILLIANT idea to spark a nationw\xe2\x80\xa6 https://t.co/EGyjQyHEQ1',"New Jersey, USA",0.012500000000000011,1.0
2020-03-24 00:24:46,b'@marchmadness @GatorsMBK Get fucked. Blatant charge not called. https://t.co/IvEI98ArVm',Section 29,-0.55,0.6
2020-03-24 00:23:04,b'@marchmadness @TheAndyKatz @GatorsMBK Butler was trying to take charges back in 2000\xf0\x9f\xa4\xa3',Iowa,0.0,0.0
2020-03-24 00:20:08,b'@MonarchSportsAZ @CoachingChanges @Marriott @Westgate_AZ @StateFarmStdm @UNC @ZagMBB @marchmadness @NCAA And based\xe2\x80\xa6 https://t.co/hpPqnUYGuz',Las Vegas NV,0.0,0.0
2020-03-24 00:19:33,b'@marchmadness @TheAndyKatz @GatorsMBK Are those screams coming from grown ass men?',"Milwaukee, WI",0.0,0.0
2020-03-24 00:15:21,"b""@marchmadness @GatorsMBK I'll never forget this game @mbken84""","clyde ,ohio ",-0.4,0.4
2020-03-24 00:14:42,b'#patrickewing went to three @marchmadness championship games and might be the greatest college player ever. He cert\xe2\x80\xa6 https://t.co/hAiDCDZiOe',New York City,1.0,1.0
2020-03-24 00:12:09,b'@marchmadness @GatorsMBK @ECameronWells if they knew we were there it would\xe2\x80\x99ve made the tourney.',"Brentwood, TN",0.0,0.0
2020-03-24 00:08:45,b'The sweet 16 for the @NCAA tournament was supposed to be this Thursday @marchmadness \xf0\x9f\x98\xaa',"Dallas, TX",0.35,0.65
2020-03-24 00:03:29,b'@marchmadness @GatorsMBK First round buzzer beater then went all the way to the title game',"Kansas City, MO",-0.11666666666666668,0.37777777777777777
