2020-04-18 21:13:55,"b'Narrated Abu Huraira:\nAllah\xe2\x80\x99s Messenger (\xef\xb7\xba) said:\n\n\xe2\x80\x9cWhen the month of Ramadan starts, the gates of the heaven are o\xe2\x80\xa6 https://t.co/MizoGmqyYy'","London, England",0.0,0.0
2020-04-18 20:45:56,b'the less fortunates with kindness and compassion!! Get rid of arrogance and learn to be humble !!\nIndeed beloved pr\xe2\x80\xa6 https://t.co/yrFoNAMsKm',"Ajmer Sharif, India üáÆüá≥",0.042361111111111106,0.48888888888888893
2020-04-18 19:13:20,b'How Early #Muslims Dealt with #Ramadan\n\nhttps://t.co/7L15fw3QMy\n\n#Islam #Muslims #fasting #Quran #hadith #Sunnah\xe2\x80\xa6 https://t.co/iF8QUfPW76',Kuwait,0.1,0.3
2020-04-18 18:30:22,b'Global One - We deliver sustainable development projects to create a fairer world for all humanity:\xe2\x80\xa6 https://t.co/D70nTANS87',London,0.0,0.0
2020-04-18 17:51:08,"b'The Prophet said:\n\xe2\x80\x9cwhen you hear the crowing of the roosters, then ask Allah of His bounty, for verily they have se\xe2\x80\xa6 https://t.co/MpflVoQG0x'",Kingdom of Saudi Arabia,0.0,0.0
2020-04-18 16:17:25,"b'Quran Academy Yaseenabad, Block 9, Federal B. Area, Karachi, contact no. 92-21-36806561 / 0331-7292223\n#Hadith\xe2\x80\xa6 https://t.co/3blP4yuG3o'","Karachi, Pakistan",0.0,0.0
2020-04-18 16:07:20,b'Learn more about the Seerah by visiting us at https://t.co/a8GlQDOroy\n\n#islam #quran #quranicquizzes #quranquiz\xe2\x80\xa6 https://t.co/tQP0GfjMZ3',,0.5,0.5
2020-04-18 15:50:43,b'A permanent therapy for a healthy heart \xe2\x9d\xa4\xef\xb8\x8f\n1. After fajar&gt;&gt;&gt;&gt;&gt;&gt;surah ya_sin\n2. After zuhar&gt;&gt;&gt;&gt;&gt;surah Al_fath\n3. Aft\xe2\x80\xa6 https://t.co/5iRXVTWgvm',Jammu And Kashmir srinagar,0.5,0.5
2020-04-18 15:40:41,"b'""...be in this world as if you were a traveler...""\nTirmizi, Zuhd 25\n#Hadith'","Kayseri, T√ºrkiye",0.0,0.0
2020-04-18 15:33:22,"b'#Hadith\n\nIt was narrated that Anas bin Malik said:\n\n""The Messenger of Allah (\xef\xb7\xba) led us in prayer, and we did not he\xe2\x80\xa6 https://t.co/JDk80inn70'",,0.0,0.0
2020-04-18 15:32:16,"b""#Hadith\n\nAbu Huraira reported Allah's Messenger (\xef\xb7\xba) as saying:\n\nCharity does not in any way decrease the wealth and\xe2\x80\xa6 https://t.co/eKU9Z9dg9K""",,0.0,0.0
2020-04-18 15:30:04,"b'#Hadith\n\nIt was narrated that \'Abdullah bin Salimah said:\n\n""I heard \'Ali say: \'The best of people after the Messeng\xe2\x80\xa6 https://t.co/Sv8pabzJNw'",,1.0,0.3
2020-04-18 15:09:19,b'@farnazfassihi Why people of #Hadith &amp; mankind can never read &amp; understand the #Quran for guidance?\xe2\x80\xa6 https://t.co/fWQ3OQPp1j',"Ontario, Canada",0.0,0.0
2020-04-18 14:10:45,b'@jawadahmadone O People of #Hadith! Have you pondered that recognition of Allahs #messenger is by Ahadith or Quran\xe2\x80\xa6 https://t.co/6JnvXPaUIw',"Ontario, Canada",0.0,0.0
2020-04-18 13:28:32,"b'MY DEAR RESPECTED BELIEVING MUSLIMS AND NON-MUSLIMS, PLEASE FOR ALMIGHTY ALL\xc4\x80H\xef\xb7\xbb (GOD), #PONDER OVER THIS #HADITH OF\xe2\x80\xa6 https://t.co/fmFc1aeN9s'",,0.0,0.0
2020-04-18 12:54:24,"b""#ExMuslims Think About Qur'an Preservation by IntrovertedSmiles. \xf0\x9f\x87\xba\xf0\x9f\x87\xb8\n\n\xf0\x9f\x93\x96\xf0\x9f\x90\x90\n\n#ExMuslim #Islam #Quran #hadith #goat https://t.co/SOq1UKr9vY""","Bromley, Kent",0.0,0.0
2020-04-18 12:52:45,"b""@zainabsikander @tufailelif @TarekFatah shouldn't Indian Muslim decide if #Hadith should be the final authority or Holy Quran ?""",,0.0,1.0
2020-04-18 12:51:19,"b'Abu Hurairah (May Allah be pleased with him) reported:\n\nMessenger of Allah (\xef\xb7\xba) said, ""The strong man is not one who\xe2\x80\xa6 https://t.co/qVJcsPHEGg'","California, USA",0.4666666666666667,0.8666666666666667
2020-04-18 11:45:03,b'#BritishMuslimTV Free to view on Sky Channel 752 or stream via our website: https://t.co/Z79LpvoOtK\n \n#Allahuakbar\xe2\x80\xa6 https://t.co/dkuoTCsWbn',UK,0.4,0.8
2020-04-18 11:30:12,"b'I just witnessing a prophecy gets confirmed in realtime \xf0\x9f\x98\xa5 \n\n(68) Al-Qalam 15, in short 68:15 \n-Prophecies isnt a fa\xe2\x80\xa6 https://t.co/RQLhK2nVUW'",/dev/null,0.2,0.65
2020-04-18 10:58:38,"b""A just and humble leader is God's shade and blade on the earth, for whom the rewards of seventy sincere ones will b\xe2\x80\xa6 https://t.co/gbqEvh5ook""","Qum, Iran",0.15,0.45
2020-04-18 10:07:11,"b'Perhaps you are sleeping, eating or engaged in work And Allah Plants for you in Paradise because of the people who\xe2\x80\xa6 https://t.co/cQpOJrfOsH'",United Kingdom,0.0,0.0
2020-04-18 10:00:00,b'Share the hadith forward. \xf0\x9f\x91\x8d\n\n#hadith #arabic #hadith #faith #allah #islam #quran #prophet #hadis #rewardshadith\xe2\x80\xa6 https://t.co/ThLCoadd97',,0.0,0.0
2020-04-18 09:52:37,b'#Palestinian(#Syria given #Constitution1970Syria mandates state/president religion of #Islam)\xe2\x80\xa6 https://t.co/TSvGRVg8oC',112 Surah Al Ikhlas,0.0,0.0
2020-04-18 09:42:06,b'A hadith in which Prophet Muhammad counted the fingers of a roasted lizard. He said a group from the children of Is\xe2\x80\xa6 https://t.co/3JZ9qxy9vL',"Bromley, Kent",0.0,0.0
2020-04-18 08:42:45,"b""Remedy from Qur'an-E-Kareem\n#Hadith #Goldenwords #updatesonislam #Tumblr #Linkedin #Googleplus #Facebook #Pinterest\xe2\x80\xa6 https://t.co/UJstANCbXd""","Bengaluru, India",0.0,0.0
2020-04-18 08:42:19,"b""Remedy from Qur'an-E-Kareem\n#Hadith #Goldenwords #updatesonislam #Tumblr #Linkedin #Googleplus #Facebook #Pinterest\xe2\x80\xa6 https://t.co/leRyGkiLqU""","Bengaluru, India",0.0,0.0
2020-04-18 08:41:58,b'Golden Words\n#Hadith #Goldenwords #updatesonislam #Tumblr #Linkedin #Googleplus #Facebook #Pinterest #Twitter\xe2\x80\xa6 https://t.co/2odEyDibyV',"Bengaluru, India",0.3,0.5
2020-04-18 08:41:47,b'Hadith of the Day !!\n#Hadith #Goldenwords #updatesonislam #Tumblr #Linkedin #Googleplus #Facebook #Pinterest\xe2\x80\xa6 https://t.co/2sahQiwewm',"Bengaluru, India",0.0,0.0
2020-04-18 08:08:44,"b'Dr. Isar Ahmad, a famous non-Ahmadi scholar from the past, admitted that the theory of Prophet Jesus being substitu\xe2\x80\xa6 https://t.co/VOS0JKZUyU'","Offenbach am Main, Deutschland",0.125,0.625
2020-04-18 07:57:02,"b""#HADITH'S OF THE DAY\n\n\xe2\x80\xa2 Allah's Messenger said:\n\n{Do not #revile the dead, for \nthey have reached what they have se\xe2\x80\xa6 https://t.co/kmKoGnY6ab""","Borno, Nigeria üá≥üá¨üá≥üá¨üá≥üá¨",-0.2,0.4
2020-04-18 06:31:06,"b""#Hadith Helping People, Putting smile on people's faces\n\nRead this hadith from our blog: \nhttps://t.co/8RZ2bOPaP6 https://t.co/IUy3rCqgZB""",,0.3,0.1
2020-04-18 05:06:35,"b'Observe Prayer at the declining &amp; paling of the sun on to the darkness of the night, and the recitation\xc2\xa0of the Qura\xe2\x80\xa6 https://t.co/b4TqhfC3Wj'","England, United Kingdom",0.0,0.0
2020-04-18 04:31:30,b'Follow @QadamiaTariqa\n. \n#QadamiaTariqa #ShaykhAlauddinKhan #IslamicQuotes #Rasulullah\xef\xb7\xba #Madinah #Makkah #Kaba\xe2\x80\xa6 https://t.co/xINv4sFk1P',Bangladesh,0.0,0.0
2020-04-18 03:34:37,"b'The Prophet Muhammad (peace be upon him) said: ""Do good deeds properly, sincerely and moderately. . .Always adopt a\xe2\x80\xa6 https://t.co/dGdGEFeqvG'",Jammu And Kashmir,0.39999999999999997,0.6
2020-04-18 03:31:50,"b'if you can\xe2\x80\x99t do this, do something near to it and give glad tidings and seek help (of Allah) at morn and at dusk an\xe2\x80\xa6 https://t.co/dvm26PYWfz'",Jammu And Kashmir,0.3,0.7
2020-04-18 02:35:43,b'Sahih Al-Bukhari: How is the Revelation Revealed? [Ep.02] https://t.co/TqDuyhfWsF. #hadith #islam https://t.co/eM81WgKjty',,0.0,0.0
2020-04-18 02:28:38,"b'Did you know that Prophet Muhammad(pbbuh) said:""The most despicable amongst persons in the eye of Allah is one who\xe2\x80\xa6 https://t.co/GC7p3wUeNX'",,0.5,0.5
2020-04-18 02:08:06,b'#Hadith saying of the Holy Prophet Muhammad saw\n#ahmadiyyat #ahmadiyya #ourteaching #parents https://t.co/sIb9cb4D0d',.....,0.0,0.0
2020-04-18 00:24:18,b'May Allah guide us to lead our life as per Islamic principles.\nSahih Al Bukhari\n#Hadith #HadithOfTheDay\xe2\x80\xa6 https://t.co/oZOc16z6Ug',Hong Kong,0.0,0.0
2020-04-18 21:05:39,"b'From Deir Ezzor, #Syria https://t.co/ZUoSUpT54I'",,0.0,0.0
2020-04-18 21:01:26,"b'The last thing any mother would wish for is injury or even death to her child,but this #clip depicts the mental ang\xe2\x80\xa6 https://t.co/OiNkwxQGiU'",,-0.05,0.13333333333333333
2020-04-18 20:59:02,"b'The #Officer Saleh Muhammad Jarjanazi, from #Hama governorate, was arrested in 2014 by #SyrianRegime forces. On Mar\xe2\x80\xa6 https://t.co/AKL0zJgQ0V'","London, England",0.0,0.0
2020-04-18 20:55:28,b'@BabakTaghvaee1 These are turkish terrorists PUSHING and not escorting illegal immigrants to Greek borders. These a\xe2\x80\xa6 https://t.co/5gRukevf4f',,-0.25,0.25
2020-04-18 20:52:46,"b'@AmirAminiMD @JMooreBoston In yrs past, Chomsky worked to ""expose US imperialism.""  But in 2016, he said he\'d vote\xe2\x80\xa6 https://t.co/26bPO32wG9'","Los Angeles, California, USA",-0.25,0.25
2020-04-18 20:48:40,"b'#ISIS claimed the killing of two officers belonging to the #Syrian Army in an ambush in #Daraa, #Syria. https://t.co/KOsvom611y'",‚Äî,0.0,0.0
2020-04-18 20:48:18,"b""US continues it's plans to steal oil and gas from #Syria . https://t.co/yN6uqMQxJx""",,0.0,0.0
2020-04-18 20:43:05,"b'@iSohaylAhmed @HarrisRichard77 This is just the beginning, @GCC should effectively start planning replacing the che\xe2\x80\xa6 https://t.co/b4wCHoza66'",London,0.6,0.8
2020-04-18 20:42:49,b'Many resort to poetry to cope with the trauma induced by #COVID19 in a time of so much global pain incl\xe2\x80\xa6 https://t.co/7zPrhiS4L9',,0.25,0.25
2020-04-18 20:41:26,b'@BasedPoland @thedukeoriginal The whole world stands with #Greece.   But also stands with #Syria &amp; #Libya where tur\xe2\x80\xa6 https://t.co/kXZiIo8PSE',,0.2,0.4
2020-04-18 20:40:19,"b'My article on Syrian victims of the conflict and international justice, published today in The Drouth - Scotland\xe2\x80\x99s\xe2\x80\xa6 https://t.co/GV8Gblm7Yp'",Everywhere,0.0,0.0
2020-04-18 20:40:18,"b'We\xe2\x80\x99ll forever be greatly indebted to those who overcame the terror to risk it all, and take to the streets to peace\xe2\x80\xa6 https://t.co/ktZTNBenky'",Belfast - Doha - London,0.8,0.75
2020-04-18 20:30:15,b'+++Libyan army announce it has recaptured all lost areas on al-Sa`diyyah and Tawishah axis from Turkish-backed GNA.\xe2\x80\xa6 https://t.co/fnJfIyqCLJ',Federasyona Bakur√™ S√ªriy√™ ‚Äì Rojava,0.0,0.0
2020-04-18 20:28:41,b'There is no security in the areas controlled by Turkish forces &amp; its proxies. This will not change until #Turkey le\xe2\x80\xa6 https://t.co/UDkFasF6CB',,0.0,0.0
2020-04-18 20:26:39,"b""@mehdirhasan Mehdi, \nIn 8 years @JoeBiden was VP, #Libya #Syria and #Yemen are completely destroyed. #Egypt's first\xe2\x80\xa6 https://t.co/TnLk5X1ZC6""",Minneapolis ,0.1,0.4
2020-04-18 20:20:04,b'Legal Memo Confirming Assad Seeks to Consolidate Demographic Change\nhttps://t.co/Bv2EU4cn6x\n#Syria #Damascus https://t.co/SiBOghmb29',,0.2,0.2
2020-04-18 20:16:42,b'Shiiaization of #Syria https://t.co/u8XBzEwJGc',,0.0,0.0
2020-04-18 20:15:49,b'@rdejonge62 @hashemi644 #Yemen and #Bahrain and #Syria and #Iraq and #Afghanistan and #Indian_muslims and #lebanon\xe2\x80\xa6 https://t.co/Flpe0JYcCg',West of Asia,0.0,0.0
2020-04-18 20:13:20,"b'Here is a new report from Abdussamed #Dagul, German citizen of Turkish descent and activist of the so-called #Syria\xe2\x80\xa6 https://t.co/MNOTPkSIbA'",Paris Bastille ,0.06818181818181818,0.22727272727272727
2020-04-18 20:10:52,"b'Prophet (\xef\xb7\xba) said,\n\n \xe2\x80\x9cThe Muslims are like a single man. If the eye is afflicted, then the whole body is afflicted.\xe2\x80\xa6 https://t.co/hAgH7X6cNn'",quarantine,0.0642857142857143,0.30714285714285716
2020-04-18 20:10:24,"b'""Why do Kurds fight alongside with *grey wolves* in #Libya""? #KRG #Turkey #KDP #PUK #Kurds #Syria #Libya #Kurds \nhttps://t.co/TjVWBuPO3G'",ŒïŒªŒªŒ¨œÇ,-0.05,0.1
2020-04-18 20:10:09,"b'APR. 18, 2018. Remembering the #terrorist attack in Mayadin District, #Syria. Islamic state militants launched an a\xe2\x80\xa6 https://t.co/VPo3ICR6lK'",Worldwide,0.0,0.0
2020-04-18 20:04:05,b'@Stuart_TheGreat @dwnews #IslamicState is defeated and Australia is helping to train iraqi military So point your f\xe2\x80\xa6 https://t.co/hw2xb3GlbR',Perth WA ,-0.1,0.1
2020-04-18 20:02:03,b'Why coronavirus is a ticking bomb in war-ravaged northern #Syria https://t.co/gMfl19gJ0t',http://blogit.iltalehti.fi/ala,0.0,0.0
2020-04-18 20:01:21,b'#coronavirus #covid19 #Syria #freedetainees Shocking condition of recently released detainees Abdul Hamid Mahmoud a\xe2\x80\xa6 https://t.co/UCOj8kSNgt',"Dublin City, Ireland",-0.5,0.625
2020-04-18 20:00:49,"b'Keep an eye out\n\n#ISIS is proving a serious threat amid COVID-19 unrest: After a week of attacks in  #Maldives, Afr\xe2\x80\xa6 https://t.co/cc0uokD2wq'",,-0.3333333333333333,0.6666666666666666
2020-04-18 19:53:42,b'#Idlib remains primary concern of #Covid_19 outbreak in Syria as aid still insufficient. #Syria \nhttps://t.co/xB3WAxUpKP',Damascus,0.4,0.5
2020-04-18 19:45:04,b'SOC\xe2\x80\x99s President Delivers Televised Speech to Syrian People on Occasion of Evacuation Day\nhttps://t.co/0oR66XZUZh\xe2\x80\xa6 https://t.co/1FrGPDZWOP',,0.0,0.0
2020-04-18 19:41:31,"b'10. #Syria, Journalism and the Cost of Indifference https://t.co/EGFKEWEshZ via @wordpressdotcom'",,0.0,0.0
2020-04-18 19:35:24,"b""I might as well take a break as I'm fed up with the pandemic &amp; it's ruined my desire to stick to my plans today for #Syria awareness \xf0\x9f\x98\xa3""",Canada üá®üá¶,0.0,0.0
2020-04-18 19:35:05,b'Rights Monitor Calls on Lebanon to Reconsider Decision to Remove Syrian Refugee Camp\nhttps://t.co/YFSv7UGYy3\n#Syria\xe2\x80\xa6 https://t.co/EDG2fN9Vhm',,0.0,0.0
2020-04-18 19:33:58,b'#Syria Chamber of Industry #Aleppo announces the manufacture of the first artificial respirator with Syrian expertise. #StaySafe .#Covid_19',,-0.175,0.6666666666666666
2020-04-18 19:32:51,b'#WHO knew about #COVID19 death in NE #Syria for 11 days before telling the Autonomous Administration of NE Syria? B\xe2\x80\xa6 https://t.co/lnk75IaY4f',Southeastern Pennsylvania,0.4,0.7
2020-04-18 19:31:26,"b'.@washingtonpost : ""According to @MazenGharibah, #Syria\xe2\x80\x99s intelligence apparatus is treating the coronavirus as a s\xe2\x80\xa6 https://t.co/nbeP2bOsA3'","Brighton, UK",0.0,0.0
2020-04-18 19:30:17,b'MAJOR: US Forces Covertly Enter Military Base in Raqqa https://t.co/PgFDrMX2i1 #Syria #USImperialism #War',Los Angeles - Belgrade - CDMX ,-0.2791666666666667,0.5333333333333333
2020-04-18 19:30:16,b'The corpse of Suhail Taj al Din al Hamoud was found by families between the villages of Tal Hussein and al Fairouzi\xe2\x80\xa6 https://t.co/MJEUMEegEs',"London, England",0.0,0.0
2020-04-18 19:30:03,b'Prominent Palestinian journalist accuses CIA of using COVID-19 crisis to steal Syrian oil https://t.co/7xKE0CWF2t #Palestine #Syria',,0.5,1.0
2020-04-18 19:29:07,"b'When two white men, who don\xe2\x80\x99t even speak the language properly &amp; never lived in any part of Syria  start to \xe2\x80\x98analyz\xe2\x80\xa6 https://t.co/9kXAGOrAvm'",Washington.DC,0.0,0.05
2020-04-18 19:27:05,b'@Stuart_TheGreat @dwnews No not mine #Iraq save to return to most of #Syria those from Africa mainly economic refugees',Perth WA ,0.35,0.35
2020-04-18 19:24:30,"b'""#Hezbollah vehicle filmed attacked on the outskirts of Syrian-Lebanese border indicates vehicle apparently led eli\xe2\x80\xa6 https://t.co/Ccd3aGY6wQ'","Florida, USA",0.05,0.35
2020-04-18 19:24:03,b'MAJOR: #Turkey Recruiting New Terrorist Group in Northern #Syria https://t.co/ako83zOIFX #Terrorism #WarCrimes',Los Angeles - Belgrade - CDMX ,0.09943181818181818,0.4772727272727273
2020-04-18 19:22:57,b'@AsaadHannaa @WestworldHBO Yes and let\xe2\x80\x99s not forget that the @UN were too busy bringing resolutions against #israel\xe2\x80\xa6 https://t.co/IQy5Esbf7t',Israel,0.1,0.3
2020-04-18 19:22:44,b'residents of a number of villages in #Qamishli countryside blocked a convoy of #USA military vehicles and forced it\xe2\x80\xa6 https://t.co/ISmIQPe1Bc',"Milovice, Czechia",-0.2,0.15000000000000002
2020-04-18 19:21:15,b'I don\xe2\x80\x99t want to spend another day indoors watching Netflix. Luckily I have #Italian and #astronomy and podcast rese\xe2\x80\xa6 https://t.co/mD7KmpCnUg',SF Bay Area,0.16666666666666666,0.4166666666666667
2020-04-18 19:20:18,"b'#Libya: General command of the Libyan army announce the elimination of a syrian mercenaries leader named ""Abu Firas\xe2\x80\xa6 https://t.co/RxF7TDJ8WI'",Federasyona Bakur√™ S√ªriy√™ ‚Äì Rojava,0.05000000000000002,0.5
2020-04-18 19:16:27,b'@fkeverycountry #Syria has F**ked up by bashar-al Assad\xf0\x9f\x87\xb8\xf0\x9f\x87\xbe',"Sulaymaniyah, Ba≈üur√™ Kurdistan",0.0,0.0
2020-04-18 19:15:47,b'The #Turkish president continues to send cargo ships carrying thousands of fighters from #Syria and Turkish soldier\xe2\x80\xa6 https://t.co/Iwoz3HcgmW',,0.0,0.0
2020-04-18 19:15:01,b'Fuck #Syria.',World,-0.4,0.6
2020-04-18 19:12:28,"b'@sahouraxo u russian agent of #big_brother #EURASIA , this is what your master did in #syria while whole the world\xe2\x80\xa6 https://t.co/SXqK158tdu'",Islamic Republic of Iran,0.1,0.2
2020-04-18 19:09:48,b'Watch the amazing episode: \nhttps://t.co/Rc9B6nBee0\nThank you Jay Palfrey for your #humanity! and for highlighting\xe2\x80\xa6 https://t.co/28c7VmjGKJ',"Overland Park, KS",0.7500000000000001,0.9
2020-04-18 19:06:46,"b'We will never forget.\n\n24 years ago, Israel dropped bombs on a UN shelter in the Southern #Lebanon village of #Qana\xe2\x80\xa6 https://t.co/lNPZcraiVX'",,0.0,0.0
2020-04-18 19:06:31,b'Coronavirus Has Opposite Effects on Turkish Policy in Syria and Libya\nhttps://t.co/EIoy0tj8gq #Turkey #Libya\xe2\x80\xa6 https://t.co/NCis5eKBIP',,0.0,0.0
2020-04-18 19:05:58,b'Why #coronavirus is a ticking bomb in war-ravaged northern #Syria https://t.co/HCqO07z7Pf https://t.co/KrMWVNACLD',"Florida, USA",0.0,0.0
2020-04-18 19:05:49,b'.@UNDP #Syria continues its support to management of solid waste helping prevent the spread of #COVID19 &amp; other dis\xe2\x80\xa6 https://t.co/r6rw570b9G',Syria,-0.10833333333333334,0.15833333333333333
2020-04-18 19:02:00,b'I remember this night very https://t.co/kd30WCslDE was the first time I smell that much gun powder. It was the nigh\xe2\x80\xa6 https://t.co/aZu9oH6sa7',Syria/UK,0.21666666666666667,0.27777777777777773
2020-04-18 19:01:48,"b""@LunaSafwan @Arabiandestiny3 All #DisplacedSyrians in #Lebanon stay at home so they won't be sent back to #Syria by force \xf0\x9f\xa4\xac\xf0\x9f\x98\xa1\xf0\x9f\x98\xa0\xf0\x9f\x98\xa4""",Canada üá®üá¶,0.0,0.0
2020-04-18 19:01:21,b'Happy Easter \xf0\x9f\x90\xa3\nMass production!! #Damascus #Syria\n#canonphotography #photography #canon\n#sweet #sweets #oriental\xe2\x80\xa6 https://t.co/uOZ1DDMXwk',"Damascus, Syria",0.675,0.825
2020-04-18 19:00:34,b'Members of Hayat Tahrir al-Sham and the Turkistan Islamic Party have four times shelled positions of the Syrian Arm\xe2\x80\xa6 https://t.co/n4TcBKm2HT', üåé ‚ù§Ô∏èÔ∏è ‡πÄt ‡πè–≥ l—î‡∏Ñ◊©—î ‡πÄt üí´üëΩ,0.0,0.0
2020-04-18 19:00:31,"b'Not only that the #WHO is working together with the Assad regime, which starves &amp; bombs the people in #Syria. They\xe2\x80\xa6 https://t.co/qt8OaMNQpk'",With myüíîin war zones,0.0,1.0
2020-04-18 18:58:49,b'@sahouraxo Happy Independence Day #Syria \xf0\x9f\x87\xb8\xf0\x9f\x87\xbe from #Venezuela \xf0\x9f\x87\xbb\xf0\x9f\x87\xaa\n\nBeautiful #Syria !',"Caracas, Venezuela",0.9,1.0
2020-04-18 18:56:43,"b""#Iran's FM @JZarif to travel to #Syria on Monday to meet with Syrian Foreign Minister Walid Muallem. https://t.co/hT5pWpp9ys""",,-0.125,0.125
2020-04-18 18:56:22,"b""@GreekOfficer @hysperine1 @PennySmirlis @ypso15 @LNA2019M By the way, #Erdogan's son-in-law has founded the company\xe2\x80\xa6 https://t.co/YbD0e2zi9W""",,0.0,0.0
2020-04-18 18:54:06,b'Two earthquakes hit western #Syria as seismic activity continues https://t.co/f1v79Bg9dO #Earthquake',,0.0,0.0
2020-04-18 18:54:03,"b'#Shengal ""was attacked by..#ISIS without consulting anyone,but the #occupation of #Afrin was carried out with the\xe2\x80\xa6 https://t.co/1cJoGvJQqE'",,0.0,0.0
2020-04-18 18:51:30,"b'https://t.co/OUMXtLX5XV Germany takes in Afghan, #Syria n refugee children from Greek camp'",,0.0,0.0
2020-04-18 18:50:24,"b""'More than half of greater Idlib\xe2\x80\x99s medical facilities were damaged or destroyed in about 70 Russian-regime attacks\xe2\x80\xa6 https://t.co/2oPICeti2L""",,0.20833333333333334,0.29166666666666663
2020-04-18 18:48:34,"b'Islamic State Wilayat al-Sham - Hawran is claiming an attack in the city of al-Hrak (#Daraa province, #Syria) that\xe2\x80\xa6 https://t.co/3mCwyFgrAr'","Afrin, Syria",0.0,0.0
2020-04-18 18:45:02,"b""Two senior officers from the #Assad regime have been killed in an ambush in #Syria's Daraa province, where violent\xe2\x80\xa6 https://t.co/owVlssaeVj""",London,-0.2,0.0
2020-04-18 18:44:32,b'Good night my dear #Syria!\xf0\x9f\x87\xb8\xf0\x9f\x87\xbe Beautiful #Homs https://t.co/rNkS0YHVdM',Syria,0.7749999999999999,0.8
2020-04-18 18:44:09,"b""'The Kurdish administration in northeast Syria has reported the first confirmed case of Coronavirus.'\xe2\x80\xa6 https://t.co/EziCxxXAj1""",,0.325,0.6666666666666666
2020-04-18 18:38:44,"b'@thedukeoriginal Not a problem, put them on the Greek coast guard boat and give them a ride to #Latakia, #Syria.\xe2\x80\xa6 https://t.co/xzLRXi1EBX'",,0.0,0.0
2020-04-18 18:38:26,"b'https://t.co/XZ4pPDlveo\n\nVery good video from Adam Jensen.\n\n#Syria, #DPRK, #China are not fascist or racist.\n\nThey\xe2\x80\xa6 https://t.co/OYMI3Lkbak'",New York CIty,0.9099999999999999,0.7800000000000001
2020-04-18 18:32:26,b'Forces of the Turkish occupation backed by #Syria-n and #MB jihadis today launched a wide-scale ground and air atta\xe2\x80\xa6 https://t.co/4XEG203nAR',,0.0,0.0
2020-04-18 18:26:55,b'Another problem we came across in refugee shelters is storage. Putting something on the ground can result in it get\xe2\x80\xa6 https://t.co/DlA3S6M5dk',,0.0,0.0
2020-04-18 18:25:08,b'Are you listening ? Everyday we are losing families. #Syria https://t.co/a5IZVjfCQz',Made in Pakistan,-0.2,0.6
2020-04-18 18:23:14,b'Examples for #Lebanon using #Turkey #Syria \n\nInvest in used cars',,0.0,0.0
2020-04-18 18:20:38,"b'Press release\nSyrian Opposition Coalition - Syria\nDepartment of Media and Communications\nApril 18, 2020\nOn Serious\xe2\x80\xa6 https://t.co/e8tvYvtWyx'",,0.0,0.0
2020-04-18 18:19:35,b'Abdul Hamid Al-Haj Ali\n\nA young man was arrested and detained in Butcher #Assad dungeons of torture and released af\xe2\x80\xa6 https://t.co/lVB3iQ3hVN',,0.1,0.4
2020-04-18 18:19:24,"b""Stability and tranquility in the region first require the expulsion of the regime's mullahs, Revolutionary Guards\xe2\x80\xa6 https://t.co/K8wwPEfZ2W""",,0.25,0.3333333333333333
2020-04-18 18:18:03,"b""@SaraHayatShah What about #syria #gaza #Palestine #yemen #kashmir since 90's and #afganistan""",srinagar,0.0,0.0
2020-04-18 18:10:49,b'@XposeTrophyHunt @Protect_Wldlife @PeterEgan6 @_AnimalAdvocate @RobRobbEdwards @VMallarino @RicciGuarnaccio\xe2\x80\xa6 https://t.co/tADvhddKTQ',"Amsterdam, Nederland",0.0,0.0
2020-04-18 18:09:40,"b'For the record, the alternative to #Brussels and #Washington engaging now or in the near short-term is probably the\xe2\x80\xa6 https://t.co/wTyv3CDKe2'",üõ©,0.25,0.55
2020-04-18 18:06:25,b'#SPOTLIGHT: The crisis-ravaged communities of war-torn #Idlib and northeastern #Syria face an unexpected enemy:\xe2\x80\xa6 https://t.co/vAM5jFJpiy',Saudi Arabia,0.1,1.0
2020-04-18 17:59:06,b'things happening between Asmaa al Asaad and Rami Makhlouf in #Damascus. this is must read:\n#Syria\nhttps://t.co/mKpy9fHzUK',,0.0,0.0
2020-04-18 17:55:57,"b'We might not be able to deliver you #Cakes4Syria this Ramadan, but we can definitely deliver food to families who n\xe2\x80\xa6 https://t.co/fTihCByQ8c'",Hull/London/Earth,0.25,0.5625
2020-04-18 17:48:10,b'@1903Saman @HakanYagli1 @moses_libico @AbuSaleemDF You lost in #Syria you lost in #Evros your are totally instable\xe2\x80\xa6 https://t.co/zgag4aD2IB',,0.0,0.75
2020-04-18 17:46:38,b'@HarbiehNadie @TheArabSource is spinning that story completely opposite saying for the second time in a week that\xe2\x80\xa6 https://t.co/HKTGl9PLPM',Jacksonville Florida 32226,0.0,0.0
2020-04-18 17:44:49,b'Images of detainees have been recently released by Syrian regime show the negligence of health and medical care whi\xe2\x80\xa6 https://t.co/fEbA2ziWHR',Azerbaijan,0.0,0.125
2020-04-18 17:40:00,b'#Syria to Shorten #Curfew During #Ramadan as #Algeria Extends Virus #Lockdown https://t.co/slzFqLMM1N',London,0.0,0.0
2020-04-18 17:39:28,b'Leaving a Land of Chaos https://t.co/qxlgsNwc7Z: Lujein Alkaridi\xe2\x80\x99s formal wedding photo she took in Syria is missin\xe2\x80\xa6 https://t.co/64duxFMAgy',United States,0.0,0.0
2020-04-18 17:36:16,"b""@alnassar_kw Stop #Sectarianwar , Don't kill innocents in the name of #Sunni #Shia ,,\n#Yemen #Syria #Iraq #Baharain\xe2\x80\xa6 https://t.co/1Jsnk0ELvn""",Madrassupattinam ,0.0,0.0
2020-04-18 17:32:05,b'I will continue for all that I can but I do want to keep #Syria in the forefront today.\nI hate what the pandemic is\xe2\x80\xa6 https://t.co/JPOjWw9gaO',Canada üá®üá¶,-0.8,0.9
2020-04-18 17:30:51,b'S. #Syria: sunset over SE. #Suwayda desert.\nhttps://t.co/fvtEOz2Bn2 https://t.co/tlym6K3OKo',,0.0,0.0
2020-04-18 17:30:07,b'Images of #Detainees have been recently released by #SyrianRegime forces show the negligence of health and medical\xe2\x80\xa6 https://t.co/ouR80U7qzp',"London, England",0.0,0.25
2020-04-18 17:27:42,b'@aeryqjh @libulibee @libyie No one is inviting murderers. #Turks have invated militarily in a foreign country once\xe2\x80\xa6 https://t.co/pWXvS2B0Ik',,-0.125,0.125
2020-04-18 17:22:28,b'Russian missile cruiser heading to #Syria: report https://t.co/so3YBpcU6l #Russia',,0.0,0.0
2020-04-18 17:17:19,"b""@slymncengiz @MarcoFlorianMED Because Greeks are allowed to speak freely about your crimes.\n\nYou've invaded militar\xe2\x80\xa6 https://t.co/7xj6OakgVd""",,0.4,0.8
2020-04-18 17:15:33,b'From the archives:  Report: #Informants In #Iraq And #Syria Gave US Intelligence On Iran\xe2\x80\x99s https://t.co/6pM0rdl5OR #damascus #iran',"New York, NY",0.0,0.0
2020-04-18 17:15:03,"b""Two senior colonels from the #Assad regime have been killed in an attack in #Syria's Daraa province, where violent\xe2\x80\xa6 https://t.co/HQ3dS5mM7j""",London,-0.2,0.0
2020-04-18 17:09:16,b'#Syria: The Syrian government decides to ease the #coronavirus restrictions.',Syria,0.0,0.0
2020-04-18 17:05:59,"b""@NizarMohamad1 Here's the article: https://t.co/XjikmUlirj\n\n#Syria #COVID_19 #BCG""",üá™üá∫ European Union,0.0,0.0
2020-04-18 17:03:45,b'Every single measure recommended to protect against the spread of #Covid_19  is nearly impossible to implement for\xe2\x80\xa6 https://t.co/R97EUbla2a',Canada,-0.369047619047619,0.6071428571428571
2020-04-18 17:03:28,b'Syrian military commander assassinated in #Daraa https://t.co/sVpm8CnVYC #Syria',,-0.1,0.1
2020-04-18 17:00:01,b'\xe2\x9a\xa0\xef\xb8\x8fUpdate on #COVID19 from #Syria\xe2\x9a\xa0\xef\xb8\x8f https://t.co/jkqpDUItNO',Canada,0.0,0.0
2020-04-18 16:57:57,"b'While our world needs them the most, Assad detained 3327 medical workers. #syria #COVID19 release all political det\xe2\x80\xa6 https://t.co/Bf6YdFVqGT'",Montr√©al-Canada ,0.16666666666666666,0.19999999999999998
2020-04-18 16:44:56,"b'#Syria regime forces have ruthlessly disappeared, tortured &amp; killed tens of thousands of political prisoners\n\nNow s\xe2\x80\xa6 https://t.co/jI9ALRZt7x'","Brussels, Belgium",-0.39999999999999997,0.3666666666666667
2020-04-18 16:44:04,"b'Okay, I have said my piece for Khaled Haj Osman in #Turkey from #Syria for now but will return to the situation we\xe2\x80\xa6 https://t.co/iDfi7uUJpP'",Canada üá®üá¶,0.5,0.5
2020-04-18 16:42:57,"b'@Mosa13Mosa A child who should be enjoying his childhood, going to school, spending time in the playgrounds. But Al\xe2\x80\xa6 https://t.co/LZVu4VtVqi'",Hyderabad/Chennai,0.5,0.6
2020-04-18 16:39:14,b'@shahjhan_malikk @AfreenFatima136 Like Almighty has done justice in\n#Afghanistan \n#Iraq \n#yemen \n#Syria \n#Libya \n\nNext on anvil #Iran',,0.0,0.0
2020-04-18 16:37:01,"b""#Turkey's role in #Libya's GNA advance suggests:\n\n1-#Russia support for Haftar is limited. We saw in #Syria that wh\xe2\x80\xa6 https://t.co/JssEhHxZQp""",Around somewhere...,-0.07142857142857142,0.14285714285714285
2020-04-18 16:36:57,"b'#Covid19 is a gift to the Assad regime. The outbreak will have a calamitous effect on nearly 130,000 detainees\xe2\x80\x94many\xe2\x80\xa6 https://t.co/9YC4dWNfmw'","Washington, DC",0.1,0.4
2020-04-18 16:33:17,"b""@cindymccain @forsamafilm @WeTruths Maybe you don't know or don't want to know that John McCain promoted and meetin\xe2\x80\xa6 https://t.co/eMfbUgZ19n""","Catalu√±a, Espa√±a",0.0,0.0
2020-04-18 16:32:30,b'My beautiful #Syria!\xf0\x9f\x87\xb8\xf0\x9f\x87\xbe \xe2\x9d\xa4\xef\xb8\x8f https://t.co/VWNQStU3jV',Syria,0.85,1.0
2020-04-18 16:31:33,b'Terrible news from #Syria. https://t.co/5pVih2ABsM',"Brussels, Belgium",-1.0,1.0
2020-04-18 16:31:02,"b'Watch: Syrian Army, villagers forces #US military to turn around in northeast #Syria https://t.co/exrOAnRG3U'",,-0.1,0.1
2020-04-18 16:30:23,"b'The lead singer in the\xf0\x9f\x91\x87 is a beautiful charming girl. May God Bless her, for singing this wonderful message from\xe2\x80\xa6 https://t.co/NxJ9Cr9Wxe'",,0.85,1.0
2020-04-18 16:30:05,b'The injury of several civilians and damages in the local #Market in Afin city in #Aleppo suburbs in the aftermath o\xe2\x80\xa6 https://t.co/F7ZujXLzaz',"London, England",0.0,0.0
2020-04-18 16:29:36,b'Grateful to @GettyReportage for featuring my photo from #Syria in their weekly instagram roundup today. Proud to se\xe2\x80\xa6 https://t.co/oSprKQ1Dkq',,0.8,1.0
2020-04-18 16:26:13,b'Unknown #Iranian aircraft EP-TQZ en route to #Syria\n https://t.co/16s6ImRSgK https://t.co/2CXRrIKsnt',Albania,-0.1,0.6
2020-04-18 16:23:39,"b'@Intl_Mediatior Sir after #china and #Russia , #Iran is 5th largest country to have #drones but in expertise they a\xe2\x80\xa6 https://t.co/1Xc77YMWqi'","West Midlands, England",0.0,0.0
2020-04-18 16:21:03,b'#India sending #hydroxychloroquine to 55 coronavirus-hit countries.\n#pharmaceutical #lifeScience #Trade #FDI \n#USA\xe2\x80\xa6 https://t.co/JG6FeFo99K',Worldwide,0.0,0.0
2020-04-18 16:20:23,"b""@RealMattCouch Remember she made Trump watch those polar bear videos because #ClimateChange ? And don't forget her\xe2\x80\xa6 https://t.co/2Ht2mn87KW""",,-0.08333333333333333,0.25
2020-04-18 16:19:22,b'Great news #Syria https://t.co/1fsuPXNKAz',,0.8,0.75
2020-04-18 16:18:23,"b""Stray #cats linger by closed butcher shops at the empty meat market in the center of #Qamishli city, in #Syria's no\xe2\x80\xa6 https://t.co/4utIw3kVIh"""," Kurdistan , Rojava ,Qami≈ülo ",-0.10000000000000002,0.2333333333333333
2020-04-18 16:18:01,b'Unknown Iranian aircraft EP-TQZ en route to #Syria https://t.co/bRu5cNNHFB',,-0.1,0.6
2020-04-18 16:17:01,b'#Syria ISIS claims killing 2 Commanders of 52nd SAA Brigade with a machine gun in al Hirak area in Daraa Governator\xe2\x80\xa6 https://t.co/qk8eMXceKu',Tel Aviv,0.0,0.0
2020-04-18 16:16:19,"b'@mvhaydencenter @ScharSchool @CSPS_GMU @GeorgeMasonU Military officials, intelligence officers &amp; academics in other\xe2\x80\xa6 https://t.co/2KNMtqrvRx'",United States,-0.1,0.1
2020-04-18 16:15:41,"b""&amp;quot;Major Blow To US&amp;quot;: Large Group Of US-Backed Fighters 'Defect' To Assad Forces\xc2\xa0 https://t.co/3rCzwnnu2d\xe2\x80\xa6 https://t.co/gsjLesAUNJ""",,0.21428571428571427,0.42857142857142855
2020-04-18 16:15:41,"b'04/18/20 #Iran #Syria #Afghanistan @DOD @Centcom: Iran report more than 5,000 deaths and 80,868 COVID-19 cases as s\xe2\x80\xa6 https://t.co/QHHt33HH5q'",,0.5,0.5
2020-04-18 16:15:08,"b'@NCSCgov @mvhaydencenter Military officials, intelligence officers &amp; academics in other countries, from the U.K. &amp;\xe2\x80\xa6 https://t.co/guqA44Mqu8'",United States,-0.1125,0.2375
2020-04-18 16:13:51,b'Reading incredible \xe2\x80\x98War Doctor\xe2\x80\x99 and feeling incensed that any leader would use barrel bombs to target and kill thei\xe2\x80\xa6 https://t.co/N3P7hk3koj',"North East, England",0.9,0.9
2020-04-18 16:08:17,b'New video shows alleged moment #Israel targeted Hezbollah commander in #Syria https://t.co/u0nyZztkl7 #Lebanon',,0.018181818181818174,0.2772727272727273
2020-04-18 16:07:00,"b'While #coronaviruspandemic has forced the US-led coalition to scale back some of its operations, its recent meeting\xe2\x80\xa6 https://t.co/vzM5teHbR2'","Washington, DC",-0.10000000000000002,0.15
2020-04-18 16:05:58,b'A car bomb explosion took place in #Afrin city this afternoon! \n#Syria #SAA #Aleppo #Syrian_army https://t.co/RHl5krzQfp',Syria,0.0,0.0
2020-04-18 16:05:17,b'And some fantastic news from home \xf0\x9f\x98\x8d Second group of unaccompanied refugee children relocated from Greek camps to No\xe2\x80\xa6 https://t.co/jITGNJ5BF6',Afghanistan,0.13333333333333333,0.3
2020-04-18 16:03:25,b'Humanitarian access should not be a political bargaining chip in #Syria. Commitment from \xf0\x9f\x87\xba\xf0\x9f\x87\xb8 and \xf0\x9f\x87\xac\xf0\x9f\x87\xa7 to push the rene\xe2\x80\xa6 https://t.co/zJWyDCQp7o',,0.0,0.1
2020-04-18 16:01:29,b'#GNA &amp; #Sultan_Erdogan backed force (mercenaries)who is from #Syria #Chad #Sudan &amp; #Turkey had a huge progress &amp; th\xe2\x80\xa6 https://t.co/I8hKUhbzKl',Norge,0.4000000000000001,0.9
2020-04-18 15:55:09,"b""In print (great it still exists) in @guardianreview: My review of @dimawannous's novel on #Syria\xe2\x80\x99s trauma; translat\xe2\x80\xa6 https://t.co/xr2nOri5KA""",London UK  & Cape Town,0.8,0.75
2020-04-18 15:52:17,"b'We pray for peace in our hearts, homes and world: #Palestine #Israel #Ukraine #Syria #Lebanon #Iraq #Libya\xe2\x80\xa6 https://t.co/JkZtvdmFZq'",,0.0,0.0
2020-04-18 15:51:18,"b'#Syrian Health Ministry : \n\n- 2115 people were quarantined from February 5, 2020 until April 17. \n\n- 1898 out of th\xe2\x80\xa6 https://t.co/8UYGQl7x5c'",,0.0,0.0
2020-04-18 15:49:25,b'#Syria-linked APT group SEA targets #Android users with #COVID19 lures\nhttps://t.co/Xct6dm9TPh\n#securityaffairs\xe2\x80\xa6 https://t.co/UGPm0u5dmx',"Napoli, Italy",0.6,1.0
2020-04-18 15:45:55,"b""Whoever thinks that Hafter's collapse in Libya will not be positively reflected on the #SyrianRevlution is mistaken\xe2\x80\xa6 https://t.co/cvYcIxsMLs""",,0.22727272727272727,0.5454545454545454
2020-04-18 15:45:13,"b""Two senior colonels from the #Assad regime have been killed in an attack in #Syria's Daraa province, where violent\xe2\x80\xa6 https://t.co/cHX3fEp2FW""",London,-0.2,0.0
2020-04-18 15:44:06,"b'@LizardB01935413 This is purely political war. What did the poor people of #Iraq, #Syria, #Lebanon, #Libya,\xe2\x80\xa6 https://t.co/vA1DQRLt3o'",International,-0.2,0.35
2020-04-18 15:42:07,"b'154-2/\nStatement in English by #ISIS about the attack on 52nd Brigade in Daraa, #Syria https://t.co/IKRH8qM15G'",Like/RT ‚â† Endorsement,0.0,0.0
2020-04-18 15:39:04,b'We have to help the most vulnerable isolate or we will never flatten the curve. This virus does not respect borders\xe2\x80\xa6 https://t.co/9VuFfvZOIr',London,0.0,0.5
2020-04-18 15:35:20,b'Even if I have to dig back through my former accounts today I want to do everything I can for #Syria awareness agai\xe2\x80\xa6 https://t.co/aC5vV75hGq',Canada üá®üá¶,0.0,0.0
2020-04-18 15:34:56,b'Design by ACC \n#ACC #AlMasriContractingCo #Engineering #Engineers #decoration #Residential #design #designer\xe2\x80\xa6 https://t.co/79mskaSgyR',,0.0,0.0
2020-04-18 15:32:19,"b'@MostafaMe4 Only this please, I want to focus on #Syria today.'",Canada üá®üá¶,0.0,1.0
2020-04-18 15:30:17,b'Coronavirus Pandemic and the Syrian Landscape: \nRisks and Possibilities\n#Syria\n#Brief #Emirates_Policy_Center\xe2\x80\xa6 https://t.co/B549666LXI',Abu Dhabi,0.0,0.3333333333333333
2020-04-18 15:29:42,b'Syrian villagers expel large US military convoy in northeast #Syria: video https://t.co/ahfO4DAopN #Hasakah',,0.057142857142857134,0.2642857142857143
2020-04-18 15:28:33,"b'@IAMCouncil #Muslims in India are much safer than Muslims in #Pakistan, #Syria, #Iran, #Iraq, #Yemen &amp; other Muslim\xe2\x80\xa6 https://t.co/aXj5DEXSUN'",New Delhi,0.037500000000000006,0.2875
2020-04-18 15:24:39,b'I welcome anyone elses stories strictly regarding #Syria &amp; not necessarily to do with the pandemic today. Please jo\xe2\x80\xa6 https://t.co/4w3zpl2JKW',Canada üá®üá¶,0.4,0.95
2020-04-18 15:20:12,"b'Syrian government decided to allow shops to partly open, each profession 2 days a week.\n\nThis comes after allowing\xe2\x80\xa6 https://t.co/TLiplFKnfC'",Syria ,0.0,0.5
2020-04-18 15:14:51,b'And we think we\xe2\x80\x99ve got problems #TaleOfTwoCities #Syria #Aleppo @BBCRadio4',Brighton,0.0,0.0
2020-04-18 15:10:26,b'@piersmorgan @georgegalloway People who were and are being butchered in #syria #libys #iraq #afghanistan #palestine\xe2\x80\xa6 https://t.co/9cz4DpSRft',,0.0,0.0
2020-04-18 15:08:53,b'During my visit to Homs this week I saw impressive work by local NGOs and humanitarians to support the fight agains\xe2\x80\xa6 https://t.co/qMnLM8C0ne',"Damascus, Syria",0.5,0.5
2020-04-18 15:03:07,"b""This week's @OCHA_Syria / @WHOSyria Update on #COVID19 in #Syria. \n\nIt's now more important than ever UN and humani\xe2\x80\xa6 https://t.co/BHL9rx3Fo1""","Damascus, Syria",0.45,0.75
2020-04-18 15:00:32,b'#Vatican congregation to send ventilators to #Syria and #HolyLand https://t.co/RtOkikYqDx #coronavirus #Covid19 #pandemic #cbcpnews',"Intramuros, Manila",0.0,0.0
2020-04-18 14:57:24,b'The Turkish regime and its mercenaries plunder not only in the occupied parts of #Rojava but also in #Idlib.\n\nNow t\xe2\x80\xa6 https://t.co/UPNiTueX7m',,0.0,1.0
2020-04-18 14:56:55,"b'#Covid19 &amp; #Politics: Situation in #Palestine looks bad, &amp; sanctioned, i.e. #Cuba, #Iran &amp; #Venezuela hammered &amp; th\xe2\x80\xa6 https://t.co/JjXh8IvbW8'",Global,-0.6999999999999998,0.6666666666666666
2020-04-18 14:55:06,"b""For all AL-ASSAD lovers out there in Twitter.\nI just want to remind you'all\nThat he already recgonized the need for\xe2\x80\xa6 https://t.co/gvXS3WUrgT""",,0.0,0.0
2020-04-18 14:54:34,b'#UNRWA is adjusting the supply of medications for patients with hypertension and diabetes during #COVID19 in #Syria\xe2\x80\xa6 https://t.co/XzrnDLbZFh',Middle East,0.0,0.0
2020-04-18 14:48:58,b'Russian Air Force Tupolev Tu154B-2 is flying from Moscow Chkalovsky likely to RuAFB Humaymim in #Syria. Entering Tu\xe2\x80\xa6 https://t.co/8ZWgFgDtBj',"Bosphorus, Istanbul",0.0,0.5
2020-04-18 14:45:20,b'@Syriatelco 9 years of service and we will continue #Syria #Syrian #Syriatel https://t.co/UELnUZ5VUz',Qamishli,0.0,0.0
2020-04-18 14:41:00,b'.@FAO continues to support vulnerable farmers in \xf0\x9f\x87\xb8\xf0\x9f\x87\xbe #Syria carry out agricultural activities safely during the\xe2\x80\xa6 https://t.co/NyUd94ePxs',,0.0,0.5
2020-04-18 14:40:05,b'Thanks! @LouisProyect1 for great review. One note: many brave &amp; capable journalists covered #Syria especially Syria\xe2\x80\xa6 https://t.co/oJ0e51Epng',Now: Detroit ,0.42500000000000004,0.6416666666666667
2020-04-18 14:39:11,b'Today at 1 pm ET! We have 3 great panelists discussing #Palestinian refugees in #Syria. Pre-register at:\xe2\x80\xa6 https://t.co/qLvGnD7y63',,0.8,0.75
2020-04-18 14:37:29,b'COVID-19 &amp; CHRONICALLY ILL SYRIAN REFUGEES IN JORDAN\nThe #Jordan team have been supplying medicines to ill #Syrian\xe2\x80\xa6 https://t.co/YW6pINDnrm',"Bradford (HQ), UK",-0.5,1.0
2020-04-18 14:36:22,b'Look what happened since after #IranDeal #JCPOA  unblocking billions of reserves and paying $1.8 billion in cash to\xe2\x80\xa6 https://t.co/dAGBa1T7oo',"Canada, Quebec",0.0,0.0
2020-04-18 14:30:21,b'Has the #coronavirus pandemic split Turkey\xe2\x80\x99s approach in #Syria and #Libya? @SonerCagaptay and @denizyuksel130 expl\xe2\x80\xa6 https://t.co/yX8UUHVLsW',"Washington, DC",0.0,0.0
2020-04-18 14:30:15,b'Coronavirus Pandemic and the Syrian Landscape: \nRisks and Possibilities\n#Syria\n#Brief #Emirates_Policy_Center\xe2\x80\xa6 https://t.co/EiwCeldGP7',Abu Dhabi,0.0,0.3333333333333333
2020-04-18 14:29:59,"b'Again.\nThey lied about #Libya.\nThey lied about #Syria.\nThey lied about #Cuba\nThey lied about #Venezuela \n\nBut yeah,\xe2\x80\xa6 https://t.co/N0A3MlCtJW'",Ottawa,0.0,0.0
2020-04-18 14:27:41,"b'Just to explain to everyone, Today I want to keep everything focused on #Syria with some exceptions for relief of tension now &amp; then.'",Canada üá®üá¶,0.0,0.0
2020-04-18 14:27:05,"b""@SecPompeo @StateDept Ummm.... And #Syria gassed it's people and all you did was fire some warning shots.""",,0.0,0.0
2020-04-18 14:24:24,b'S. #Syria: #ISIS claimed the operation which killed today the 52nd Brigade leadership in NE. #Daraa CS. General &amp; C\xe2\x80\xa6 https://t.co/ZgfgJxp09t',,-0.075,0.25
2020-04-18 14:23:50,"b'154/\n#ISIS claimed responsibility for killing Two Syrian army officers were killed in an ambush in Daraa, #Syria. https://t.co/NfYeQccCNv'",Like/RT ‚â† Endorsement,-0.2,0.0
2020-04-18 14:22:06,b'This week I left my comfort zone (Turkish politics &amp; the war in #Syria) and accepted the challenge of @Expresso: wr\xe2\x80\xa6 https://t.co/VJGIFJZtJ7',"Ankara, Turkey",0.0,0.0
2020-04-18 14:21:52,b'FLASHBACK 2013. #Syria. https://t.co/IhrYADn9Az',Kremlin's basement,0.0,0.0
2020-04-18 14:21:18,b'Check out the FULL video on Aleppo as part of our #CitiesOfSyria campaign and reconnect with a crisis that is being\xe2\x80\xa6 https://t.co/ZBnErZjwVy',,0.35,0.55
2020-04-18 14:18:49,b'Look what happened since after #IranDeal #JCPOA  unblocking billions of reserves and paying $1.8 billion in cash to\xe2\x80\xa6 https://t.co/sUtCUav7VT',"Brussels, Belgium",0.0,0.0
2020-04-18 14:17:00,b'#Turkey is constructing a border crossing linking the opposition-held city of Ras al-Ain in northeastern #Syria wit\xe2\x80\xa6 https://t.co/1gWkThTBbI',"Washington, DC",0.0,0.0
2020-04-18 14:15:04,"b""Two colonels from the #Assad regime have been killed in an attack in #Syria's Daraa province, where violent inciden\xe2\x80\xa6 https://t.co/TQPy8dVBUF""",London,-0.5,0.5
2020-04-18 14:15:01,"b""#Turkey is keen to be seen as a reliable ally after abandoning #Sudan's al-Bashir to the mercy of Abu Dhabi who req\xe2\x80\xa6 https://t.co/AeeelqSaGZ""",Around somewhere...,0.0,0.0
2020-04-18 14:13:56,b'Last night: Moscow based PK SMU-44 LLC\xe2\x80\x99s Russian flag cargo ship Sparta IV transited Bosphorus towards Mediterranea\xe2\x80\xa6 https://t.co/M8BzthN5M8',"Bosphorus, Istanbul",0.0,0.03333333333333333
2020-04-18 14:11:53,b'Six years between the two pictures.\nThat what will happen if the regime arrested you in his prisons...\n#Idlib\xe2\x80\xa6 https://t.co/3iMda1nE6G',Syria,0.0,0.0
2020-04-18 14:11:00,b'Beautiful #Syria! #Aleppo before &amp; after war. \xf0\x9f\x87\xb8\xf0\x9f\x87\xbe\xe2\x9c\x8c\xef\xb8\x8f https://t.co/vG9rhcIcXB',Syria,1.0,1.0
2020-04-18 14:10:59,b'\xe2\x80\x98Nobody cares about us\xe2\x80\x99: Syrians stuck at Rukban camp decry lack of testing\nhttps://t.co/xPv0NWUIBO\n#COVID19 #Syria\n#AssadWarCrimes',Syria,0.0,0.0
2020-04-18 14:09:08,b'Deaths toll of civilian #Victims in #Syria in one year.\n#SyrianRegime #Russia\nhttps://t.co/npbqKVdgfK https://t.co/HZGjLWYdBv',"London, England",0.0,0.0
2020-04-18 14:04:39,"b'@GideonLustig #Israel is the one who #violated this decision by #sending drones on Lebanese soil, and it always\xe2\x80\xa6 https://t.co/pYblIGALhC'",,0.0,0.0
2020-04-18 14:01:29,b'Reconnaissance before future #jointpatrol not far from #DerounaArha. #Syria #Joint #Patrol #Al-Hasakah #Russia Russ\xe2\x80\xa6 https://t.co/vDHBJ8yLfr',Alqamishli,-0.025,0.5625
2020-04-18 13:55:09,"b'@Javidfaisal Mr.Javid, why do not your government work to bring back home the #afghani fighters in #syria who are f\xe2\x80\xa6 https://t.co/ota0Mfu7sR'",United States,0.0,0.0
2020-04-18 13:50:39,b'This is one of the cell located in Al-#Asad detention centers. They put 3 people in it for months and possible for\xe2\x80\xa6 https://t.co/LdoCW21mjK',United States,0.0,1.0
2020-04-18 13:45:41,"b'My dear friend #CarlaOrtiz wrote on her Instagram account:\n\n""Happy Independence To my 2nd country! #SYRIA \xf0\x9f\x87\xb8\xf0\x9f\x87\xbe From t\xe2\x80\xa6 https://t.co/wB97EHF3oE'",Syria,0.4,0.5
2020-04-18 13:43:37,"b'After 9 years of conflict in #Syria, @WFP data shows that food prices are now at a record high.\nAs stores remain cl\xe2\x80\xa6 https://t.co/aq5Rj4yJO5'",,0.16,0.5399999999999999
2020-04-18 13:43:01,"b'In Abu Kesaib village, locals have been blocked an american column heading from Tel Hamees to Dabano for three cons\xe2\x80\xa6 https://t.co/RZ0uMcAqqk'",Alqamishli,0.0,0.0
2020-04-18 13:40:03,"b'just a question, which war killed most of #NATO troops?  #Afghanistan? #Iraq? #Libya? #Syria etc OR #coronavirus? M\xe2\x80\xa6 https://t.co/8Z4Rd6PFi3'",London/Peterborough,0.15,0.25
2020-04-18 13:38:49,b'Wtf Syria !! 9 kilobit not byte!! Bit !! \n#internetspeed #syria #covid19 #quarntine #lockdown #Covid_19\xe2\x80\xa6 https://t.co/CGa22IiLL4',Syria,-1.0,1.0
2020-04-18 13:38:19,"b'Refuge and Fear in Trump\xe2\x80\x99s America ,Riyad Alkasem left #Syria for America 26 years ago, fleeing tyranny and despair\xe2\x80\xa6 https://t.co/KOsiMw71Lu'",,0.0,0.0
2020-04-18 13:38:03,b'Terrorism Attack by Bomb Oil Vehicle in #Afrin #Syria #Security https://t.co/0dQ7Wz93Hp https://t.co/1nFdxr26mG',"Cardiff, Wales",0.0,0.0
2020-04-18 13:36:56,"b'The Road from #Raqqa #Syria \nA STORY OF BROTHERHOOD, BORDERS, AND BELONGING\n,the road to reunion for two Syrian, Th\xe2\x80\xa6 https://t.co/fku1s9vTQZ'",,0.0,0.0
2020-04-18 13:34:29,b'#Syria\nI will never forget a 2018 video in Idlib asking Syrians what they thought of the Russian-Turkish Safe Areas\xe2\x80\xa6 https://t.co/lMFqVbWB53',,0.5,0.5
2020-04-18 13:33:26,"b""The #US' &amp; #Iran's undeclared battle over who builds &amp; controls highways to where to &amp; from the #Syria-#Iraq border. https://t.co/5xT04Z9iNc""",Australia,0.0,0.0
2020-04-18 13:30:41,b'Video of a recent #Israel drone strike near the #Syria/#Lebanon border to send a warning to #Iran proxy #Hezbollah.\xe2\x80\xa6 https://t.co/3d89NWGc1m',,0.05,0.325
2020-04-18 13:30:24,b'Report from @REACH_info IN #Syria: 52% of KIs reported that\npeople in their communities were unable to access healt\xe2\x80\xa6 https://t.co/da7OKZJcO0',"Washington, DC",-0.5,0.5
2020-04-18 13:30:15,b'Coronavirus Pandemic and the Syrian Landscape: \nRisks and Possibilities\n#Syria\n#Brief #Emirates_Policy_Center\xe2\x80\xa6 https://t.co/XQ3caCETcY',Abu Dhabi,0.0,0.3333333333333333
2020-04-18 13:28:47,b'We spent hours together on Facebook everyday as he told me what bashar &amp; regime was commiting in #Syria.\nI started\xe2\x80\xa6 https://t.co/smZGBzKa9J',Canada üá®üá¶,-0.15000000000000002,0.35
2020-04-18 13:25:46,"b'The children come from #Afghanistan, #Syria and #Eritrea. Four are girls and there are several siblings in the grou\xe2\x80\xa6 https://t.co/IGydAx8XtM'",,0.0,0.0
2020-04-18 13:25:45,b'Our gorgeous Jaabar Castle! This picture was taken in #Raqqa in 2009 \xf0\x9f\x92\x9b\xe2\x9c\xa8\n#Syria #jaabarcastle https://t.co/wKxbSz2IyU',Raqqa,0.875,0.9
2020-04-18 13:19:00,b'Spring in Hama \xf0\x9f\x8c\xbb\n\n#Syria https://t.co/8hHdrO6YbH',,0.0,0.0
2020-04-18 13:16:06,"b""Charles can't help him self. He's a professional propagandist! When you get the amount of money money that #Turkey\xe2\x80\xa6 https://t.co/Cik5k9kP9R""",Sverige,0.125,0.1
2020-04-18 13:15:07,b'#Syria: UN Reaffirms --- #Assad Regime Carried Out Sarin and Chlorine Attacks in Northwest\xe2\x80\xa6 https://t.co/1DNnSdzg3M',"Birmingham, UK",0.0,0.0
2020-04-18 13:14:40,"b'#Breaking: Two #officers of the #Syrian_Army, including the Chief of Staff of the 52nd Brigade, were martyred by a\xe2\x80\xa6 https://t.co/DhT0hmgpR5'",Syria,0.0,0.0
2020-04-18 13:12:00,"b'Sadeq Nabolsi, a professor of political science at the Lebanese University, stressed that the continuation of unila\xe2\x80\xa6 https://t.co/l9dF5NXg1d'",,0.0,0.1
2020-04-18 13:10:56,b'423 days ago I asked @VanessaBeeley\n for evidence to back up her smear of #WhiteHelmets abducting children and stea\xe2\x80\xa6 https://t.co/ewNeh3fMy8',"Birmingham, UK",0.0,0.0
2020-04-18 13:08:21,"b'This is not refugee camps in #Syria or #Turkey, this is America..\n15 million ppl without running water due to shut-\xe2\x80\xa6 https://t.co/YXXlNZLPuZ'",,-0.125,0.375
2020-04-18 13:08:11,"b""@UN @UN_News_Centre How about solidarity 'gestures' extended to making #UN member states adhere to #Charter?\xe2\x80\xa6 https://t.co/ERxfe5geMr""",,0.0,0.0
2020-04-18 13:06:17,b'My brother Khaled &amp; his wife had a farm where they grew olive trees in #Syria before they fled to the border with\xe2\x80\xa6 https://t.co/omSR8p6eGw',Canada üá®üá¶,0.0,0.0
2020-04-18 13:05:52,b'Saturday #Syria Daily: 1st #Coronavirus Death in Kurdish-Controlled Northeast \n\nhttps://t.co/5dOuUvTDkx https://t.co/spH2WhgQMh',"Birmingham, UK",0.0,0.0
2020-04-18 13:02:03,b'US-Trained Terrorist Group Surrenders to Syrian Army (VIDEO) https://t.co/h8QFPZXY3w #Military #Syria #Terrorism #USImperialism #War',Los Angeles - Belgrade - CDMX ,-0.1,0.1
2020-04-18 13:02:00,b'#Damascus on a rainy day \xe2\x98\x94\xef\xb8\x8f\n\n#Syria https://t.co/UfVvJD056n',Syria,0.0,0.0
2020-04-18 13:00:48,"b""#Turkey's reinforcement to #Syria. new #Turkish military column enters to #Idlib CS!\n#SAA #Syrian_army #Aleppo https://t.co/LgpoQ5PBvK""",Syria,0.005681818181818177,0.2772727272727273
2020-04-18 12:54:12,"b""#Syria\nRussia's Federal News Agency, close to Putin, launched an attack on Bashar Al-Assad describing it as weak an\xe2\x80\xa6 https://t.co/GPNTtcyeCx""",,-0.375,0.625
2020-04-18 12:50:09,"b'The #Death of Ibrahim Mane\xe2\x80\x99a Eid al Hussein in a shooting by unknown gunmen in Theyban town in #DeirEzZour suburb,\xe2\x80\xa6 https://t.co/mSwdAK2e3y'","London, England",-0.1,0.6
2020-04-18 12:49:20,b'\xf0\x9f\x93\xa2Stop the press: No need to lift sanctions on Syria-al-Assad: Butcher #Assad has just bought his wife David Hockney\xe2\x80\xa6 https://t.co/juCZle3Ye2',,0.0,0.0
2020-04-18 12:47:28,b'#News about a visit from a #Russian military delegation headed by General Anatori this morning to #Amouda #Amude\xe2\x80\xa6 https://t.co/JHqXq2aBUl',NESyria,-0.016666666666666663,0.19999999999999998
2020-04-18 12:46:45,b'#Syria\nworkers under the Assad regime under brutal exploitation and unemployment.\nThe Russian company Stroy Trans G\xe2\x80\xa6 https://t.co/Zvz64QAfyr',,-0.4375,0.5
2020-04-18 12:45:09,b'@eugenegu @realDonaldTrump China never manipulated any figures.. discrepancy happen during catastrophic situation.\xe2\x80\xa6 https://t.co/wS5vHomWT4',Eternity ,0.0,0.0
2020-04-18 12:44:34,"b'Iranian army acquires combat-capable drones with 1,500km range \n#BreakingNews\n#Iran\n#Tehran\n#Iraq\n#Baghdad\n#Marines\xe2\x80\xa6 https://t.co/KsVzeoRgRJ'",North America,0.0,0.0
2020-04-18 12:42:38,b'Recent Developments in Northwest #Syria \n\nSituation Report \n\nhttps://t.co/jCRWXudKfg',nowhere !,0.0,0.25
2020-04-18 12:40:53,"b""Two colonels from the #Assad regime have been killed in an ambush in #Syria's Daraa province, where violent inciden\xe2\x80\xa6 https://t.co/sYiQPdQCCA""",London,-0.5,0.5
2020-04-18 12:36:40,b'#Syria- Suspected #YPG/PKK terror group bomb attack in #Afrin leaves 3 civilian wounded.\n\xf0\x9f\x93\xb8 https://t.co/3B5SC3XMAt',Istanbul - Turkiye,0.0,0.0
2020-04-18 12:33:00,b'Coronavirus Pandemic and the Syrian Landscape: \nRisks and Possibilities\n#Syria\n#Brief #Emirates_Policy_Center\xe2\x80\xa6 https://t.co/nhCiYUwWDg',Abu Dhabi,0.0,0.3333333333333333
2020-04-18 12:31:38,b'Video circulating in #Lebanon about the alleged #Israeli drone attacks on SUV carrying #Hezbollah members in #Syria\xe2\x80\xa6 https://t.co/cgRctRNp8t',Lebanon,-0.1,0.1
2020-04-18 12:28:22,"b""#Covid19 #Syria 'Abu Omar, a shop owner in the city market,told Enab Baladi about his lack of commitment to the cal\xe2\x80\xa6 https://t.co/K6PvNs9Rwx""","Dublin City, Ireland",0.0,0.0
2020-04-18 12:21:41,b'#News: Todays attack near to the town of #Harak in #Daraa province was claimed by the #IS. Two high profile command\xe2\x80\xa6 https://t.co/3zK15jdUEe',,0.13,0.47
2020-04-18 12:13:22,"b'Kindness, mutual understanding and mutual assistance! This is enough to make the world a better place. #Syria\xe2\x80\xa6 https://t.co/21zSMaGbHo'",Alqamishli,0.25,0.5
2020-04-18 12:06:49,b'\xe2\x97\x8f NEWS \xe2\x97\x8f #counterpunch #middleeast \xe2\x98\x9e #Syria and the Lust for Power https://t.co/8HzBKQD1Q9',North Pole,0.0,0.0
2020-04-18 12:03:33,"b'... even more ""moderate rebels"" in #Syria \xf0\x9f\xa4\xa6\xe2\x80\x8d\xe2\x99\x82\xef\xb8\x8f https://t.co/rLnFfu0lrW'",,0.25,0.6
2020-04-18 12:03:13,"b""#Syria a country that's occupied by a lot of enemies is celebrating the independence day (April 17th)... \nWhat a fa\xe2\x80\xa6 https://t.co/hCkqoZtmT8""",,0.0,0.0
2020-04-18 12:01:02,b'#Syria-linked APT group SEA targets #Android users with #COVID19 lures\nhttps://t.co/Xct6dm9TPh\n#securityaffairs\xe2\x80\xa6 https://t.co/8GPkAeJiqw',"Napoli, Italy",0.6,1.0
2020-04-18 12:00:52,"b'@Dannymakkisyria Even #Canada\'s military is there (uninvited of course), but ""helping out"". #cdnpoli #Syria'",Spaceship Earth,-0.1,0.1
2020-04-18 11:51:37,"b'#SOHR #Turkey\'s reinforcement to NW #Syria: new #Turkish military column enters the ""de-escalation zone""\nhttps://t.co/XjQ3LTQq69'",syria,0.018181818181818174,0.2772727272727273
2020-04-18 11:50:39,b'Syrian National Defence Forces medical personal take to the streets of #Lattakia city to provide anti #Coronavirus\xe2\x80\xa6 https://t.co/k1xRMG9c1R',home,0.0,0.15
2020-04-18 11:50:27,b'Turkey Presses on With Military Campaigns in Iraq and Syria Despite #Coronavirus Woes.\nDespite I and UN\xe2\x80\xa6 https://t.co/LtAp3hvIYH',"UK, EU & GLOBAL CITIZEN",-0.1,0.1
2020-04-18 11:50:00,"b""Great efforts are being made by the workers of the #Homs mills to secure the bakeries' needs of flour  around the c\xe2\x80\xa6 https://t.co/SyBvdB83T9""",Syria,0.6000000000000001,0.675
2020-04-18 11:46:14,b'Visit Syria! Arwad island the only inhabited island in #Syria. They depend a 100% on tourists visiting the island\xe2\x80\xa6 https://t.co/w809KyDxYC',home,0.0,1.0
2020-04-18 11:46:04,"b""Yesterday the 17th of April was the #Syria's national #independence_day!!\nEach year #Syria celebrates the end of th\xe2\x80\xa6 https://t.co/jrBoanr41R""","Amsterdam, North Holland",0.0,0.0
2020-04-18 11:44:16,b'04/18/20 #Syria @DOD @Centcom: A new drone found in Syria air zone. @CIA @thejointstaff https://t.co/3WVHAKXQ8g',,0.13636363636363635,0.45454545454545453
2020-04-18 11:42:46,b'Lunch with some Syrian Arab Army soldiers deployed in Syrian held #Idlib province #Syria #Syrianarmy\xf0\x9f\x87\xb8\xf0\x9f\x87\xbeplease feel f\xe2\x80\xa6 https://t.co/bNFFTcyEPc',home,0.0,0.0
2020-04-18 11:39:54,"b'The director of the political department of the Palestine Liberation Organization in #Syria, Anwar Abdel Hadi, call\xe2\x80\xa6 https://t.co/ezoYAvXyDs'",,0.0,0.1
2020-04-18 11:39:46,"b'Hundreds of #Iraqi academics, #journalists demand lifting measures imposed on #Syria\n#vannewsagency\xe2\x80\xa6 https://t.co/KOk7xGtGxO'",,0.0,0.0
2020-04-18 11:37:45,"b'Article of mine in Hindi Newspaper #Hindustan on #Syria,  Situation no different after 2 years of prediction.\xe2\x80\xa6 https://t.co/nW3XOlhNJL'",India,0.0,0.6
2020-04-18 11:33:12,b'Beautiful #Syria. Old #Damascus \xf0\x9f\x87\xb8\xf0\x9f\x87\xbe https://t.co/1vZvzQXRIT',Syria,0.475,0.6
2020-04-18 11:30:00,"b""A workshop producing face masks was opened in #Syria's Afrin to aid in the anti-#coronavirus effort.\xe2\xac\x87 https://t.co/7KY5mBcirb""",London,0.0,0.0
2020-04-18 11:25:18,"b'The US even confirmed those who beheaded that poor child were US funded ""rebels"" in #Syria https://t.co/9PfIn4luNQ'",,0.0,0.8
2020-04-18 11:23:27,b'This image from #Syria will haunt me until the day I die. https://t.co/Zk1fT7kNlr',,0.0,0.0
2020-04-18 11:22:48,"b'Daraa, #Syria: Sleeper cell attacks on  the #SAA are on the rise. With troops amassed in the North the Southern and\xe2\x80\xa6 https://t.co/4vt5rZv1qv'",,0.0,0.0
2020-04-18 11:21:24,"b'I\xe2\x80\x99m interested in people\xe2\x80\x99s thoughts as relates to the #Covid_19 outbreak in the MENA region (minus #Iran). So far,\xe2\x80\xa6 https://t.co/XxJsdFDAZa'","London, England",0.075,0.3
2020-04-18 11:12:17,"b""#HTS has responded to popular demands refusing the opening of merchandise passage with regime's side.\n#Idleb\n#Syria""",inside Damascus,0.6,0.9
2020-04-18 11:07:07,"b""#Bombers #Algeria #Iraq 1 book grasp of 150 subj site:Bigben's message- No #attack on #Syria https://t.co/1Qwr4ukMX7 https://t.co/VfW8SdY6nZ""",UK,0.0,0.0
2020-04-18 11:05:04,b'Curated Cyber Security News for 17Apr2020\n\n#security #cybersecurity #itsecurity #privacy #docker #azerbaijan\xe2\x80\xa6 https://t.co/V5WDiF45w2',"Toronto, Ontario",0.0,0.0
2020-04-18 11:03:55,"b'With the civil war in #Syria almost entirely over, the issue of reconstruction is becoming increasingly relevant, w\xe2\x80\xa6 https://t.co/RP9FIoosGl'",California,0.2833333333333334,0.7916666666666666
2020-04-18 10:58:59,b'Good People &amp; Nice Pai IEMs\nhttps://t.co/TLabemxqxD \nRetailers  Wanted \ninfo@paiaudio.com \n#sounds #fashion\xe2\x80\xa6 https://t.co/Z3kAyhXhGJ',‰∏≠Âçé‰∫∫Ê∞ëÂÖ±ÂíåÂõΩ,0.6499999999999999,0.8
2020-04-18 10:56:33,b'Tracking over Homs now #Syria #IRGC #Iran https://t.co/KBLTDpCwox',KolMakom ,0.0,0.0
2020-04-18 10:55:49,b'Syrian Health Ministry has received yesterday a shipment of medical aid from #Russia that contains equipment for de\xe2\x80\xa6 https://t.co/ubZwp9jKx3',,0.0,0.0
2020-04-18 10:52:20,b'There are no words! None whatsoever! It\xe2\x80\x99s actually safer for #NHS doctors and nurses to be away fighting a phoney w\xe2\x80\xa6 https://t.co/lx2I7bVevb',"√úber cool Home County, England",0.0,0.1
2020-04-18 10:47:50,b'#niet_in_journaal #Syria Unknown drones wreak havoc on jihadists in northwest Syria https://t.co/HyrXWYDxIS via @thearabsource',"The Hague, The Netherlands",-0.1,0.6
2020-04-18 10:47:07,"b'On the Independence Day, citizens of the occupied Syrian Golan condemn the Israeli occupation and stand up for thei\xe2\x80\xa6 https://t.co/VLgdJMlMYf'",,0.0,0.0
2020-04-18 10:45:33,b'#niet_in_journaal #Syria US-backed rebels hand over weapons to Syrian Army: photos https://t.co/VuJFmvYyqX via @thearabsource',"The Hague, The Netherlands",0.0,0.0
2020-04-18 10:41:38,b'#Israeli drone destroys #Hezbollah SUV on Syrian-Lebanese border.  #Syria #Lebanon #Israel #IDF\n\nFull story:\xe2\x80\xa6 https://t.co/9WPog83DDp',"Stockholm, SWEDEN",0.35,0.55
2020-04-18 10:35:37,b'#Syria ones upon a time and will be back again. https://t.co/Rk8MmJcwWN',"Syria, Dimashq",0.0,0.0
2020-04-18 10:31:51,b'and don\xe2\x80\x99t worry when you are in Line Nobody will bomb you like our govts does in #Iraq #Syria https://t.co/OHEQ2zLP6x',,0.0,0.0
2020-04-18 10:31:00,b'The pharmaceutical factories and cosmetic industry facilities of #Aleppo have recently focused on sterilizing and c\xe2\x80\xa6 https://t.co/hL9n3lto8b',Syria,0.0,0.25
2020-04-18 10:30:02,"b""In the news today: Syria\nCountry in the Middle East\n\nCoronavirus World Live Tracker: Trump, Mexico, Canada\n\nSyria's\xe2\x80\xa6 https://t.co/pSA0pV3QK8""","New York City, New York",0.06818181818181818,0.25
2020-04-18 10:26:46,b'New #Iranian militias enter #Syria and stationed in #Albukamal https://t.co/KNhVrMZmD5',Albania,0.13636363636363635,0.45454545454545453
2020-04-18 10:26:22,b'S. #Syria: gunmen carried out today their highest profile operation in #Daraa province decapitating the 52nd Brigad\xe2\x80\xa6 https://t.co/747CXo2jBr',,0.0,0.0
2020-04-18 10:19:26,b'#SyrianRegime forces #Arrested two civilians while they were passing a checkpoint in Jilleen village in #Daraa subu\xe2\x80\xa6 https://t.co/41bWN4ieis',"London, England",0.0,0.0
2020-04-18 10:14:11,"b'Prophet (\xef\xb7\xba) said,\n\n \xe2\x80\x9cThe Muslims are like a single man. If the eye is afflicted, then the whole body is afflicted.\xe2\x80\xa6 https://t.co/77DfYAIgUl'",Pakistan,0.0642857142857143,0.30714285714285716
2020-04-18 10:12:19,b'Yet another attack on #WHO and this time including a distortion of a statement and provision of half truths!\n\nRemem\xe2\x80\xa6 https://t.co/iDD5elHTpl',,-0.20833333333333331,0.16666666666666666
2020-04-18 10:09:31,b'@rhipkin Yup the USA help is not needed in #Syria #Syrianarmy\xf0\x9f\x87\xb8\xf0\x9f\x87\xbe',home,0.0,0.0
2020-04-18 10:08:56,b'Syrian National Defence Forces artillery teams deployed near al #Sukhnah on anti ISIS operations with Iraq forces a\xe2\x80\xa6 https://t.co/0Z9Sr5AE3b',home,0.1,0.4
2020-04-18 10:08:27,b'@XI_interbrigade They have downed only few drones.\nPerhaps they have not flayed in the same altitude as in #Syria.\xe2\x80\xa6 https://t.co/a7xtvYqbVl',,-0.06666666666666667,0.4083333333333334
2020-04-18 10:05:40,b'@OffGuardian0 true to form: she is always late to the party. think #Syria and how she and her friends (Blumenthal e\xe2\x80\xa6 https://t.co/EHURIHmt3q',,0.024999999999999994,0.625
2020-04-18 10:05:21,b'#Syria\nVideo: Unsuccessful assassination of Resistance Forces by #Israel\n\nThe video shows the targeting and destruc\xe2\x80\xa6 https://t.co/VacjdbjQnq',,0.0,0.0
2020-04-18 09:58:52,b'Have a little heart for #Syria https://t.co/u9g6sO7qqs',Visit our dedicated website @,-0.1875,0.5
2020-04-18 09:58:24,b'#US military blocks #Russian military patrol near #Hasakah city northeastern #Syria #SAA #Russia #USA #Syrian_army https://t.co/omfY89j6vb',Syria,-0.025,0.15000000000000002
2020-04-18 09:57:40,"b'14,000 Syrian refugee doctors are waiting for their qualifications to be approved to provide medical care and suppo\xe2\x80\xa6 https://t.co/h4dGnd8mmb'","UK, EU & GLOBAL CITIZEN",0.0,0.0
2020-04-18 09:56:10,b'Top story: #Syria. News from the Center for... - Ministry of Defence of the Russian Federation | Facebook\xe2\x80\xa6 https://t.co/n9HjslX2Zd',Russia,0.13333333333333333,0.19999999999999998
2020-04-18 09:55:39,b'@patricksavalle @etominusipi Anyone from The #Netherlands especially politicians who can comment on this? Anyone wh\xe2\x80\xa6 https://t.co/shT42m9v7G',"Yes,All roads lead to Eritrea",0.0,1.0
2020-04-18 09:52:41,b'#Palestinian(#Syria given #Constitution1970Syria mandates state/president religion of #Islam)\xe2\x80\xa6 https://t.co/q6SPkGeHpW',112 Surah Al Ikhlas,0.0,0.0
2020-04-18 09:52:37,b'#Palestinian(#Syria given #Constitution1970Syria mandates state/president religion of #Islam)\xe2\x80\xa6 https://t.co/TSvGRVg8oC',112 Surah Al Ikhlas,0.0,0.0
2020-04-18 09:52:33,b'#Palestinian(#Syria given #Constitution1970Syria mandates state/president religion of #Islam)\xe2\x80\xa6 https://t.co/82CXGzZPdP',112 Surah Al Ikhlas,0.0,0.0
2020-04-18 09:52:29,b'#Palestinian(#Syria given #Constitution1970Syria mandates state/president #religion of #Islam)\xe2\x80\xa6 https://t.co/Heg4ylBmkN',112 Surah Al Ikhlas,0.0,0.0
2020-04-18 09:45:09,b'Syrian police on anti #Coronavirus lockdown patrol in the city of #Lattakia #Syria #Syrianpolice #Syrianarmy\xf0\x9f\x87\xb8\xf0\x9f\x87\xbepleas\xe2\x80\xa6 https://t.co/rK1CvwWKsk',home,0.0,0.0
2020-04-18 09:40:20,"b'April 17, 1946 #Syria gained its independence from French colonization. Now in 2020, we not only need to liberate o\xe2\x80\xa6 https://t.co/Y4mQdJddE3'",Beirut - Istanbul,0.0,0.5
2020-04-18 09:39:01,"b""#Syria praises #Cuba's contribution to the world fight against #Covid-19 https://t.co/ftOZLHGnJ2 \xf0\x9f\x98\xb7\xe2\x9c\x8a\xf0\x9f\x91\x8f\xf0\x9f\x91\x8f\xf0\x9f\x91\x8f\xf0\x9f\x91\x8f\xf0\x9f\x91\x8f\xf0\x9f\x91\x8f""", Proud Irish! üáÆüá™ ‚ù§Ô∏è üáµüá∏ ‚úä‚úåÔ∏è,0.0,0.0
2020-04-18 09:36:21,"b'On two occasions, #Syrian fighter jets dropped #sarin gas, a nerve agent, making dozens ill. #coronavirus #Syria\xe2\x80\xa6 https://t.co/InncHg8yXK'","New Delhi, Delhi",-0.5,1.0
2020-04-18 09:35:54,b'@HarrVaughn @pamaddo1 @Malinka1102 @beek38 Here another one @HarrVaughn There is no better way for you to learn the\xe2\x80\xa6 https://t.co/SpLIvVDkHJ',the netherlands,-0.25,0.5
2020-04-18 09:33:29,"b'#Syria: Two unfelt minor earthquakes , 2.6 and 2.7,  recorded 51 km north of #Lattakia at midnight and dawn.'",Syria,-0.05,0.2
2020-04-18 09:32:18,b'#Turkey recruiting new #terrorist group in Northern #Syria! https://t.co/6x23X90Zyt',Syria,0.17045454545454544,0.45454545454545453
2020-04-18 09:31:51,b'@DrHarjitBhatti #syria reborn\xf0\x9f\x9b\x91',Near By,0.0,0.0
2020-04-18 09:29:53,"b'#IRGC-affiliated Pouya Air \nEP-PUS\nIl-76TD\nTracking near Kermanshah #Iran\nHeading W (#Iraq, #Syria) https://t.co/SMyjQLuen3'",KolMakom ,0.1,0.4
2020-04-18 09:29:35,"b""As authorities in Northeast #Syria confirm their 1st case of COVID-19, @CARE's Syria Country Director, Aleksandar M\xe2\x80\xa6 https://t.co/S6y5Uol6Zt""",Middle East,0.0,0.0
2020-04-18 09:28:51,"b'The film\xc2\xa0@ComandanteArian\xc2\xa0is available for free because of the\xc2\xa0#Coronacrisis.\n\nA story of women, war and freedom, i\xe2\x80\xa6 https://t.co/QWm8Ee53Rt'",,0.4,0.6000000000000001
2020-04-18 09:28:27,b'#Syria | Reports of civilians wounded by an explosion of explosive device in the city of #Afrin in the northern cou\xe2\x80\xa6 https://t.co/wJ3HNtuM7Z',,0.0,0.0
2020-04-18 09:27:52,"b""#Syria's northeast confirms first #death from #coronavirus - statement\n| https://t.co/3BfTsvCjLD |""","Adma, Lebanon",0.25,0.3333333333333333
2020-04-18 09:27:49,"b'Beautiful #Spring in Syria, #Aleppo CS!\xf0\x9f\x87\xb8\xf0\x9f\x87\xbe\xe2\x9c\x8c\xef\xb8\x8f\n#Syria #SAA https://t.co/xEVYKj3Eso'",Syria,0.85,1.0
2020-04-18 09:27:24,"b'This video shows the moment an Israeli drone stroke near ""Jdeidet Yabous"" #Syria targeting a car allegedly carrying\xe2\x80\xa6 https://t.co/ZD1p2OGm27'",üìçOften on a plane ,0.0,0.25
2020-04-18 09:19:56,b'Cambridge Study Shows Covid-19 Outbreak Didnt Start In Lab Or Wet Market In Wuhan But Started Months Earlier In Sou\xe2\x80\xa6 https://t.co/rQ6wt4rwZk',,-0.05,0.45
2020-04-18 09:19:42,"b'@112ferdi @michaeltanchum On the right track? Always exporting crimes, slaughters, murders. \n\nTurkey is by far the\xe2\x80\xa6 https://t.co/M8v1xjQ4oE'",,0.19285714285714284,0.7678571428571428
2020-04-18 09:13:44,"b'In 2018 #US, #UK and #France used chemical weapons in #Syria, in Douma, a suburb of Damascus. This is a war crime!\xe2\x80\xa6 https://t.co/uAgOdpS9vM'",,0.0,0.0
2020-04-18 09:10:52,b'More Iran Military Reinforcements to #Syria\nTo #DeirEzzor Via Iraq https://t.co/sJODnI4dD2',,0.2,0.3
2020-04-18 09:10:31,b'Syrian National Defence Forces patrol working in the eastern #Deirezzor desert anti ISIS mission #Syria #NDF\xe2\x80\xa6 https://t.co/qIRP4rnqMj',home,0.0,0.0
2020-04-18 09:08:54,b'#Russia sends medical aid to support #Syrian health sector in the fight against #Coronavirus!\xf0\x9f\x87\xb8\xf0\x9f\x87\xbe\xf0\x9f\x87\xb7\xf0\x9f\x87\xba\xe2\x9c\x8c\xef\xb8\x8f\n#Syria #SAA\xe2\x80\xa6 https://t.co/ytSqgwiKdd',Syria,0.0,0.0
2020-04-18 09:07:46,b'Tea anyone! Just another #Idlib morning #Syria #Syrianarmy\xf0\x9f\x87\xb8\xf0\x9f\x87\xbeplease feel free to follow for daily Syrian Arab Army u\xe2\x80\xa6 https://t.co/mgy9KDy8J7',home,0.2,0.4
2020-04-18 09:06:40,b'Citizens of the occupied #Syrian Arab #Golan affirmed their commitment to the national principles against the\xe2\x80\xa6 https://t.co/gYyGo3wk1J',Syria,0.0,0.0
2020-04-18 09:04:00,b'Deserted Daraa during the curfew.\n\n#Syria #COVID19 https://t.co/Du7JDx49EC',,0.0,0.0
2020-04-18 09:01:36,b'The #Russian MoD: the #US reconnaissance plane was attempting to remotely hack the Russian #S-400 air defense syste\xe2\x80\xa6 https://t.co/LkkA4Lso8q',Syria,0.025,0.15000000000000002
2020-04-18 09:01:22,"b'to the four coastal countries, their armed forces, &amp; would become a major focus of attraction for mujahideen, from\xe2\x80\xa6 https://t.co/ik2tB6W1eJ'",¬ª‚ùÇ‚ú´‚Ä¢‚ô´*‚ùÅ‚òÖ‚Ñï‚à™‚Ñú·èï“º‚òÖ‚ùÅ*‚ô´‚Ä¢‚ú´‚ùÇ¬´,0.0625,0.5
2020-04-18 08:58:41,"b'#UAV attacked the terrorists rebels in the #Al_Ghaab Plain &amp; #Jabal Al-Zawiya region, causing some casualties withi\xe2\x80\xa6 https://t.co/EnrLFmIt5m'",Syria,-0.21428571428571427,0.35714285714285715
2020-04-18 08:56:02,"b""The majority of NW Syria's healthcare leaders live and work in Turkey!\nIt is not surprising that they are separate\xe2\x80\xa6 https://t.co/eulTu56WLw""",Syrian-Turkish Border,-0.08977272727272727,0.5
2020-04-18 08:49:20,"b""Turkey\xe2\x80\x99s Drone Blitz Over #Idlib\n\n@EdamOrg's Security and Defense Studies Program Director Dr Can Kasapoglu assesse\xe2\x80\xa6 https://t.co/KZhRGawXxf""","Istanbul, Turquie",0.0,0.0
2020-04-18 08:48:14,b'It will be repeated until you leave the land of #Syria.#USA #Convoy #HassakeLive https://t.co/ZGODpDI08g',Alqamishli,0.0,0.0
2020-04-18 08:48:00,"b'In implementation of its service plan aimed at improving the reality of the roads, the #Damascus Governorate is wor\xe2\x80\xa6 https://t.co/brBGOxm5Cb'",Syria,0.0,0.0
2020-04-18 08:47:01,"b""@amnesty @vanessatsehaye I don't think this video is real because it looks like exaggerated and fake. #China is hel\xe2\x80\xa6 https://t.co/KOlEHsmy4R""",,-0.26666666666666666,0.7666666666666666
2020-04-18 08:41:39,b'#Prices for key #food_items have #increased by 84% since March 2019. Rising prices are putting a (healthy) #meal be\xe2\x80\xa6 https://t.co/29B6h5KXJ1',,0.25,0.75
2020-04-18 08:36:49,b'#Turkey-backed rebels kidnap 25 civilians in NE #Syria https://t.co/X7Jwsd9i8R',,0.0,0.0
2020-04-18 08:33:41,b'JaN/HTS/AQ/Traitors Power/Profit Play in #Idlib #Syria Update\nCollaboration/Complicity with the Assad/Russia/Iran R\xe2\x80\xa6 https://t.co/NazJCjn9xs',,0.0,0.0
2020-04-18 08:32:20,b'Good morning #Syria\n\n\xf0\x9f\x87\xb8\xf0\x9f\x87\xbe\xf0\x9f\x87\xb8\xf0\x9f\x87\xbe\xf0\x9f\x87\xb8\xf0\x9f\x87\xbe\xf0\x9f\x87\xb8\xf0\x9f\x87\xbe https://t.co/2xFhhL7z8x',"Belgium, Syrie, Syria",0.7,0.6000000000000001
2020-04-18 08:29:27,b'Kurdish representatives have confirmed their first case of #COVID19 &amp; its first death. A 53 year old man in\xe2\x80\xa6 https://t.co/GHrkUfbfiD',Syria,0.25,0.4666666666666666
2020-04-18 08:28:45,b'JaN/HTS/AQ/Traitors Power/Profit Play in #Idlib #Syria Update\nCollaboration/Complicity with the Assad/Russia/Iran R\xe2\x80\xa6 https://t.co/hsJ4ViSZhH',,0.0,0.0
2020-04-18 08:25:28,"b'The instant the #Hezbollah vehicle was targeted by the #Israel UAV  on #Syria border with #Lebanon , given the leng\xe2\x80\xa6 https://t.co/CCqSZKjjvQ'",Lebanon/Syria/Jordan/Iraq,0.0,0.6666666666666666
2020-04-18 08:23:34,"b'We often write about the impact of shelling on residents &amp; #migrants in #Libya, #Syria etc. If you\xe2\x80\x99ve never heard t\xe2\x80\xa6 https://t.co/mU6whZeixL'",Geneva,0.0,0.0
2020-04-18 08:22:00,b'Good morning\xf0\x9f\x8c\xb9\n\nActress Ghada Bashour calls for lifting the sanctions imposed on #Syria.\n#COVID19 https://t.co/tF1b78SjMX',,0.7,0.6000000000000001
2020-04-18 08:21:28,b'The #SDF/#PKK regime in northeast #Syria announced the first death from #coronavirus on 17 April. The #WHO knew on\xe2\x80\xa6 https://t.co/8OMRHEinl4',"London and Wirral, Britain",0.25,0.3333333333333333
2020-04-18 08:21:14,"b""#Russia's engagement in the #MiddleEast might be affected by the #Covid_19, which will increase the risk of\xe2\x80\xa6 https://t.co/cgbHvE0Z9u""",ƒ∞stanbul/Genova,0.0,0.0
2020-04-18 08:20:19,"b'The #Yazidis are a #Kurdish religious minority who live in #Iraq, #Syria, the Caucasus region and some parts of\xe2\x80\xa6 https://t.co/bRen7YCBtn'","Scotland, United Kingdom",0.06818181818181818,0.375
2020-04-18 08:19:57,"b'Join the Syrian American Council on Sunday, April 19 at 2 PM EST in a virtual town hall to discuss the role and mob\xe2\x80\xa6 https://t.co/MIwyhKlPAo'",Europe,0.0,0.0
2020-04-18 08:19:17,b'@MiddleEastObsv I think Turkey is the most likely culprit in these cases as well \n\nHowever both #Iran and #Russia h\xe2\x80\xa6 https://t.co/iZtxd7Ftk2',Dutch Saxony,0.25,0.75
2020-04-18 08:07:09,b'JaN/HTS/AQ/Traitors Power/Profit Play in #Idlib #Syria\nCollaboration/Complicity with the Assad/Russia/Iran Regimes\xe2\x80\xa6 https://t.co/S77RBT2C4t',,0.0,0.0
2020-04-18 08:06:06,"b'Rojbas #Kurdistan!!! #Elki #Syria #ALF #Efrin!! "" At midnight comes the Resurrection for the whole world...The Resu\xe2\x80\xa6 https://t.co/Q46BoKsqzw'","Beyoƒülu, ƒ∞stanbul-Constantinople,Group of journalists.",0.2,0.4
2020-04-18 08:03:22,"b'Prophet (\xef\xb7\xba) said,\n\n \xe2\x80\x9cThe Muslims are like a single man. If the eye is afflicted, then the whole body is afflicted.\xe2\x80\xa6 https://t.co/YOwqnVbCNo'",Mountains üåÑ,0.0642857142857143,0.30714285714285716
2020-04-18 07:58:15,"b'@MzMaryKhalaf Today, sorry to say, #Islam is the #WorldEnemy. Just watch the news:#Syria #Iraq #Afghanistan #Somalia #Yemen.'",Djibouti,-0.5,1.0
2020-04-18 07:57:19,b'Russia sends 1st medical aid shipment to #Syria to help it combat #COVID19: Ministry https://t.co/ybY5u3O85t',"Tehran, Iran",0.0,0.0
2020-04-18 07:56:02,"b'Heavy clashes breakout between Syrian Army, militants in eastern #Idlib https://t.co/P2JlV7t7Sv #Syria'",,-0.2,0.5
2020-04-18 07:54:53,b'@BraveofS The difference between us and the terrorists are they we are human and value all life and some have given\xe2\x80\xa6 https://t.co/wiXSZ1KMIf',home,0.0,0.1
2020-04-18 07:53:50,b'#Syria: The #SyrianArmy combs a massive area from #Sukhna mountains to the Badia of #Palmyra to purge it from #ISIS terrorists.',Syria,0.0,1.0
2020-04-18 07:47:54,b'#Syria: leaked video showing #Israel|i strike on Hezbollah vehicle 3 days ago in a village (NW. #Damascus) near the\xe2\x80\xa6 https://t.co/2pByCOMHZB',,0.1,0.4
2020-04-18 07:44:02,"b'Watch: Syrian Army, villagers forces #US military to turn around in northeast #Syria https://t.co/exrOAnRG3U'",,-0.1,0.1
2020-04-18 07:42:30,b'Syrian National Defence Forces during anti #Coronavirus mission in the city of #Damascus #Syria #NDF #Syrianarmy\xf0\x9f\x87\xb8\xf0\x9f\x87\xbep\xe2\x80\xa6 https://t.co/DWbV8lUa1x',home,0.0,0.0
2020-04-18 07:39:55,b'US military blocks Russian military patrol near #Hasakah city northeastern #Syria #Russia #USA #Syrianarmy\xf0\x9f\x87\xb8\xf0\x9f\x87\xbeplease\xe2\x80\xa6 https://t.co/toPeJkMpgO',home,-0.025,0.15000000000000002
2020-04-18 07:38:17,"b""#Question #drink in &amp; #disperse #incredible #preferred #dispatches in 'Revolution Against Empire \xe2\x80\x93 Freedom'\xe2\x80\xa6 https://t.co/BYDLJ2vYPa""",,0.9,0.9
2020-04-18 07:36:50,b'Syrian govt regained control of oil fields in the Badia after battles with ISIS.\n\n#Syria Ministry said: \xe2\x80\x9cWells and\xe2\x80\xa6 https://t.co/cvu12blEh3',India,0.0,0.0
2020-04-18 07:30:02,b'The overall risk from #COVID19 for #Syria is very high as stated by @WHO. Many people are living in temporary shelt\xe2\x80\xa6 https://t.co/0OYXhE5k7n',London,0.236,0.40066666666666667
2020-04-18 07:25:05,b'IF THERE WAS NO #CORONA THEY WOULD HAVE CREATED IT  BTW THEIR  #WARS #WARCRIMES INCL ECONOMIC WARFARE CONTINUES\n\nAG\xe2\x80\xa6 https://t.co/2ToUqPryHj',,0.2,0.2
2020-04-18 07:24:02,"b""#US military aircraft attempted to hack Russia's S-400 in #Syria: media https://t.co/odJl8LeAEL""",,-0.1,0.1
2020-04-18 07:18:40,"b'Former Dutch foreign minister Koenders supported #terrorist groups in #Syria. No prosecution, still a free man. In\xe2\x80\xa6 https://t.co/K2hAv4DxGZ'",Amsterdam,0.09166666666666667,0.30833333333333335
2020-04-18 07:13:06,b'#Turkey proxy militants in North-Western #Syria are just re-branded former #ISIS members  \n\nReportedly still using\xe2\x80\xa6 https://t.co/wgg1TBkBo9',Dutch Saxony,0.0,0.0
2020-04-18 07:10:07,b'#Syria - More mysterious drones appear over #Idlib. \n\nThe militants claim these are operated by #Iran and #Russia.\xe2\x80\xa6 https://t.co/t8ou9c8Iht',Dutch Saxony,0.25,0.75
2020-04-18 07:08:19,"b'@Knightsatire @FionaKenny1 @FlexBrowne ""Most ppl aren\'t Racist""\nIf fed a constant drip of RACISM against #China for\xe2\x80\xa6 https://t.co/eYePAis2IG'","Lusk, Fingal, Dublin, Ireland",0.25,0.41666666666666663
2020-04-18 06:52:50,"b""So the @WHO talks to Kurdish militias in northern #Syria (albeit after a delay), but it won't talk to the governmen\xe2\x80\xa6 https://t.co/2r61sMnrc5""",Boristan,0.0,0.0
2020-04-18 06:51:57,"b""#US hold live fired drill in illegally occupied #Syria.\n\nMaybe #Syria's army can hold live fire drills in Kansas? https://t.co/NyxPOAytUP""",Dutch Saxony,-0.07575757575757576,0.5
2020-04-18 06:51:02,b'First coronavirus-related death reported in northeast #Syria https://t.co/WC4QPAvtdh #Hasakah',,0.25,0.3333333333333333
2020-04-18 06:49:04,b'Breaking News: Two powerful explosions near #Russian military base in #Qamishli north east #Syria. Suspects are pro\xe2\x80\xa6 https://t.co/na9ZlpH1DE',Australia,-0.1,0.5
2020-04-18 06:47:28,"b'On 17 April, /Syrian Health Ministry received /1st shipment of medical aid from Russia 2 boost efforts to curb\xe2\x80\xa6 https://t.co/4SvjbIauTt'","Brighton, England",0.0,0.0
2020-04-18 06:47:06,b'Members of US-Backed Terrorist Group Defect in #Syria https://t.co/v9wPleFagf',,0.0,0.0
2020-04-18 06:46:53,b'Most recent #update of the #humanitarian situation in #Syria - useful to get an objective overview https://t.co/dkclwijov8',"Rome, Lazio",0.2,0.2125
2020-04-18 06:43:39,"b'The municipal tree nursery in D\xc3\xaarik, North and East #Syria. Municipalities across #Rojava are running tree planting\xe2\x80\xa6 https://t.co/Dh1XEb53Ww'",Rojava,0.0,0.0
2020-04-18 06:42:50,b'Syrian National Defence Forces outpost in the #Kabani mountains of northern #Lattakia province #Syria #NDF\xe2\x80\xa6 https://t.co/a8t6E8tF31',home,0.0,0.0
2020-04-18 06:42:31,b'North east #Syria: Turkish-backed factions arrest and torture nearly 40 persons from Ahras village suspected of lin\xe2\x80\xa6 https://t.co/n9ec9C0MTn',Australia,0.025,0.2
2020-04-18 06:40:29,b'Turkey Presses on With Military Campaigns in Iraq and #Syria Despite Coronavirus Woes https://t.co/HoLV3YK8hj',,-0.1,0.1
2020-04-18 06:40:01,b'\xf0\x9f\x87\xb8\xf0\x9f\x87\xbeSyrian Arab Army 25th intelligence group driving down the terrorist held section of the M-4 #Aleppo #Lattakia hig\xe2\x80\xa6 https://t.co/nsmm9jwiBm',home,-0.15555555555555559,0.2888888888888889
2020-04-18 06:34:14,b'Armed groups working under the supervision of USA occupation forces in Syria decided to turn themselves in to the S\xe2\x80\xa6 https://t.co/YEcG1VxRBi',"Seattle, WA",0.0,0.0
2020-04-18 06:32:55,b'#Syria: UN Reaffirms --- #Assad Regime Carried Out Sarin and Chlorine Attacks in Northwest\xe2\x80\xa6 https://t.co/gBYbeHs2HD',University of Birmingham,0.0,0.0
2020-04-18 06:30:30,b'#Syria: Prices for key food items have increased by 84% since March 2019. Rising prices are putting a healthy meal\xe2\x80\xa6 https://t.co/kgdKeJ2yQU',Syria,0.25,0.75
2020-04-18 06:29:01,"b""2. corridor across northern #Syria. If this is allowed by #Russia and/or the #USA, it's them planting seeds for ano\xe2\x80\xa6 https://t.co/xj27luJeNj""",Australia,0.0,0.0
2020-04-18 06:28:45,"b'53-yr-old man died in Qamishli on April 2\n\nBut Kurdish authority not told until April 16\n\nKurdish officials: ""[WHO]\xe2\x80\xa6 https://t.co/6EMA8WsduV'","Birmingham, UK",0.0,0.0
2020-04-18 06:27:21,b'Saturday #Syria Daily: 1st #Coronavirus Death in Kurdish-Controlled Northeast \n\nhttps://t.co/ZdGLwizscA https://t.co/oj9uVU0uXZ',University of Birmingham,0.0,0.0
2020-04-18 06:22:28,"b""Islamic countries selectively show outrage on the plight of muslims. They don't care bombing #Yemen. They don't spe\xe2\x80\xa6 https://t.co/4F0m88Fio3""",kerala,0.0,0.0
2020-04-18 06:15:21,"b""#Syria has survived #DeepState's proxy armies.\n\nWill YOUR country? https://t.co/I1EA14txGf""","Toowoomba, Queensland, Aussie.",0.0,0.0
2020-04-18 06:12:36,b'#Syria: The terrorists backed by #Erdogan kidnap 25 civilians from the village of Ahras in #Hasakah province and loot their houses.',Syria,0.0,0.0
2020-04-18 06:10:11,b'The #BlackSea region is cursed. History informs us that conflict between #Turkey &amp; #Russia is inevitable in that co\xe2\x80\xa6 https://t.co/zP8jvmMp3D',Rome | Stockholm | Prague | Al Khaleej | www.egic.se,0.0,1.0
2020-04-18 06:06:39,b'@AlArabiya_Eng Shouldn\xe2\x80\x99t #SaudiArabia #UAE #Egypt #Jordan #Kuwait #Bahrain #Qatar #Oman #Syria #GCC #Arabs be conce\xe2\x80\xa6 https://t.co/RmrNQy8b4b',,0.0,0.0
2020-04-18 06:06:22,"b""Besieged Airbase Shows #Turkey Turning the Tide in #Libya\xe2\x80\x99s War, but #Haftar's backers are likely to increase their\xe2\x80\xa6 https://t.co/m1vT2Okrjp""",Australia,0.0,1.0
2020-04-18 06:04:05,b'Good morning my dear #Syria!\xf0\x9f\x87\xb8\xf0\x9f\x87\xbe https://t.co/67H5imROnE',Syria,0.7,0.6000000000000001
2020-04-18 06:00:41,b'#Lebanon | Reports of an assassination of #Hezbollah leader in #SouthLebanon and another attempt at the border with #Syria',,0.0,0.0
2020-04-18 06:00:26,b'#Turkey-backed rebels kidnap 25 civilians in NE #Syria https://t.co/McmCTZG70t',India,0.0,0.0
2020-04-18 05:46:54,"b'John McCain\'s widow promoting the propaganda film ""For Sama"". The director\'s husband was friendly with the Zinki me\xe2\x80\xa6 https://t.co/XCxxMi6gB2'",,0.1375,0.3
2020-04-18 05:37:44,b'\xe2\x80\x9cWe are coordinating an additional delivery of medical supplies to help our anti-ISIS partners prevent COVID-19 fro\xe2\x80\xa6 https://t.co/ESwxOToX4v',Milky Way,0.0,0.0
2020-04-18 05:30:52,"b'On NE #Syria, and the folks who served as US ground force in ISIS fight now fighting #coronavirus with few to zero\xe2\x80\xa6 https://t.co/YkwyHey1Bi'",,-0.2,0.1
2020-04-18 05:19:43,b'\xf0\x9f\x87\xb8\xf0\x9f\x87\xbeThe city of #Damascus with empty streets during the anti #Coronavirus lockdown #Syria #Syrianarmy\xf0\x9f\x87\xb8\xf0\x9f\x87\xbeplease feel fr\xe2\x80\xa6 https://t.co/FLfLBcDtG2',home,-0.1,0.5
2020-04-18 05:19:38,"b'My friend and neighbour has sent me another Syrian banquet. Thank you, Diana, every dish was delicious. #Syria\xe2\x80\xa6 https://t.co/0g6Z6kzTK8'","On stolen Kulin land, Victoria",1.0,1.0
2020-04-18 05:18:02,"b'Turkish military launches attack on Syrian Army, YPG forces in northeast #Syria https://t.co/W0TPTziTeF #Hasakah'",,-0.1,0.1
2020-04-18 05:16:43,b'Syrian Arab Army soldiers at rest deployed to the southern #Idlib countryside #Syria #Syrianarmy\xf0\x9f\x87\xb8\xf0\x9f\x87\xbeplease feel free\xe2\x80\xa6 https://t.co/KFBvq1gl1D',home,0.0,0.0
2020-04-18 05:09:53,"b""@aturk_a @CGTNOfficial And that's why many joined #Turkistan #Islamic Party in #turkey and #Syria .""",,0.5,0.5
2020-04-18 04:57:20,"b'@oil_shaeikh I swear by Allah - are nothing compared to the calamitiy of the people of #Palestine ,#Syria #Burma,\xe2\x80\xa6 https://t.co/xrLPC0q5L6'",Nigeria,0.0,0.0
2020-04-18 04:54:22,b'Two powerful explosions erupted near a Russian #military base in #Syria #warinsyria #russia #defense #news https://t.co/SphrrjuHgF',"Panagyurishte,Bulgaria",-0.1,0.5
2020-04-18 04:51:02,b'Unknown drones wreak havoc on jihadists in northwest #Syria https://t.co/IuT2YpmPCm #Idlib',,-0.1,0.6
2020-04-18 04:48:17,b'Pictures of the loot turned over by the 40 group that was working with US forces in #alTanf. They defected back to\xe2\x80\xa6 https://t.co/050tvvRCHr',India,0.0,0.0
2020-04-18 04:45:45,b'#Russia sends medical #aid to support #Syrian health sector in the fight against #Coronavirus\n\n17 April\xd8\x8c 2020\xe2\x81\xa3\n\n-SA\xe2\x80\xa6 https://t.co/uDdZHX2IqM',Islamic Republic of Iran,0.0,0.0
2020-04-18 04:44:59,b'Note: Iad Tawil has posted updates. Because there have been #COVID19 cases reported in #Syria and some deaths in th\xe2\x80\xa6 https://t.co/QqXdSHx2HT',Australia,0.0,0.0
2020-04-18 04:40:15,b'@michaeltanchum Situation right now:\n1 #Mediterranean: Close to\xe2\x9c\x94\n2 #Syria: \xe2\x9c\x85but Changeable\n3 #Libya: About to \xe2\x9c\x94\n\nCo\xe2\x80\xa6 https://t.co/IG4PFeqpen',"Istanbul, Turkey",0.2857142857142857,0.5357142857142857
2020-04-18 04:37:31,b'Imagine a swarm of Iranian boats flying over US aircraft carrier deck!  \n#Iraq #Syria \nAsymmetrical Warfare \nhttps://t.co/8BZwJ99aJG',India,0.0,0.0
2020-04-18 04:35:32,b'MT @Dr_Mz13 Armed masked men raided @VDC_Syria. Human rights lawyer Razan Zaitouneh &amp; colleagues were kidnapped. Pr\xe2\x80\xa6 https://t.co/R2BDsdN6MW',USA,0.0,0.1
2020-04-18 04:35:17,b'mt @Dr_mz13\n#FreeAustinTice\n#FreeRazan\n#FreeAhmed\n#freefatherpaolo \n#FreeJohnCantlie \nFree them all\n#Syria #\xd8\xb3\xd9\x88\xd8\xb1\xd9\x8a\xd8\xa7',USA,0.4,0.8
2020-04-18 04:34:51,"b""MT @Dr_Mz13 2804 days since @Austin_Tice's last tweet. Please pray for him to come home soon. #FreeAustinTice \n@FreeAustinTice   #Syria""",USA,0.0,0.06666666666666667
2020-04-18 04:31:55,"b""#Israeli strike filmed on the ground on what seems #Hezbollah car on #Syria - #Lebanon border; it's a second round\xe2\x80\xa6 https://t.co/f0rBXeHAUw""",bologna-Italy,0.0,0.0
2020-04-18 04:21:03,b'US-backed rebels hand over weapons to Syrian Army: photos https://t.co/xuGCRjpjo1 #Homs #Syria',,0.0,0.0
2020-04-18 04:14:27,b'Iran to construct nuclear-powered submarines to better protect the country after a close encounter off its coast wi\xe2\x80\xa6 https://t.co/CISzMXlJKv',India,0.5,0.5
2020-04-18 04:06:03,b'MAJOR: #Turkey Recruiting New Terrorist Group in Northern #Syria https://t.co/ako83zOIFX #Terrorism #WarCrimes',Los Angeles - Belgrade - CDMX ,0.09943181818181818,0.4772727272727273
2020-04-18 04:02:54,b'Some of the weapons and equipment turned over to the Syrian Arab Army but the group working with the US Army in al\xe2\x80\xa6 https://t.co/mlDo0gyBdC',home,0.0,0.0
2020-04-18 03:59:21,b'#Syria announces it has regained control of #oilfields in Badia region after fighting with #ISIS.\xe2\x80\xa6 https://t.co/THIl2tZVu7',,0.0,0.0
2020-04-18 03:58:53,b'CCTV footage of the IDF drone strike in #Syria near the #Lebanon border that allegedly targeted #Hezbollah members. https://t.co/HY6suY1A8m',Worldwide,0.0,0.25
2020-04-18 03:47:05,b'@shaistasalam1 @rogersurfacings There is ZERO chance that US forces will be able to stop a single Iranian hypersoni\xe2\x80\xa6 https://t.co/ETe0XY0n6H',India,0.2142857142857143,0.41964285714285715
2020-04-18 03:46:04,b'Turkish commandos pour into #Idlib amid increased military buildup https://t.co/mUbC7OKRNi #Syria #Turkey',,-0.1,0.1
2020-04-18 03:39:25,"b""I just donated to @CrisisAidUK. Support the world's poorest here https://t.co/bqX4AEv7Ra  #Syria""","New York, NY",0.0,0.0
2020-04-18 03:36:58,"b'@nikoCSFB Jacobin Is Fueling the Lies About #Syria\nFEB 02, 2018\nRather than opposing imperial wars of aggression, J\xe2\x80\xa6 https://t.co/A5PUSeT0Va'",,0.0,0.0
2020-04-18 03:33:55,"b'Agreement signed wit EU,#Turkey is housing immigrants coming from #Syria,other countries.#EU countries r providing\xe2\x80\xa6 https://t.co/llyCcCxXjo'",Mumbai,0.0,0.0
2020-04-18 03:32:04,b'Syrian Army kills prominent militant missile operator in #Idlib https://t.co/GFHbc3fZQN #Hama #Syria',,0.5,1.0
2020-04-18 03:32:02,b'@MIG29_ #Genocide ? Are you kidding me? Look at mirror first to see the genocide or how a murderer lookalike. Look\xe2\x80\xa6 https://t.co/zDY8GytYZy',"Ki√™n Giang, Vietnam",0.25,0.3333333333333333
2020-04-18 03:28:53,b'When I saw Independence Day trending just thought was another atrocious Will Smith offering- thankfully not. Happy\xe2\x80\xa6 https://t.co/UIna9cAyli',"Puerto Banus, Spain",-0.7,1.0
2020-04-18 03:17:59,b'@rezakooshky2 Nice addition! thanks for the retweet #Syria #Syrianarmy\xf0\x9f\x87\xb8\xf0\x9f\x87\xbe',home,0.475,0.6
2020-04-18 03:14:59,"b'#Syriac #Orthodox Christians hold Good Friday mass in #Damascus, #Syria, as Orthodox Christians begin their Easter\xe2\x80\xa6 https://t.co/HM7nq6whmA'",U.S. | Iraq,0.09999999999999998,0.6000000000000001
2020-04-18 03:03:42,"b'@Earthexit1 Everyone has tried to remove President Assad, every world political leader who has called for his remov\xe2\x80\xa6 https://t.co/Ab1d3x9gJx'",home,0.0,0.1
2020-04-18 02:55:19,"b'While no surprise, heavy news of the first confirmed #Covid_19 case in Northeast #Syria, an area already devastated\xe2\x80\xa6 https://t.co/fVKIAWMig0'","New York, US",0.15,0.611111111111111
2020-04-18 02:48:07,b'https://t.co/3Rt5E8sekN *New watch this special feature plus read more #Syria news here subscribe for free news and\xe2\x80\xa6 https://t.co/8xrYu0qzgq',Visit our dedicated website @,0.34837662337662334,0.5814935064935065
2020-04-18 02:47:02,b'https://t.co/dvYydFm7vV *New watch this special feature plus read more #Syria news here subscribe for free news and\xe2\x80\xa6 https://t.co/2216tYan9R',Visit our dedicated website @,0.34837662337662334,0.5814935064935065
2020-04-18 02:43:13,b'Armed groups working for the US hands over its weapons and equipment to Syrian Army\n\n17 April\xd8\x8c 2020\xe2\x81\xa3\n\n-SANA\xe2\x80\xa6 https://t.co/5jhTjXJWPD',Islamic Republic of Iran,0.0,0.0
2020-04-18 02:39:36,b'Wishing all Syrians a very happy independence day! Your courage and perseverance put an end to a horrific french co\xe2\x80\xa6 https://t.co/cfmBHps7oj',,0.0,0.6666666666666666
2020-04-18 02:38:56,b'How My Father\xe2\x80\x99s Ideas Helped the Kurds Create a New Democracy https://t.co/8XE0sReoCI via @nybooks #murraybookchin\xe2\x80\xa6 https://t.co/lIOcwuQqYS',SYDNEY               Born 1959,0.13636363636363635,0.45454545454545453
2020-04-18 02:28:15,b'Keep Calm and Steal Oil\nOr\nBomb Civilians If They Object\n- This is US motto\n#Iraq #Syria #Covid_19\xe2\x80\xa6 https://t.co/QVjSpDQOti',India,0.30000000000000004,0.75
2020-04-18 02:27:19,"b""This is the same person..\nAfter spending 6 years in Assad's prisons. \n#Syria https://t.co/8XWrK58AJR""","Paris, France",0.0,0.125
2020-04-18 02:25:33,b'#Cameroon: #France\xe2\x80\x99s Dysfunctional Puppet System in #Africa https://t.co/TEeslpJXJM #UAE #Kuwait #Bahrain #Qatar\xe2\x80\xa6 https://t.co/68Azd9dc3P',Washington DC,0.0,0.0
2020-04-18 02:25:25,b'A 53yo man from #Hasakah has become the first confirmed fatality in NE #Syria from #coronavirus\n\nLocal officials no\xe2\x80\xa6 https://t.co/cvSMXBlycg',"Washington, DC",0.21666666666666667,0.4444444444444444
2020-04-18 02:24:23,"b'Syrian National Defence Forces outpost in eastern #Deirezzor province. Syrian NDF, SyAA are deployed for joint anti\xe2\x80\xa6 https://t.co/pJaELEzknQ'",home,0.0,0.0
2020-04-18 02:20:21,b'#Earthquake (#\xd8\xb2\xd9\x84\xd8\xb2\xd8\xa7\xd9\x84) M2.5 strikes 52 km NW of #Latakia (#Syria) 19 min ago. More info: https://t.co/wK3vcshaRN',"Bruy√®res-Le-Chatel, France",0.5,0.5
2020-04-18 02:15:24,"b""Admiral Craig Faller, U.S. Southern Command: The long arm of #Iran's malfeasance is felt everywhere around the worl\xe2\x80\xa6 https://t.co/nizQY77FFJ""","London, UK",-0.025,0.2
2020-04-18 02:14:32,"b""First #coronavirus death in northern #Syria's Kurdish area: #UN https://t.co/UQXyUfw6Pu\n#Sharjah24 https://t.co/j9BozjgTmA""",ÿØŸàŸÑÿ© ÿßŸÑÿ•ŸÖÿßÿ±ÿßÿ™ ÿßŸÑÿπÿ±ÿ®Ÿäÿ© ÿßŸÑŸÖÿ™ÿ≠ÿØÿ©,0.25,0.3333333333333333
2020-04-18 02:13:04,"b'Mesmerizing memoir -- an American marries a Syrian and raises three bilingual, bicultural children in Damascus, whe\xe2\x80\xa6 https://t.co/uBQqI4k4dr'",Hollister,0.15,0.35
2020-04-18 02:12:34,b'#SYRIA: Free helpline for women - call 9847 between 4pm - 8pm every day except Fri',We are global!,0.4,0.8
2020-04-18 02:08:27,b'Syrian President Bashar al Assad meeting with senior military personal including from the 25th (Tigers) #Syria\xe2\x80\xa6 https://t.co/pVR94IYX2s',home,-0.05,0.2
2020-04-18 02:04:57,"b'@mfa_russia @RusEmbassyKabul @RusEmbUSA @StateDept Russia \xf0\x9f\x87\xb7\xf0\x9f\x87\xba must remember the lost of USSR in\xf0\x9f\x87\xa6\xf0\x9f\x87\xab, if you forget it\xe2\x80\xa6 https://t.co/YqgDevStRs'",,0.0,0.0
2020-04-18 01:59:57,b'Syria before Assad family seized power in Syria. #syria https://t.co/w0FrpWwHcc',Montr√©al-Canada ,0.0,0.0
2020-04-18 01:55:50,"b""Well you're dumb troll, of course you don't know. How about going on Lockheed's website &amp; exhausting underutilized\xe2\x80\xa6 https://t.co/Oajw3Am0G9""",Garden of Shadegan ,-0.3875,0.5
2020-04-18 01:54:52,b'@JoeNBC Will it reach 20 Million?\n#Iraq - Genocidal war 2.5 Million butchered including with sanctions\n#Syria - Gen\xe2\x80\xa6 https://t.co/1GzSV7Jqg1',India,0.0,0.0
2020-04-18 01:40:19,"b'Turkish occupation forces supported Shuhadaa Bader gangs burned down a number of citizens\xe2\x80\x99 houses in Ras al-Ayn,\xe2\x80\xa6 https://t.co/m0KReUxfdT'",India,-0.15555555555555559,0.2888888888888889
2020-04-18 01:28:32,"b""If the #Zionists are so horrible,\nThen why can't the pro #Palestinian propagandists find horrible incidents that we\xe2\x80\xa6 https://t.co/TjlNS5MKeU""",Israel,-1.0,1.0
2020-04-18 01:17:17,b'If Allah bringes you to it\nHe Will bring you thorough it\n#kashmir\n#rohingya\n#iraq\n#Afghanistan\n#idlib\n#Refugees\xe2\x80\xa6 https://t.co/HxYmSUa2Rc',,0.0,0.0
2020-04-18 01:15:13,b'The Kurdish-led self-administration in northeast Syria strongly criticized the World Health Organization (WHO) for\xe2\x80\xa6 https://t.co/0SjiLbKi0h',"Erbil, Kurdistan",0.4333333333333333,0.7333333333333333
2020-04-18 01:12:01,b'3 Turkish Reconnaissance Aircraft Over #Idlib #Syria https://t.co/ghfi8RlYkJ',,0.0,0.0
2020-04-18 01:08:43,b'@Rifraff13 @vcdgf555 Nah.\n\nThe #USA military gives #DeepState its legions.\n\n#Zionist #Israel is Rome.\n\nRome wants t\xe2\x80\xa6 https://t.co/7GI7uKgzid',"Toowoomba, Queensland, Aussie.",0.05,0.1
2020-04-18 01:08:30,b'Mysterious Drones Kill Militants In Greater #Idlib \n\nhttps://t.co/art9MDjVSv by @southfronteng \n#Syria #Syrie #QAnonFrance',Sud-Ouest zone OTAN (France),0.25,0.75
2020-04-18 01:01:36,"b""#Turkey's #occupation, its mercenaries target safe villages and abduct civilians in Hasaka countryside\n\n17 April\xd8\x8c 2\xe2\x80\xa6 https://t.co/dWwuQtYusx""",Islamic Republic of Iran,0.5,0.5
2020-04-18 00:59:47,"b'Happy independence day to Syria \xf0\x9f\x87\xb8\xf0\x9f\x87\xbe, the country that will always have a special place in my heart.\n\nI strongly beli\xe2\x80\xa6 https://t.co/4GbUIpmjsr'",Syria,0.5301587301587302,0.7682539682539682
2020-04-18 00:55:02,b'How can you even get past the \xe2\x80\x9cU.S. Embassy Syria\xe2\x80\x9d bit without an immediate sense of scepticism on what\xe2\x80\x99s to follow\xe2\x80\xa6 https://t.co/5jAvBekwjw',Northern Ireland,-0.25,0.25
2020-04-18 00:51:26,b'Why Trump Scapegoats China: https://t.co/5faxxj4TNn #Trump #USA #America #Iran #Russia #Europe #DeepState #Israel\xe2\x80\xa6 https://t.co/9Soiq8NLQv',,0.0,0.0
2020-04-18 00:45:36,"b'US Intel Warned Israel Of Coronavirus Outbreak In China In November, But Nothing Was Done In America \xf0\x9f\xa4\xa3\xe2\x80\xa6 https://t.co/AOh7iyVXDS'",,0.0,0.0
2020-04-18 00:40:35,"b'Dutch Minister Bert Koenders Stated Assad Be Put On Trial By International Criminal Court, Now Bert Faces Internati\xe2\x80\xa6 https://t.co/bcWlEV3pe7'",,-0.2,0.275
2020-04-18 00:36:46,b'#Kurdistan Observer is out! https://t.co/BjEbiBdPGO  #TwitterKurds #Iraq #Syria #IS Stories via @KawaKurdistan5 #twitterkurds #nrtnews',Bakur/Ba≈ü√ªr/Rojhilat/Rojava,0.0,0.0
2020-04-18 00:36:14,"b'#Russia is building a new air base in #Syria\n\nIn the province of Rakka in Syria, a helicopter base will be equipped\xe2\x80\xa6 https://t.co/KW8ACrUzUg'",India,-0.48787878787878797,0.8181818181818182
2020-04-18 00:34:14,b'Media: #Russia handed over ten attack helicopters to #Syria\nSyrian media reported that Russia handed over ten Mi-24\xe2\x80\xa6 https://t.co/ZawO140GaK',India,0.0,0.0
2020-04-18 00:33:28,b'US Convoy Forced To Turn Around By Villagers In Syria \xf0\x9f\xa4\xa3\xf0\x9f\xa4\xa3\xf0\x9f\xa4\xa3 https://t.co/QnFZd0zYwT #Trump #USA #America #Russia\xe2\x80\xa6 https://t.co/a3F7lKNPcP',,-0.30000000000000004,0.2
2020-04-18 00:10:29,"b'The ""#Golan File"" related to #IRGC activities on #Syrian side of Golan Heights is central battleground in #Israel\'s\xe2\x80\xa6 https://t.co/dAQ2iUnwUz'","Washington, DC",0.0,0.325
2020-04-18 00:07:46,b'Now back to work #Syria \xf0\x9f\x99\x8b\xe2\x80\x8d\xe2\x99\x82\xef\xb8\x8f',Visit our dedicated website @,0.0,0.0
2020-04-18 00:04:50,"b"".@sfrantzman provides an interesting perspective on #Israel's war of attrition against #Hezbollah's elite operative\xe2\x80\xa6 https://t.co/ZhvA4ZnLKK""","Washington, DC",0.5,0.5
2020-04-18 00:03:55,"b'&gt;&gt;&gt; Koenders, a tasteless Idiot -Hillbilly- from the wrong side of Politics &lt;&lt;&lt;\n\nAssad \xd0\xa1urse Strikes Again: Dutch O\xe2\x80\xa6 https://t.co/P7m0EimpAp'",Earth,-0.6333333333333333,0.8666666666666667
2020-04-18 00:02:15,"b'According to the #WHO, #Syria has reported 38 cases of the #coronavirus so far, including two deaths and five peopl\xe2\x80\xa6 https://t.co/W4s95vvOxJ'",Turkey-Israel,0.1,1.0
2020-04-18 00:00:39,"b'The normalization of Arab leaders with the Syrian regime has become a normal matter, as the Sultan of Oman did toda\xe2\x80\xa6 https://t.co/J3MVC8gFFm'",ŸÑÿ®ŸÜÿßŸÜ,0.15,0.6499999999999999
