2020-03-23 23:58:57,b'@ButlerWarSong @DavidWoods007 @ButlerMBB @archey10 @marchmadness My Freshman year #Butler 1996 was our first year\xe2\x80\xa6 https://t.co/x4oFHV1mkk',,0.25,0.3333333333333333
2020-03-23 23:56:16,b'@BarstoolFIU @marchmadness TY Hilton vs Crack Cookies',,0.0,0.0
2020-03-23 23:51:13,b'@Murray1Pat @TexasMBB @kenton_paulino @marchmadness @warriorplyr21 Awful. Loved that team too.',,-0.15000000000000002,0.9
2020-03-23 23:48:10,b'#SyracuseU #NationalPuppyDay \nShould be watching my boys making those 3 pointers @marchmadness https://t.co/3FQaJKXN6t',,0.0,0.0
2020-03-23 23:47:44,b'@APlayersProgram @marchmadness @milessimon I remember this game and God Shammgod',"Tucson, AZ",-0.4,0.4
2020-03-23 23:42:45,b'@APlayersProgram @marchmadness @milessimon I miss those days.',,0.0,0.0
2020-03-23 23:42:08,b'@chiapanther @marchmadness \xf0\x9f\x98\xae\xf0\x9f\xa4\xa6\xe2\x80\x8d\xe2\x99\x82\xef\xb8\x8f we messed up there. The booty bandit would win it easily though.',"Miami, FL",0.6166666666666667,0.6166666666666667
2020-03-23 23:41:52,"b'Sounds like Trump wants to end social distancing very soon. If so, can we please have the tourney back?\xe2\x80\xa6 https://t.co/PKGLaPDvzC'",üá∫üá∏,0.14444444444444446,0.15555555555555556
2020-03-23 23:34:27,"b'@APlayersProgram @marchmadness @milessimon Oh, Providence you say? \xf0\x9f\xa7\x90\xf0\x9f\xa7\x90 @CBBTheater @The_Shark_BB'","Scottsdale, AZ",0.0,0.0
2020-03-23 23:33:00,"b'\xf0\x9f\x95\xb0\xef\xb8\x8f It took OT, but the Wildcats advanced to the @marchmadness Final Four with a win over Providence on March 23, 19\xe2\x80\xa6 https://t.co/EUS2uqRHhd'","Tucson, AZ",0.4000000000000001,0.6666666666666666
2020-03-23 23:32:13,b'Great online clinic for @marchmadness coaches #HoopBiz https://t.co/IBD3g8dJj2',"Hattiesburg, MS",0.8,0.75
2020-03-23 23:27:16,b'DM FOR A FREE $5 ACCOUNT TO TRY OUT THE BOOK AND ENJOY NCAA 2K20 COLLEGE BASKETBALL SIM. @marchmadness',,0.4,0.65
2020-03-23 23:22:06,b'@BarstoolFIU @marchmadness Barstool self promoted to the #2 seed \xf0\x9f\x98\x82\xf0\x9f\x98\x82 \xf0\x9f\xa4\x9f\xf0\x9f\x8f\xbe',"Miami Beach, FL",0.0,0.0
2020-03-23 23:11:03,"b'@BarstoolFIU @marchmadness Snubbed from FIU March Madness:\nRaja Bell, Campus Ducks, Booty snatcher... https://t.co/kqgHTaKBxf'",Miami,0.0,0.0
2020-03-23 23:08:35,b'@marchmadness @UTEP_MBB @NovaMBB @MSU_Basketball @PackMensBball @DukeMBB @IlliniMBB @VCU_Hoops @UVAMensHoops\xe2\x80\xa6 https://t.co/axrRVlP4vI',,0.0,0.0
2020-03-23 23:07:27,"b""@marchmadness @_mdiakite @UVAMensHoops @RamblersMBB @FinalFour Diakite's shot.""","Charleston, WV",0.0,0.0
2020-03-23 23:06:20,b'@ButlerWarSong @ButlerMBB @archey10 @marchmadness Avery Sheets buzzer beater to go to the dance was one of my earli\xe2\x80\xa6 https://t.co/Ou8zuNNqru',,0.0,0.0
2020-03-23 22:58:21,b'@TeamUSA @WSUCougarMBB @warriors @KlayThompson @WSUCougars @pac12 @NBA @marchmadness People forget that @aronbaynes\xe2\x80\xa6 https://t.co/q2AchPkNT8',"Austin, TX",0.0,0.0
2020-03-23 22:54:27,b'@marchmadness @UTEP_MBB @NovaMBB @MSU_Basketball @PackMensBball @DukeMBB @IlliniMBB @VCU_Hoops @UVAMensHoops\xe2\x80\xa6 https://t.co/nSA3XEXZLx',,0.0,0.0
2020-03-23 22:50:47,b'Looking for something to do while avoiding the Coronavirus? Like music? Missing @MarchMadness? I\xe2\x80\x99ve got something f\xe2\x80\xa6 https://t.co/K1S0998g9j',"Illinois, USA",-0.2,0.05
2020-03-23 22:26:27,b'@MFaisalAzam @DukeU @theACC @marchmadness @NCAA @Tokyo2020 Yes it is. And hopefully it\xe2\x80\x99s only a delay and not a cancellation.',Monroe/Charlotte,0.0,1.0
2020-03-23 22:22:20,b'@marchmadness @UTEP_MBB @NovaMBB @MSU_Basketball @PackMensBball @DukeMBB @IlliniMBB @VCU_Hoops @UVAMensHoops @TheAndyKatz Lattner**',Somewhere on Earth,0.0,0.0
2020-03-23 22:22:07,b'@marchmadness @UTEP_MBB @NovaMBB @MSU_Basketball @PackMensBball @DukeMBB @IlliniMBB @VCU_Hoops @UVAMensHoops\xe2\x80\xa6 https://t.co/5EjlBcNyhw',Somewhere on Earth,0.0,0.0
2020-03-23 22:16:38,"b'@ButlerWarSong @ButlerMBB @archey10 @marchmadness I remember in postgame, Rick Pitino calling Coach Lickliter Tom instead of Todd.  LOL'",Midwest,0.8,0.7
2020-03-23 22:14:08,"b'@TexasMBB @kenton_paulino @marchmadness Yes, I miss Rick Barnes.'","Texas, USA",0.0,0.0
2020-03-23 22:13:23,"b'@UIndyHounds @ButlerWarSong @ButlerMBB @archey10 @marchmadness The ability to penetrate today is remarkable, but su\xe2\x80\xa6 https://t.co/In4hvWFngT'","Indianapolis, Indiana",0.75,0.75
2020-03-23 22:13:02,b'@TexasMBB @kenton_paulino @marchmadness This one hurt',"Fairmont, WV",0.0,0.0
2020-03-23 22:11:48,b'Hey guys was wondering if you could come back now? Getting real bored up in here @MLB @NHL @NFL @marchmadness and I guess you guys too @NBA',"Buffalo, NY",-0.375,0.5
2020-03-23 22:02:36,b'@GregGilhooly @NYRangers @MapleLeafs @okcthunder @Raptors @BlueJays @Orioles @marchmadness Sad but true.',"Melbourne, Victoria",-0.07500000000000001,0.825
2020-03-23 21:49:07,b'@JimBrandyberry @ButlerWarSong @DavidWoods007 @ButlerMBB @archey10 @marchmadness You\xe2\x80\x99re right Jim. Today\xe2\x80\x99s coaches\xe2\x80\xa6 https://t.co/TobTQ2Ku2H',,0.2857142857142857,0.5357142857142857
2020-03-23 21:44:27,b'Since @marchmadness is cancelled we figured we\xe2\x80\x99d start our own tournament. This is FIU\xe2\x80\x99s Corona Craziness bracket!!\xe2\x80\xa6 https://t.co/A5PS67dfON',"Miami, FL",0.6,1.0
2020-03-23 21:40:04,"b'#ICYMI on  #TheShow on the #TheScoreWI, @LeoKiperJr &amp; @EricBalkman rehashed the incredible @espn @marchmadness tour\xe2\x80\xa6 https://t.co/GCAO7XpcpN'",Northeast Wisconsin,0.9,0.9
2020-03-23 21:39:41,b'@NormanHermant @NYRangers @MapleLeafs @okcthunder @Raptors @BlueJays @Orioles @marchmadness Even in historical esca\xe2\x80\xa6 https://t.co/i0ehCLl5Og',"Toronto, Ontario",0.0,0.0
2020-03-23 21:36:54,"b'See how much better this looks, @marchmadness? \nDump the cookie cutter floors! https://t.co/ifrG8JdfMG'","East Bridgewater, MA",0.625,0.5
2020-03-23 21:34:29,b'@ButlerWarSong @ButlerMBB @archey10 @marchmadness Imagine the social media (if it existed) reaction to Archey going\xe2\x80\xa6 https://t.co/CtgOrEkxB7',,0.03333333333333333,0.06666666666666667
2020-03-23 21:23:09,"b'For those climbing the #coronavirus walls. \n\nMar 23, 2019\n\n@NYRangers 2 - 1 @MapleLeafs \n\n@okcthunder 116 - 109\xe2\x80\xa6 https://t.co/9u7XYjpUsA'","Melbourne, Victoria",0.0,0.0
2020-03-23 21:17:39,b'When you have no ncaa tournament of course you seed and race your sons @HotWheelsIL in a 64 car @marchmadness brack\xe2\x80\xa6 https://t.co/yoKGf5XqnH',The U(tica),0.0,0.0
2020-03-23 21:11:49,b'@bigmeatjimmy @rjb8586 @N8__M @marchmadness @UTEP_MBB @NovaMBB @MSU_Basketball @PackMensBball @DukeMBB @IlliniMBB\xe2\x80\xa6 https://t.co/KrJor0NzVd',"North Little Rock, AR",0.0,0.0
2020-03-23 21:10:38,b'@TexasMBB @kenton_paulino @marchmadness I was there courtside sitting next to @craigway1 .  It was amazing....',"Austin, TX",0.30000000000000004,0.45
2020-03-23 21:04:23,b'@3ManFront @marchmadness @WJOX945 Pass',"Hueytown, AL",0.0,0.0
2020-03-23 21:00:38,b'Miss u @marchmadness',"Chapin, South Carolina ",0.0,0.0
2020-03-23 20:59:16,b'@ButlerWarSong @ButlerMBB @archey10 @marchmadness I had the front page of the IndyStar taped up to the back window\xe2\x80\xa6 https://t.co/RqketRep26',United States,0.0,0.0
2020-03-23 20:54:55,b'@SportsCenter @marchmadness Should have been ejected for stomping on UK player. Shouldn\xe2\x80\x99t have been in the game to take the shot.',Alabama,-0.4,0.4
2020-03-23 20:54:06,"b'If you missed @PP_AllStars Team 339 last night, catch us here or on demand at @drivewithjack.com or @FOX47News.com/\xe2\x80\xa6 https://t.co/uhgWjdwDwN'",@jackebling.net,0.0,0.06666666666666667
2020-03-23 20:53:00,b'The fact that we have to wait an entire YEAR for @marchmadness is just wrong',"Ames, IA",-0.25,0.7625
2020-03-23 20:49:19,b'@jessicalynn402 @ButlerWarSong @MrBulldogClub @ButlerMBB @archey10 @marchmadness @Candicelyn Indeed. The game was f\xe2\x80\xa6 https://t.co/7zOIr7F1Kr',Cincinnati/Beavercreek,-0.4,0.4
2020-03-23 20:48:50,b'@TexasMBB @kenton_paulino @marchmadness I\xe2\x80\x99ll never forget this shot \xf0\x9f\xa4\x9f\xf0\x9f\x8f\xbb\nSo unbelievably clutch and awesome!',Long Island ‚û°Ô∏è St. Louis,0.375,1.0
2020-03-23 20:48:34,b'@TexasMBB @kenton_paulino @marchmadness Last time they were relevant...',"Hutto, TX",0.2,0.48333333333333334
2020-03-23 20:48:02,b'@ButlerWarSong @MrBulldogClub @ButlerMBB @archey10 @marchmadness @Candicelyn @StephenTorbeck freshman year?',Cincinnati,0.0,0.0
2020-03-23 20:43:23,b'@rjb8586 @N8__M @marchmadness @UTEP_MBB @NovaMBB @MSU_Basketball @PackMensBball @DukeMBB @IlliniMBB @VCU_Hoops\xe2\x80\xa6 https://t.co/MXI9berJ0h',Cockville,0.0,0.0
2020-03-23 20:42:24,b'NCAA BIG EAST CHAMPIONSHIP GAME VILLANOVA LEADS SETON HALL 24-21 AT HALFTIME. Halftime is 10 minutes. Watch it live\xe2\x80\xa6 https://t.co/LzPmn71XoK',,-0.2,0.25
2020-03-23 20:38:41,b'@DandyYiaz @cartershua @marchmadness @UTEP_MBB @NovaMBB @MSU_Basketball @PackMensBball @DukeMBB @IlliniMBB\xe2\x80\xa6 https://t.co/mEr5N1vH0x',"El Paso, Texas",0.0,0.0
2020-03-23 20:32:06,b'@FDSportsbook @marchmadness I was at that game',,-0.4,0.4
2020-03-23 20:31:33,b'@JohnnyUTEP @cartershua @marchmadness @UTEP_MBB @NovaMBB @MSU_Basketball @PackMensBball @DukeMBB @IlliniMBB\xe2\x80\xa6 https://t.co/Uo75QgYFno',,0.0,0.0
2020-03-23 20:30:28,b'@DandyYiaz @cartershua @marchmadness @UTEP_MBB @NovaMBB @MSU_Basketball @PackMensBball @DukeMBB @IlliniMBB\xe2\x80\xa6 https://t.co/dmp6sjlmUb',"El Paso, Texas",0.0,0.0
2020-03-23 20:27:37,b'@JohnnyUTEP @cartershua @marchmadness @UTEP_MBB @NovaMBB @MSU_Basketball @PackMensBball @DukeMBB @IlliniMBB\xe2\x80\xa6 https://t.co/FeVggMqcZb',,0.0,0.0
2020-03-23 20:25:05,b'@DandyYiaz @cartershua @marchmadness @UTEP_MBB @NovaMBB @MSU_Basketball @PackMensBball @DukeMBB @IlliniMBB\xe2\x80\xa6 https://t.co/1CY0ZoL0uK',"El Paso, Texas",0.0,0.0
2020-03-23 20:24:16,b'@DandyYiaz @cartershua @marchmadness @UTEP_MBB @NovaMBB @MSU_Basketball @PackMensBball @DukeMBB @IlliniMBB\xe2\x80\xa6 https://t.co/blzmsU4FCk',"El Paso, Texas",0.0,0.0
2020-03-23 20:23:36,"b'On this day in 2006, @kenton_paulino\xe2\x80\x99s clutch three lifted the Longhorns to the Elite Eight. \xf0\x9f\xa4\x98\n\n@marchmadness |\xe2\x80\xa6 https://t.co/NxKXdA7MYC'","Austin, Texas",0.0,0.0
2020-03-23 20:21:47,b'@marchmadness @UMBCAthletics @UTEP_MBB @NovaMBB @MSU_Basketball @PackMensBball @DukeMBB @IlliniMBB @VCU_Hoops\xe2\x80\xa6 https://t.co/5kQSHWpCvc',,0.0,0.0
2020-03-23 20:18:51,b'@marchmadness @UTEP_MBB @NovaMBB @MSU_Basketball @PackMensBball @DukeMBB @IlliniMBB @VCU_Hoops @UVAMensHoops\xe2\x80\xa6 https://t.co/tayiOnLoQb',"El Paso, Texas",0.0,0.0
2020-03-23 20:18:50,b'@JohnnyUTEP @cartershua @marchmadness @UTEP_MBB @NovaMBB @MSU_Basketball @PackMensBball @DukeMBB @IlliniMBB\xe2\x80\xa6 https://t.co/GdXhIhFBoc',,0.0,0.0
2020-03-23 20:18:34,b'@JohnnyUTEP @cartershua @marchmadness @UTEP_MBB @NovaMBB @MSU_Basketball @PackMensBball @DukeMBB @IlliniMBB\xe2\x80\xa6 https://t.co/gNdICds09n',,0.0,0.0
2020-03-23 20:17:30,b'@DandyYiaz @cartershua @marchmadness @UTEP_MBB @NovaMBB @MSU_Basketball @PackMensBball @DukeMBB @IlliniMBB\xe2\x80\xa6 https://t.co/BNzAneiVwG',"El Paso, Texas",0.0,0.0
2020-03-23 20:15:58,b'@JohnnyUTEP @cartershua @marchmadness @UTEP_MBB @NovaMBB @MSU_Basketball @PackMensBball @DukeMBB @IlliniMBB\xe2\x80\xa6 https://t.co/P2sLu4Rkt1',,0.0,0.0
2020-03-23 20:14:59,b'@DandyYiaz @cartershua @marchmadness @UTEP_MBB @NovaMBB @MSU_Basketball @PackMensBball @DukeMBB @IlliniMBB\xe2\x80\xa6 https://t.co/MV0vhSWZoN',"El Paso, Texas",0.0,0.0
2020-03-23 20:12:41,"b'@ButlerWarSong @DavidWoods007 @ButlerMBB @archey10 @marchmadness And yet, many college basketball fans remain under\xe2\x80\xa6 https://t.co/xSBED7IQKL'","Denver, Indiana",0.5,0.5
2020-03-23 20:05:25,b'@fogduck1 @ButlerWarSong @DavidWoods007 @ButlerMBB @archey10 @marchmadness I wish.  Compare the shooting statistics.',"Indianapolis, Indiana",0.0,0.0
2020-03-23 20:04:29,b'@cartershua @marchmadness @UTEP_MBB @NovaMBB @MSU_Basketball @PackMensBball @DukeMBB @IlliniMBB @VCU_Hoops\xe2\x80\xa6 https://t.co/A2NvJDNg7G',,0.0,0.0
2020-03-23 20:02:30,"b'@ButlerWarSong @ButlerMBB @archey10 @marchmadness I was still in Indy a year after graduation, about to leave for C\xe2\x80\xa6 https://t.co/C5z0y4EVbe'","Los Angeles, CA",0.0,0.0
2020-03-23 19:57:24,"b""@JimBrandyberry @ButlerWarSong @DavidWoods007 @ButlerMBB @archey10 @marchmadness They're still at Hinkle""",,0.0,0.0
2020-03-23 19:53:31,b'@NCAA @marchmadness can we get MayMadness. Don\xe2\x80\x99t take these kids year away that they worked hard for. Skip conferen\xe2\x80\xa6 https://t.co/UkATbYyHWQ',"Garland, TX",-0.2916666666666667,0.5416666666666666
2020-03-23 19:45:34,b'@giantswfan @marchmadness @NECsports @RMUAthletics @AndyToole @TribSports Sad way for hoop dreams to end.',"California, USA",-0.5,1.0
2020-03-23 19:44:28,"b""So excited that @dawnstaley was named Ap coach of the year. Well deserved!! Now it's time to name the South Carolin\xe2\x80\xa6 https://t.co/IEOP8D0HGo""",,0.5859375,0.75
2020-03-23 19:43:52,b'\xf0\x9f\x8f\x80The cancellation of @MarchMadness was a significant emotional challenge for #mid-major champions - such as\xe2\x80\xa6 https://t.co/5XrgvmmwcO',,0.125,0.6749999999999999
2020-03-23 19:43:34,b'@ButlerWarSong @DavidWoods007 @ButlerMBB @archey10 @marchmadness Where have all the shooters gone....?',"Indianapolis, Indiana",0.0,0.0
2020-03-23 19:42:48,b'@James_Prosser @ButlerWarSong @ButlerMBB @archey10 @marchmadness What a memory. Incredible!',,1.0,0.9
2020-03-23 19:39:26,b'@ButlerWarSong @DavidWoods007 @ButlerMBB @archey10 @marchmadness We are still here',"Indianapolis, IN",0.0,0.0
2020-03-23 19:38:01,"b""@Castricone @marchmadness Sad we couldn't find a bracket for a game from Ohio's 2012 run.  Even tho it was a loss .\xe2\x80\xa6 https://t.co/A8xCjoM58Q""","Dublin, OH",-0.45,0.7
2020-03-23 19:35:09,b'@ButlerWarSong @ButlerMBB @archey10 @marchmadness Dawgs. \xf0\x9f\x90\xb6\xf0\x9f\x8f\x80\xf0\x9f\xa5\x8a @benanderson2020',"Camborne/Porirua, NZ",0.0,0.0
2020-03-23 19:33:54,"b""YouTube videos of all 68 greatest @MarchMadness games are available at https://t.co/UFqNTIcnNR\n\nHere's the bracket: https://t.co/WK94ZBVogF""","Seattle, WA",0.7,0.7
2020-03-23 19:29:12,"b""YouTube videos of all 68 greatest @MarchMadness games are available at https://t.co/UFqNTIcnNR\n\nHere's the bracket: https://t.co/ltfr2x2WEZ""","Seattle, WA",0.7,0.7
2020-03-23 19:25:56,b'17 yrs. ago today @ButlerMBB beat Louisville 79-71 behind 8-9 3 pointers by @archey10 advancing the Bulldogs to the\xe2\x80\xa6 https://t.co/elGvHi70Wa',Indiana,-0.4,0.7
2020-03-23 19:25:46,b'Hear these Classic @marchmadness games this week on @WJOX945\n\nThur 7:00-2005 Elite 8 Arizona vs Illinois\n\nFri 7:00-\xe2\x80\xa6 https://t.co/GczTMHHY9u',"Alabama, USA",0.16666666666666666,0.16666666666666666
2020-03-23 19:23:11,"b""@marchmadness resurrected! We continue our review of @espn &amp; @SportsCenter's  64 Greatest College Basketball GOATs!\nhttps://t.co/5wy3O3d8hK""","Eugene, OR",1.0,1.0
2020-03-23 19:17:09,b'@FDSportsbook @FanDuel @marchmadness Steph old n crusty \xf0\x9f\x98\x82 basically a boomer!',,0.125,0.2
2020-03-23 19:14:51,b'Talked to @marchmadness coaching friends &amp; they are headed to office meeting? Are you head coaches nuts? Have you w\xe2\x80\xa6 https://t.co/38GLLwFB5w',"Hattiesburg, MS",0.0,0.0
2020-03-23 18:58:59,b'@MujeebS @DukeU @theACC @marchmadness @NCAA @Tokyo2020 Its official..heart goes out to the athletes for there blood\xe2\x80\xa6 https://t.co/ecmhIti3rk',"Centennial Scarborough, Toront",0.0,0.0
2020-03-23 18:42:43,"b'@DEPete85 @DukeU @theACC @marchmadness @NCAA @Tokyo2020 Well, yeah.'",Monroe/Charlotte,0.0,0.0
2020-03-23 18:37:39,b'Could we see the #MLB season start on Labor Day? Myself and the honorable MC @ernestdove\xf0\x9f\x8e\xa4this worst case scenario a\xe2\x80\xa6 https://t.co/JtJySk3cGt',@NYCBLive @BarclaysCenter,-1.0,1.0
2020-03-23 18:34:52,b'@FDSportsbook @FanDuel @marchmadness Poor Steph. They didn\xe2\x80\x99t even have a uniform small enough for him. If only thos\xe2\x80\xa6 https://t.co/lxaw6rqMly',,-0.1625,0.625
2020-03-23 18:19:31,b'Missing @MarchMadness and @KUHoops? Get your fix from @CoachBillSelf\xe2\x80\x99s tweets. \n\nI still remember that infamous mat\xe2\x80\xa6 https://t.co/KlgeJvOBqz',"Nampa, ID",-0.35,0.525
2020-03-23 18:15:08,"b'March 23rd, 2008 \xf0\x9f\x97\x93\n\nA sophomore guard named Stephen Curry dropped 30 points in the Round of 32, leading Davidson on\xe2\x80\xa6 https://t.co/dNPgytGImm'",,-0.2,0.4
2020-03-23 18:11:56,b'@BrettWalkup @marchmadness @UTEP_MBB @NovaMBB @MSU_Basketball @PackMensBball @DukeMBB @IlliniMBB @VCU_Hoops\xe2\x80\xa6 https://t.co/JU3rRZQICE',"Rochester, NY",0.0,0.0
2020-03-23 18:11:04,b'@Shawn_Foss @PrimalForces @aubrey_huff @NBA @MLB @NHL @marchmadness @realDonaldTrump He already lost the battle whe\xe2\x80\xa6 https://t.co/SQZR2PESDP',End of Eternity,0.0,0.0
2020-03-23 18:09:23,"b""@PrimalForces @Shawn_Foss @aubrey_huff @NBA @MLB @NHL @marchmadness @realDonaldTrump Also, don't use Wikipedia as a\xe2\x80\xa6 https://t.co/5sbNissIjK""",End of Eternity,0.0,0.0
2020-03-23 18:07:43,b'@PrimalForces @Shawn_Foss @aubrey_huff @NBA @MLB @NHL @marchmadness @realDonaldTrump Now would you like to try that\xe2\x80\xa6 https://t.co/28TpoKFfPh',End of Eternity,0.0,0.0
2020-03-23 18:03:43,b'@N8__M @marchmadness @UTEP_MBB @NovaMBB @MSU_Basketball @PackMensBball @DukeMBB @IlliniMBB @VCU_Hoops @UVAMensHoops\xe2\x80\xa6 https://t.co/fCvB6ToKot',,0.0,0.0
2020-03-23 18:03:06,b'@Christian__Horn @TSpeth5 @marchmadness @UMBCAthletics @UNImbb Are they in the same region on the bracket? That would be quite the matchup!',,0.0,0.125
2020-03-23 17:59:33,b'Games resume (just like the actual tournament) @marchmadness Thursday evening! Join us then as we bring you the onl\xe2\x80\xa6 https://t.co/zXCcm68e6N',,0.0,0.1
2020-03-23 17:58:49,b'Is anyone else bummed that they wont get to see @DaytonFlyers @DaytonMBB finish their historic season!? I say we go\xe2\x80\xa6 https://t.co/WEHHx1nxaA',,0.0,0.0
2020-03-23 17:53:01,b'@_griffindor_15 @marchmadness @_mdiakite @UVAMensHoops @RamblersMBB @FinalFour A 1-seed makes the FF EVERY YEAR',"San Francisco, CA",0.0,0.0
2020-03-23 17:52:42,b'@marchmadness @Smoove2you_ @UTEP_MBB @NovaMBB @MSU_Basketball @PackMensBball @DukeMBB @IlliniMBB @VCU_Hoops\xe2\x80\xa6 https://t.co/HzRhwHhNjI',"Newport News, VA",0.0,0.0
2020-03-23 17:51:18,b'@renrawk @marchmadness @BluejayMBB @cucoachmac @USUBasketball @CoachSmith_USU @HelloFresh @CocaCola Creighton takin\xe2\x80\xa6 https://t.co/T3zzt1D4A0',Lawrence,0.0,0.0
2020-03-23 17:42:05,b'@marchmadness and in the 2nd half the refs gave the game to nova',Morgantown WV,-0.18888888888888888,0.18888888888888888
2020-03-23 17:37:45,"b'Happy Birthday @RCMB323!! A lot has happened since your last birthday, when we were celebrating in Tulsa for\xe2\x80\xa6 https://t.co/Fz0MiIpmQx'","Lubbock, TX",0.5,0.5333333333333333
2020-03-23 17:36:43,b'The @marchmadness Sweet 16 and @MLB Opening Day should be this week.  One of the best weeks of the year where my tw\xe2\x80\xa6 https://t.co/vSdkIczdJB',Greater New York City Area,0.675,0.475
2020-03-23 17:35:25,b'@MujeebS @DukeU @theACC @marchmadness @NCAA @Tokyo2020 We one-upped you guys. We bravely and boldly announced to th\xe2\x80\xa6 https://t.co/T62PsXLSIm',"Charlotte, NC",0.5666666666666667,0.8333333333333333
2020-03-23 17:33:46,b'@FDSportsbook @marchmadness Still a travel',,0.0,0.0
2020-03-23 17:25:28,b'@alex_leicht23 @marchmadness Happy Birthday!!!',"Pennsylvania, USA",1.0,1.0
2020-03-23 17:20:51,"b""@carterbundy @B0ilermaker @marchmadness @BoilerBall It's got to be a top ten performance by a college player.. all\xe2\x80\xa6 https://t.co/g3cI1HYFNb""","Bassett, VA",0.25,0.25
2020-03-23 17:14:38,b'@ryannorton1 @marchmadness @UTEP_MBB @NovaMBB @MSU_Basketball @PackMensBball @DukeMBB @IlliniMBB @VCU_Hoops\xe2\x80\xa6 https://t.co/r2D79QIQjq',"Hendersonville, NC",0.0,0.0
2020-03-23 17:03:08,b'@marchmadness @UTEP_MBB @NovaMBB @MSU_Basketball @PackMensBball @DukeMBB @IlliniMBB @VCU_Hoops @UVAMensHoops @TheAndyKatz GLORY ROAD \xe2\x9b\x8f\xe2\x9b\x8f',"El Paso, TX",0.0,0.0
2020-03-23 17:02:32,b'Have had this shirt for years and always thought it was true\xf0\x9f\x98\x85\xf0\x9f\x98\x85@NBA @TheNBACentral @BR_NBA @YahooSportsNBA @NBAonTNT\xe2\x80\xa6 https://t.co/fRTQ30VKh2',,0.0,0.0
2020-03-23 17:02:14,"b'@TSpeth5 @johnhamilton24 @marchmadness @UMBCAthletics @UNImbb Imo, UMBC-Dunk City would be a tight Elite 8 matchup.\xe2\x80\xa6 https://t.co/kN2yF851E7'",,-0.17857142857142858,0.2857142857142857
2020-03-23 16:57:40,b'@marchmadness @IlliniMBB @luke_maye @UNC_Basketball Oh that is so satisfying to watch \xe2\x98\xba\xef\xb8\x8f', ‚úùÔ∏è üá∫üá∏ U S A üá∫üá∏ ‚úùÔ∏è,0.5,1.0
2020-03-23 16:53:52,b'@marchmadness @umichbball @Chiozza11 @GatorsMBK The Cheeze stands alone!',"San Diego, CA",0.0,0.0
2020-03-23 16:48:29,b'All 4 of my brackets have been busted after this weekend @marchmadness  #imissmarchmadness',,0.0,0.0
2020-03-23 16:47:52,b'@Wilkins2032 @B0ilermaker @marchmadness @BoilerBall I saw Jordan at MSG when he scored like 20 pts in last 8 minute\xe2\x80\xa6 https://t.co/XiGJaNij8H',"Santa Fe, NM",0.0,0.06666666666666667
2020-03-23 16:44:52,b'@marchmadness I miss u',,0.0,0.0
2020-03-23 16:34:01,b'Where is my refund? @marchmadness',3rd Street School,0.0,0.0
2020-03-23 16:31:07,"b'Today, we look back one year ago when @LibertyMBB_ made @marchmadness history. Includes comments from guard Caleb H\xe2\x80\xa6 https://t.co/tVhdJ8ce0b'","Lynchburg, VA",0.0,0.0
2020-03-23 16:22:49,b'@marchmadness @UTEP_MBB @NovaMBB @MSU_Basketball @PackMensBball @DukeMBB @IlliniMBB @VCU_Hoops @UVAMensHoops\xe2\x80\xa6 https://t.co/FBW4SNM1lN',,0.0,0.0
2020-03-23 16:04:11,b'@rjb8586 @marchmadness @UTEP_MBB @NovaMBB @MSU_Basketball @PackMensBball @DukeMBB @IlliniMBB @VCU_Hoops\xe2\x80\xa6 https://t.co/99t0GQm9Wq',,0.0,0.0
2020-03-23 16:00:50,b'@masonjones2 #WPS \xf0\x9f\x85\xb0\xef\xb8\x8f\xf0\x9f\x90\x97\xf0\x9f\x8f\x86 waiting to happen in 20-21 @marchmadness',"Arkansas, USA",0.0,0.0
2020-03-23 16:00:06,"b""@Lovemy5little1s @marchmadness @danielrainge @BYUbasketball @TreyBurke @umichbball I believe we've found the only BYU fan on twitter""",,0.0,1.0
2020-03-23 15:56:44,"b""YouTube videos of all 68 greatest @MarchMadness games are available at https://t.co/UFqNTIcnNR\n\nHere's the bracket: https://t.co/o9EB4oimca""","Seattle, WA",0.7,0.7
2020-03-23 15:55:55,b'@marchmadness should\xe2\x80\x99ve been played. That would make people stay inside',"Oceanside, long island",0.0,0.0
2020-03-23 15:52:56,b'@BeezzyD @CityofTampa @WrestleMania @marchmadness @TBLightning Except municipalities are stuck with stadium bills r\xe2\x80\xa6 https://t.co/miUNfpXgWE',"Tampa Bay, Florida",0.0,0.0
2020-03-23 15:49:37,"b""YouTube videos of all 68 greatest @MarchMadness games are available at https://t.co/UFqNTIcnNR\n\nHere's the bracket: https://t.co/qeIDQsh9mY""","Seattle, WA",0.7,0.7
2020-03-23 15:45:12,"b""YouTube videos of all 68 greatest @MarchMadness games are available at https://t.co/UFqNTIcnNR\n\nHere's the bracket: https://t.co/rWMmNPk7NG""","Seattle, WA",0.7,0.7
2020-03-23 15:45:00,b'@HedgehogOptions @NBA @marchmadness They make more off people being sick.',"Los Angeles, CA",-0.10714285714285715,0.6785714285714286
2020-03-23 15:44:00,b'@b4flight @NBA @marchmadness Because we\xe2\x80\x99re ok with the flu spreading and killing 40K Americans EVERY year\n\nWhy don\xe2\x80\x99\xe2\x80\xa6 https://t.co/MwElam9dTC',"Toronto, Ontario",0.5,0.5
2020-03-23 15:42:05,"b""YouTube videos of all 68 greatest @MarchMadness games are available at https://t.co/UFqNTIcnNR\n\nHere's the bracket: https://t.co/v7y02Dp8Tr""","Seattle, WA",0.7,0.7
2020-03-23 15:41:43,"b'@HedgehogOptions Why don\xe2\x80\x99t the @NBA , @marchmadness and all other sports shut down during flu season?'","Los Angeles, CA",-0.14027777777777778,0.3319444444444445
2020-03-23 15:39:10,"b'@marchmadness  could we consider a 1 on 1 tournament? 64 players, only 2 in contact at a time to meet quarantine re\xe2\x80\xa6 https://t.co/YWH4sOEFML'",,0.0,1.0
2020-03-23 15:38:53,b'@JonRothstein How about having the @NCAA  have @marchmadness have the Final Four at ethier @PruCenter in Newark NJ\xe2\x80\xa6 https://t.co/gv9EsAnz7F',,0.0,1.0
2020-03-23 15:36:45,b'@marchmadness hey imy',,0.0,0.0
2020-03-23 15:34:04,b'Hey @marchmadness if the #COVID\xe3\x83\xbc19  is over by May make the tournament called \xe2\x80\x9cMay Mayhem\xe2\x80\x9d',"Maine, USA",0.0,0.0
2020-03-23 15:31:12,b'if this quarantine had @marchmadness .... I\xe2\x80\x99d be cool with it.',,0.35,0.65
2020-03-23 15:22:39,b'Monday mood...because we miss @marchmadness and @WVUhoops and @WVUBaseball \xf0\x9f\x92\x9b\xf0\x9f\x92\x99 #hailwv #supportlocal #morgantown\xe2\x80\xa6 https://t.co/A0uMnWWkMk',416 Fairmont Rd,0.0,0.0
2020-03-23 15:22:36,b'@StadiumShadow Just think how much $ everyone involved in sporting events is saving right now. @CityofTampa probabl\xe2\x80\xa6 https://t.co/Come2u5AJ2',Florida & Pennsylvania,0.24285714285714285,0.3678571428571429
2020-03-23 15:18:23,"b""@CervezaEsVida @marchmadness We're re-streaming City tonight, if you want something to do""",?????,0.0,0.0
2020-03-23 15:17:03,b'Day 12 without sports\n\nAbout to throw myself a Sweet 16 party since we have a lack of @marchmadness',"Detroit, Michigan",0.35,0.65
2020-03-23 15:16:00,"b'#OneShiningMoment in @nytimes today. Thanks for the heads up, @ArmenKeteyian \n#MarchMadnessMoments @marchmadness\xe2\x80\xa6 https://t.co/fnpIpVuZcP'",Michigan,0.2,0.2
2020-03-23 15:15:53,"b'@jvalver_HTSD @PearDeck @davefrayser Haha sorry, forgot there were two hours left.  Gotta love championship Monday\xe2\x80\xa6 https://t.co/v39mlmXFmK'","Ottawa, Ontario",0.05,0.475
2020-03-23 15:13:39,b'@carterbundy @B0ilermaker @marchmadness @BoilerBall *Carsen',"Bassett, VA",0.0,0.0
2020-03-23 15:08:46,b'@SienaSaints @SienaMBB @jalenpickett2 @NABC1927 @SienaCollege @SienaAlumni @MAACHoops @marchmadness @mid_madness\xe2\x80\xa6 https://t.co/JRJpVOuKmP',,0.0,0.0
2020-03-23 14:59:04,b'Eagle Nation!! We all miss @marchmadness so we decided to enlist your help in our own Eagle Madness! We need your h\xe2\x80\xa6 https://t.co/6M8OOUZ4NI',"Statesboro, Georgia",0.75,1.0
2020-03-23 14:58:46,b'@marchmadness @UTEP_MBB @NovaMBB @MSU_Basketball @PackMensBball @DukeMBB @IlliniMBB @VCU_Hoops @UVAMensHoops\xe2\x80\xa6 https://t.co/F74JPDcrxq',"Rochester, NY",0.0,0.0
2020-03-23 14:56:16,b'@KUsports My hope is that all the @marchmadness players all are successful off the court case a lot of people are very rich because of them',Oregon to Boston ,0.61875,0.9625
2020-03-23 14:54:57,"b'Hey @MLB, @NCAA, @marchmadness how about the best video gamer from each team plays against other team\xe2\x80\x99s best and it\xe2\x80\xa6 https://t.co/A8t5b9zdrV'","Staunton, VA",0.625,0.325
2020-03-23 14:53:24,b'@marchmadness @UTEP_MBB @NovaMBB @MSU_Basketball @PackMensBball @DukeMBB @IlliniMBB @VCU_Hoops @UVAMensHoops\xe2\x80\xa6 https://t.co/aEGzVFlrJw',"West Lafayette, IN",0.0,0.0
2020-03-23 14:40:23,b'@marchmadness @UTEP_MBB @NovaMBB @MSU_Basketball @PackMensBball @DukeMBB @IlliniMBB @VCU_Hoops @UVAMensHoops\xe2\x80\xa6 https://t.co/VdMxE0j3go',"Bordentown, NJ",0.0,0.0
2020-03-23 14:36:00,"b'Hey @NCAA  &amp; @marchmadness, March Madness may have been canceled, but @Strive2Learn  is having kids create their ow\xe2\x80\xa6 https://t.co/0OEWGaoIJn'",,0.0,0.0
2020-03-23 14:33:16,"b""We would have won the @marchmadness tourney in both men's and women's.  Don't @ me.\n#SicEm https://t.co/m2jIk98XPp""",Texas,0.0,0.0
2020-03-23 14:30:24,b'@ebramsey54 @GTMBB @marchmadness 0.8 seconds',"Charleston, SC",0.0,0.0
2020-03-23 14:29:34,b'@BigBlueDrew33 @ThatEricAlper @marchmadness And just like that @BigBlueDrew33 is the winner with the only correct answer',Central/Eastern KY,0.0,1.0
2020-03-23 14:25:47,"b'March 23rd, 2019 \xf0\x9f\x97\x93\n\nWith just 1.6 seconds left, Tremont Waters hit this game-winning layup to send LSU (-3) to the\xe2\x80\xa6 https://t.co/0XwR1MC8Te'",,0.0,0.0
2020-03-23 14:25:36,b'@marchmadness @UTEP_MBB @NovaMBB @MSU_Basketball @PackMensBball @DukeMBB @IlliniMBB @VCU_Hoops @UVAMensHoops\xe2\x80\xa6 https://t.co/6Uz4CNveVI',,0.0,0.0
2020-03-23 14:21:45,"b""@BrettWalkup @SpideyStowell @marchmadness @UNImbb Absolutely. There's no other way to describe it.""",,0.13125,0.6375
2020-03-23 14:19:47,b'@ThatEricAlper The @marchmadness Selection Sunday show',"Louisville, KY",0.0,0.0
2020-03-23 14:14:48,b'@marchmadness @UTEP_MBB @NovaMBB @MSU_Basketball @PackMensBball @DukeMBB @IlliniMBB @VCU_Hoops @UVAMensHoops\xe2\x80\xa6 https://t.co/nEcSgiU5xi',"Colorado, USA",0.0,0.0
2020-03-23 14:08:25,"b'@JustinGreenCFP @ShoeAmy @marchmadness That\xe2\x80\x99s it, March sadness... https://t.co/IbRbqqC7hd'",New Jersey üìç | Bay Area ,0.0,0.0
2020-03-23 14:08:16,b'@marchmadness @UTEP_MBB @NovaMBB @MSU_Basketball @PackMensBball @DukeMBB @IlliniMBB @VCU_Hoops @UVAMensHoops\xe2\x80\xa6 https://t.co/9c677t0AdV',,0.0,0.0
2020-03-23 14:06:59,b'@UBmenshoops @marchmadness This was me and my wife (almost) watching from an Internet cafe in Thailand. Hiked to th\xe2\x80\xa6 https://t.co/rYMsxMcaeZ',"Cincinnati, OH",0.0,0.0
2020-03-23 14:05:35,"b""@PoptartLudwig @SpideyStowell @marchmadness @UNImbb Since you're being ridiculously demonstrative in saying the Ali\xe2\x80\xa6 https://t.co/m6q0eZXDsb""","Hendersonville, NC",-0.3333333333333333,1.0
2020-03-23 14:02:24,b'@marchmadness @TheAndyKatz @umichbball @Chiozza11 @GatorsMBK I saw Pooles shot and that was good and all but Chiozz\xe2\x80\xa6 https://t.co/dXj4BU4yxQ',"Cincinnati, OH",0.7,0.6000000000000001
2020-03-23 13:57:53,"b""@ShoeAmy @marchmadness We'll remember March Madness 2020, but not for slam dunks... https://t.co/9VRWvJUVCy""",New Jersey üìç | Bay Area ,0.0,0.0
2020-03-23 13:55:01,"b'@DasarteYarnway Yeah, attention marketing pros, @marchmadness gonna need a rebrand.'","St. Louis, MO",0.0,0.0
2020-03-23 13:48:53,b'@marchmadness @UTEP_MBB @NovaMBB @MSU_Basketball @PackMensBball @DukeMBB @IlliniMBB @VCU_Hoops @UVAMensHoops\xe2\x80\xa6 https://t.co/PgKcGeIFA5',Star Wars and sports world,0.0,0.0
2020-03-23 13:45:03,b'@NCAAFootball @marchmadness @EASPORTS while this Pandemic is going on i think this is a perfect time to start manif\xe2\x80\xa6 https://t.co/cD6FuPlHQw',Beamin..üìç,1.0,1.0
2020-03-23 13:38:03,"b'Rewatching @UNC_Basketball\xe2\x80\x99s 2005 @marchmadness victory over @IlliniMBB, &amp; maybe it\xe2\x80\x99s because #CoachWilliams calls\xe2\x80\xa6 https://t.co/1KVSf8PrGd'",Ignatius J. Reilly's neighbor,0.0,0.0
2020-03-23 13:38:00,b'@marchmadness @UTEP_MBB @NovaMBB @MSU_Basketball @PackMensBball @DukeMBB @IlliniMBB @VCU_Hoops @UVAMensHoops\xe2\x80\xa6 https://t.co/AvmqZXAOw8',"Washington, DC",0.0,0.0
2020-03-23 13:36:00,b'@marchmadness @UTEP_MBB @NovaMBB @MSU_Basketball @PackMensBball @DukeMBB @IlliniMBB @VCU_Hoops @UVAMensHoops\xe2\x80\xa6 https://t.co/1iDp179jyB',"Buffalo, NY",0.0,0.0
2020-03-23 12:41:50,"b""Our @bigahickey Alex Hickey has a lot of time on his hands these days, he's now examining @WVUhoops best SECOND rou\xe2\x80\xa6 https://t.co/bGa0ODVGmx""","Charleston, WV",0.5,0.15
2020-03-23 12:36:18,b'45 minute testing now available. Equals 16 team tourney starting in 2 weeks. Make it pay-per-view if you need to re\xe2\x80\xa6 https://t.co/yphUYs8Xch',,0.2,0.25
2020-03-23 12:21:43,b'@ringer @rodger For the same reason the @marchmadness cancellation was delayed so much longer than common sense warranted: \xf0\x9f\x92\xb0 \xf0\x9f\x92\xb0 \xf0\x9f\x92\xb0',,-0.033333333333333326,0.27499999999999997
2020-03-23 12:02:07,b'Great article on our head coach \xe2\x81\xa6@CoachDianeRich\xe2\x81\xa9 from last year when \xe2\x81\xa6@Towson_WBB\xe2\x81\xa9 \xf0\x9f\x90\xaf took on \xe2\x81\xa6@UConnWBB\xe2\x81\xa9 \xf0\x9f\x90\xb6 in the\xe2\x80\xa6 https://t.co/j73WTRyWlj',"Towson, MD",0.4,0.4083333333333333
2020-03-23 10:52:06,b'@tschlek @marchmadness Was there anyone better at blocking a shot and keeping it in play than Oliver Miller? Artist.',"plymouth, mn",0.5,0.5
2020-03-23 10:45:57,b'Good morning!! I am still here trying to keep the spirit going @marchmadness. My sweet family is in the house for\xe2\x80\xa6 https://t.co/YkqjEEgqvj',"Danville, KY",0.675,0.625
2020-03-23 10:23:55,b'Coach Bill Self tweets commentary during KU-Memphis 2008 national-title game on CBS\nhttps://t.co/X5b7n8POB5 \xe2\x81\xa6\xe2\x80\xa6 https://t.co/i91efgHf0S',Atlanta,-0.4,0.4
2020-03-23 09:41:36,"b'Reminds me of March 12, where @DukeU said to @theACC,\nwe\xe2\x80\x99re not going to play today and we\xe2\x80\x99re suspending winter and\xe2\x80\xa6 https://t.co/1Dssws7bXY'",Monroe/Charlotte,0.0,0.0
2020-03-23 07:20:47,"b'Top story: @NCAA: \'Only one No. 15 seed has made it to the Sweet Sixteen - @FGCU_MBB. ""Dunk City"" made the most of\xe2\x80\xa6 https://t.co/rQe6ukqerg'",,0.3375,0.6625
2020-03-23 06:50:53,b'@espn @SportsCenter @marchmadness Play stupid games and win stupid prizes. The Reporter had that coming.',inside a quasar ,-0.2666666666666666,0.7999999999999999
2020-03-23 06:47:16,"b'Top story: @NCAA: \'Only one No. 15 seed has made it to the Sweet Sixteen - @FGCU_MBB. ""Dunk City"" made the most of\xe2\x80\xa6 https://t.co/byrKaF36pS'",,0.3375,0.6625
2020-03-23 06:25:54,"b""@dougyeefresh @marchmadness @AZBAYCATS Another traumatic game!  At least you weren't a 'Cat in 2005... I couldn't c\xe2\x80\xa6 https://t.co/E7OWCZFdbk""",San Francisco Bay Area,-0.4,0.4
2020-03-23 05:44:41,"b'@UCLAMBB @kaj33 @olskool888 @RealTracyMurray @marchmadness No Kareem ! Big E , Duck'",Malibu and Los Angeles ,0.0,0.1
2020-03-23 05:44:10,b'@TreyYanity @PumpItUpGville @marchmadness @Wm_Galloway @JuliaWesterman @SpurrFM Tell us about your butcher shop',,0.0,0.0
2020-03-23 05:31:09,b'@AZWildcat97 @marchmadness @AZBAYCATS I have that ticket to. Bad memories\xf0\x9f\x98\xa3',"Alameda,CA",-0.6999999999999998,0.6666666666666666
2020-03-23 05:28:40,b'@carterbundy @B0ilermaker @marchmadness @BoilerBall Carsten Edwards vs Virginia was definitely the best performance\xe2\x80\xa6 https://t.co/1yiFccnReH',"Bassett, VA",0.5,0.4
2020-03-23 05:27:36,"b'@AnanyaS1190 This is like @marchmadness but in reverse, with the losers making it to the end #MarchMadness'","Salt Lake City, UT, USA",-0.2,0.2
2020-03-23 05:25:03,"b""@marchmadness \nSince the Men's NCAA tournament is suspended cause of the coronavirus...Which is the best team all-t\xe2\x80\xa6 https://t.co/lHgMsO571r""","Durham,NC ",1.0,0.3
2020-03-23 04:48:08,b'@illoutsmartyou @LibbyDoggett1 @LanceClark312 @SportsCenter @marchmadness Virginia the only #1 seed to ever lost to\xe2\x80\xa6 https://t.co/UEjZWyb6Z2',"Memphis, TN",0.0,1.0
2020-03-23 04:37:15,"b'@bigbenny999 @LibbyDoggett1 @LanceClark312 @SportsCenter @marchmadness Ok, \xe2\x80\x9cbigbenny\xe2\x80\x9d. Imma go out on a limb and sa\xe2\x80\xa6 https://t.co/79QWFEhflT'","Utah, USA",0.5,0.5
2020-03-23 04:13:06,b'Spent part of the day watching old @Raptors and @marchmadness games. Weird sense of normalcy in a time that is anyt\xe2\x80\xa6 https://t.co/5Tj7ofbtG8',"Delta, British Columbia",-0.16666666666666666,0.43333333333333335
2020-03-23 04:09:40,b'@UCLAMBB @UCLAAthletics @kaj33 @olskool888 @RealTracyMurray @marchmadness Go bruins all day every day!',"Los Angeles, CA",0.0,0.0
2020-03-23 04:09:34,b'I think the canceling of the @marchmadness tournament is why Kentucky took #covid19 so seriously.',"Sarasota, FL",-0.3333333333333333,0.6666666666666666
2020-03-23 04:08:51,"b'@ChrisBHaynes @YahooSports Would have been in Cleveland this weekend for @marchmadness . Next year, I hope.'",All over,0.0,0.0
2020-03-23 03:54:36,"b'You know I miss @marchmadness, @MLB , @NBA , @PGATOUR all sports shows in general. Then I go through my TL and see\xe2\x80\xa6 https://t.co/FYzRC9U3uR'","Illinois, üá∫üá∏ ",0.05000000000000002,0.5
2020-03-23 03:53:56,b'@tschlek @marchmadness I loved Ed Obannon',"Harrold, South Dakota",0.7,0.8
2020-03-23 03:53:51,b'@m4tthewmcginni2 @marchmadness @UTEP_MBB @UMBCAthletics @DukeMBB @BYUbasketball @aggiembk had the greatest comeback\xe2\x80\xa6 https://t.co/VtTIyA0vaU',,1.0,1.0
2020-03-23 03:42:50,b'@DrewMaddux @DukeMBB @dukebasketball @KentuckyMBB @marchmadness @NCAA @CBSSports @CBSSportsNet Me too!',"Nashville, TN",0.0,0.0
2020-03-23 03:36:42,b'@VikingBoysHoop @marchmadness Haha think I need to take up painting \xf0\x9f\x98\x82\xf0\x9f\x98\x85',"Andover, MA",0.2,0.3
2020-03-23 03:32:32,b'@RoseannaRawlins @marchmadness @CBS @DR34M It does. I loved it',"any bookstore, anytime.",0.7,0.8
2020-03-23 03:28:09,b'@MaryG0401 @marchmadness @CBS @DR34M Kind of helps our addiction!',,0.75,0.9
2020-03-23 03:26:11,b'@RussEisenstein @marchmadness @OhioBobcats @LearfieldAudio @robcwv @JohnGroce @UNC_Basketball Have you posted the M\xe2\x80\xa6 https://t.co/LDts2O6Y7J',"Washington, DC",0.0,0.0
2020-03-23 03:25:55,b'@RoseannaRawlins @marchmadness @CBS @DR34M Yes! I saw the Villanova game today',"any bookstore, anytime.",-0.4,0.4
2020-03-23 03:24:58,b'@MaryG0401 @marchmadness Did you notice that @CBS sports showed some NCAA championship reruns?\n@DR34M Hakeem looked\xe2\x80\xa6 https://t.co/alQFdyUWMP',,0.0,0.0
2020-03-23 03:22:30,b'#stuckathome and without #MarchMadness get these for your drinks https://t.co/Pa07cfwg1Z #MarchMadness2020\xe2\x80\xa6 https://t.co/Jajne0GO5P',,0.0,0.0
2020-03-23 03:19:09,"b""I really loved March Madness. I'm missing you \xf0\x9f\x98\x90\xf0\x9f\x8f\x80\n@marchmadness https://t.co/xQgQ9fjGpa""","any bookstore, anytime.",0.24999999999999997,0.42500000000000004
2020-03-23 02:50:36,"b""@J_Turn14 @marchmadness Well you've got me beat on that one. Big upset for sure.""",Georgia,0.25,0.4944444444444444
2020-03-23 02:47:42,b'@fmb_Jamie @marchmadness @GatorsMBK @umichbball @Chiozza11 @BarstoolBigCat I believe this was the result https://t.co/6fcBeHAUPo',"Maitland, FL",0.0,0.0
2020-03-23 02:46:58,b'@Lovemy5little1s @marchmadness @danielrainge @BYUbasketball @TreyBurke @umichbball hop off the app',"San Carlos, CA",0.0,0.0
2020-03-23 02:45:56,b'I have successfully folded a fitted sheet in to something resembling a rectangle.  let your records reflect that th\xe2\x80\xa6 https://t.co/S9ZL2kI7st',North Metro ATL,0.75,0.95
2020-03-23 02:42:32,b'@tschlek @marchmadness Go Bruins!',,0.0,0.0
2020-03-23 02:42:24,b'Got my Hunger Games 2020 Bracket seeding complete! @ESPNStatsInfo @espn @marchmadness @MyFantasyLeague\xe2\x80\xa6 https://t.co/GGpNeMelI2',"Jackson, OH",0.125,0.4
2020-03-23 02:25:03,b'@DaveKreczko @SportsCenter @marchmadness False that was a perfectly legal play',,-0.10000000000000003,0.4
2020-03-23 02:16:01,b'@marchmadness @danielrainge @BYUbasketball @TreyBurke @umichbball LMAO the fact that trey burke  is going to advance is a JOKE',,0.6,1.0
2020-03-23 01:57:16,b'@MrDriessel @KUHoops @CoachBillSelf @NCAA @marchmadness Even better replay tonight on ESPN! https://t.co/OcB7X1o9d3',,0.625,0.5
2020-03-23 01:56:21,b'@tschlek @marchmadness You need to really treat your kids and pull out some Mobridge games from 96!',,0.25,0.2
2020-03-23 01:55:21,b'@marchmadness @jimmerfredette @BYUbasketball @BronsonK_24 @BadgerMBB This checkout their page @drav87',Wausau WI,0.0,0.0
2020-03-23 01:53:15,b'@DTRcommish @PapaJohns @BurgerKing @marchmadness @TimHall971 @Chops971 @BrandonBeam971 @971thefan @971BLS @Bcarp3\xe2\x80\xa6 https://t.co/dN2PDyjkVg',Check out DTIX in 2019!!!,0.0,0.0
2020-03-23 01:52:38,b'Paint night at our house. Some of us are going thru withdrawals with no NCAA Tournament @marchmadness https://t.co/cI2h2m9jl3',,0.0,0.0
2020-03-23 01:52:06,b'Tonight\xe2\x80\x99s @marchmadness game.....UCLA vs Arkansas in the 1995  Men\xe2\x80\x99s National Championship Game!\xe2\x80\xa6 https://t.co/ULLbs0Tv55',"Sioux Falls, South Dakota",0.0,0.0
2020-03-23 01:41:51,b'@DrewMaddux @NXTLVLNSH @DukeMBB @dukebasketball @KentuckyMBB @marchmadness @NCAA @CBSSports @CBSSportsNet The fact\xe2\x80\xa6 https://t.co/5m96tmJRxO',"Tennessee, USA",0.0,0.0
2020-03-23 01:36:23,b'@marchmadness @CJMcCollum @LehighMBB @MercerMBB CJ was an is a problem',,0.0,0.0
2020-03-23 01:34:47,b'@westwood1sports @KUHoops @marchmadness @KUAthletics @WakeMBB Thanks for having me.',"Winston-Salem, NC",0.2,0.2
2020-03-23 01:34:28,"b""@anthony__albano @espn @E60 @NBA @marchmadness @NCAA I don't think I'm ok with that. Can we discuss? I'm certain th\xe2\x80\xa6 https://t.co/Kfidq8LfBi""","Salvador, Bahia ",0.35714285714285715,0.5357142857142857
2020-03-23 01:30:02,b'8:30 action is #4 @OregonMBB @OregonCheer @CoachAltmanUO\nVs\n#5 @PennStateMBB @Coach_Chambers @PennStateAlums\xe2\x80\xa6 https://t.co/1kE4djfNmI',,0.1,0.1
2020-03-23 01:25:50,b'@marchmadness @umichbball @Chiozza11 @GatorsMBK I\xe2\x80\x99m the best Jordan Poole Stan account drop a follow for the culture',,1.0,0.3
2020-03-23 01:19:38,b'@marchmadness @umichbball @Chiozza11 @GatorsMBK @CadenCollins20 please vote for this',,0.0,0.0
2020-03-23 01:14:43,b'@CedGolden @kbohls @marchmadness @NBA The point is to isolate all participants until they know they are symptom fre\xe2\x80\xa6 https://t.co/OqGyL9RlV5',,0.0,0.0
2020-03-23 01:05:20,b'@LibbyDoggett1 @illoutsmartyou @LanceClark312 @SportsCenter @marchmadness I already am. Making 7 figures baby.  Vir\xe2\x80\xa6 https://t.co/skH014eb4Z',"Memphis, TN",0.0,0.0
2020-03-23 01:02:37,"b'Dear @NBA @NFL @NHL @MLB @MLS @PGA @WNBA @marchmadness @NCAAFootball @NCAA \n\nThis song is for you. \n\nLove,\n\nAll of\xe2\x80\xa6 https://t.co/BXy89TRqeZ'","Pittsburgh, PA",0.5,0.6
2020-03-23 00:44:03,"b'@LeninFunkoPop @CBSSportsCBB @CBSSports @marchmadness Enjoyed all those games as a kid except the State-UCLA game,\xe2\x80\xa6 https://t.co/74a82nGjpn'",,0.5,0.7
2020-03-23 00:39:54,b'@bfelderjax @CBSSportsCBB @CBSSports @marchmadness Great list',From the upstate,0.8,0.75
2020-03-23 00:39:24,b'@NMStateMBB @marchmadness It is starting! @March2K20',U.S.A.,0.0,0.1
2020-03-23 00:37:19,b'5. 1990 UNLV vs Loyola-Marymount\n4. 1989 Michigan vs Seton Hall \n3. 1987 Indiana vs Syracuse \n2. 1974 NC St vs UCLA\xe2\x80\xa6 https://t.co/xECb5zDCay',,0.0,0.0
2020-03-23 00:30:35,b'@marchmadness @BadgerMBB @MagicJohnson @MSU_Basketball @IndStMBB The fact that this vote was so close speaks volume\xe2\x80\xa6 https://t.co/6a1inBJWbx',,0.0,0.0
2020-03-23 00:28:06,b'@marchmadness @umichbball @Chiozza11 @GatorsMBK The shot you made needs to be in the finals @JordanPooleWrld',"Michigan, USA",0.0,0.0
2020-03-23 00:23:56,"b'Leaving this here with the suggestion to @CBSSports that championship Monday should just be a ""One Shining Moment""\xe2\x80\xa6 https://t.co/JhCTdAKaBv'","Havertown, PA",0.0,0.0
2020-03-23 00:20:33,"b""@lindseypsmith @marchmadness I know my audience \xf0\x9f\x98\x89. I'm watching the final season now,  gonna miss that show!""","Chapel Hill, NC",0.0,1.0
2020-03-23 00:16:40,b'@marchmadness @PackMensBball @UNC_Basketball No reason Pack and Jimmy V should be a fouth seed.  Has already been crowned',"Wilson, NC",0.0,0.0
2020-03-23 00:14:59,b'@badry90 @esketitttt_ @marchmadness @PackMensBball @UNC_Basketball Agrred',"Wilson, NC",0.0,0.0
2020-03-23 00:14:44,b'@marchmadness I miss you \xf0\x9f\x98\x93',‚ö∞Ô∏è,0.0,0.0
2020-03-23 00:14:27,"b'@marchmadness @PackMensBball @UNC_Basketball Nothing compares to 83. In a history of moments, you just couldn\xe2\x80\x99t scr\xe2\x80\xa6 https://t.co/NEJSUkvC6f'","Wilson, NC",0.0,0.0
2020-03-23 00:08:26,b'Another result is in! #warnerfamily @marchmadness @jppalmCBS @CoorsLight \n#3 @MSU_Basketball #izzo @MSUHoopsFan vs\xe2\x80\xa6 https://t.co/WaYuOaSfBV',,0.0,0.0
2020-03-23 00:03:29,"b""@marchmadness @umichbball @Chiozza11 @GatorsMBK Poole's shot still gives me chills. #GoBlue""","Illinois, USA",0.0,0.0
2020-03-23 00:01:32,b'@SportsCenter @marchmadness Totally agree!!! Never tired of replay.',"Mission Viejo, CA",0.1,0.725
2020-03-23 00:00:39,"b'@marchmadness @umichbball @Chiozza11 @GatorsMBK Both are great shots, but it\xe2\x80\x99s rare that you see a full length-of-t\xe2\x80\xa6 https://t.co/iNgT3zilK8'","Virginia Beach, VA",0.4833333333333334,0.7333333333333334
