2020-04-11 19:13:45,"b'Many #Non_Muslims will not read the #Quran and #Hadith, they will read YOU...\n\nBe a good #ambassador of #Islam.  \xf0\x9f\x92\x9a'",‡§≠‡§æ‡§∞‡§§,0.6,0.55
2020-04-11 18:05:17,"b'#Hadith\n\nNarrated Abu Huraira:\n\nThe Prophet (\xef\xb7\xba) said, ""Among the nation of Bani Israel who lived before you, there\xe2\x80\xa6 https://t.co/Wbu3WUnYub'",,0.0,0.0
2020-04-11 18:04:02,"b'#Hadith \n\nNarrated \'Abdullah bin \'Amr:\n\nthat the Prophet (\xef\xb7\xba) said: ""It shall be said - meaning to the one who memor\xe2\x80\xa6 https://t.co/TgL7m45Xs5'",,0.0,0.0
2020-04-11 17:23:20,"b'I have never done this on Twitter, but never say never!\nFollow this lady, her profile says 94 year young! We need m\xe2\x80\xa6 https://t.co/YuDVyMNPq2'","Stockholm, Sweden",0.125,0.4
2020-04-11 17:21:14,"b'Abu Hurairah narrated that the Messenger of Allah (s.a.w) said:\n""Use this black seed. For indeed it contains a cure\xe2\x80\xa6 https://t.co/mZxAFklHuU'",,-0.16666666666666666,0.43333333333333335
2020-04-11 17:10:13,"b'Raise, like an approaching morning \xf0\x9f\x8c\x85.\n\nPut your Trust in #Allah !.\n\nFind solace in this amazing #dua \xf0\x9f\x91\x87\n\n#hope\xe2\x80\xa6 https://t.co/R9mZSlgD2Q'","Kampala, Uganda",0.30000000000000004,0.45
2020-04-11 17:09:24,"b""#hadith #HadithOfTheDay #IslamicQuotes \n\nNarrated Thumama bin 'Abdullah (Radi-Allahu 'anhu)\n\nAnas never used to ref\xe2\x80\xa6 https://t.co/tYLLDUIAkb""",,0.0,0.0
2020-04-11 15:19:44,"b""(4/4) ... \n\n\xf0\x9f\x8e\x81 By giving your donations to https://t.co/CmyT8v95Oi, you've become a part of Islamic da'wah. May Alla\xe2\x80\xa6 https://t.co/vEdrnaVHT5""","Tangerang, Indonesia",0.0,0.0
2020-04-11 14:59:39,b'How are you spending your weekend?\n.\n.\n.\n\xc2\xa0#islam #muslim #islamicbooks #childrenbooks #picturebook #hijab\xe2\x80\xa6 https://t.co/PQIpxjZq51',,0.0,0.0
2020-04-11 14:47:26,"b""'(There is) no 'Adwa (no contagious disease is conveyed without Allah's permission). nor is there any bad omen (fro\xe2\x80\xa6 https://t.co/Fm9BsNr6co""","Karachi, Pakistan",-0.6999999999999998,0.6666666666666666
2020-04-11 14:46:32,"b'\xe2\x80\x9cFeed the hungry and visit a sick person, and free the captive, if he be unjustly confined. Assist any person oppre\xe2\x80\xa6 https://t.co/OaDKYJd5Os'","Karachi, Pakistan",-0.03809523809523809,0.7523809523809524
2020-04-11 14:17:59,"b'tranquil, and wrongdoing is that which wavers in the soul and moves to and from in the breast even though people ag\xe2\x80\xa6 https://t.co/wt1sgD2D2L'","Abuja, Nigeria",0.0,0.0
2020-04-11 13:31:24,"b'(2/2) ... \n\n\xf0\x9f\x93\xa5 Dear brothers and sisters, help us meet our Ramadan goals of iftar and suhoor provision for poor orph\xe2\x80\xa6 https://t.co/zBU4tR5FjW'","Tangerang, Indonesia",-0.4,0.6
2020-04-11 13:14:35,"b'#Prayer no.17\n""Prayer for attaining Righteousness""\n\nShare your video when memorised the prayer \xf0\x9f\x91\x89\xf0\x9f\x8f\xbc\xf0\x9f\x91\x89\xf0\x9f\x8f\xbc\xf0\x9f\x91\x89\xf0\x9f\x8f\xbc @MKA_TALIM or\xe2\x80\xa6 https://t.co/Rw7mBua8wT'",United Kingdom,0.0,0.0
2020-04-11 12:49:47,b'Description of the physical appearance of the #PromisedMessiah in the latter days #Hadith. @alislam @Ahmadiyya\xe2\x80\xa6 https://t.co/6aEkLlV1vs',"Ottawa, Ontario",0.0,0.07142857142857142
2020-04-11 12:29:12,"b'""Exchange gifts, as that will lead to increasing your love to one another"" - Prophet Muhammad (S.A.W)\n\n #Hadith #Sunnah'",,0.5,0.6
2020-04-11 11:46:22,"b'The Prophet \xef\xb7\xba said: \n\n""A man\xe2\x80\x99s status will be raised in Paradise and he will ask, \n\n\xe2\x80\x98How did I get here?\xe2\x80\x99 \n\nHe will\xe2\x80\xa6 https://t.co/jPue8i71NO'",Darul kufr,0.0,0.0
2020-04-11 11:42:31,"b""@mohamed11533523 @Satish96755044 Sorry, I was literally 'taking a hike' so couldn't respond. There isn't proof? Ple\xe2\x80\xa6 https://t.co/EOFFuLZCQ8""",The Fragrant Harbour,-0.5,1.0
2020-04-11 11:16:30,"b""Abu Huraira (Allah be pleased with him) reported Allah's Messenger (\xef\xb7\xba) as saying:\nWhen a man dies, his acts come to\xe2\x80\xa6 https://t.co/xybCg7X8HR""",,0.5,1.0
2020-04-11 10:45:56,"b'Quran Academy Yaseenabad, Block 9, Federal B. Area, Karachi, contact no. 92-21-36806561 / 0331-7292223\n#Corona\xe2\x80\xa6 https://t.co/huTr8TlcAU'","Karachi, Pakistan",0.0,0.0
2020-04-11 10:40:57,b'Prophet Muhammad (\xef\xb7\xba) said: \n\n\xe2\x80\x9cWhoever sits in his house so that the people are safe from him and he is safe from th\xe2\x80\xa6 https://t.co/xTHJgmUad0',,0.5,0.5
2020-04-11 10:22:00,"b'""Of the excellence of one\xe2\x80\x99s Islam is that he leaves that which does not concern him""\n\n(Tirmidh\xc4\xab, A\xe1\xb8\xa5mad)\n\n#Hadith\xe2\x80\xa6 https://t.co/xVDGYRQBs6'",,0.0,0.0
2020-04-11 09:57:35,b'#Prophet_Muhammad\xef\xb7\xba\xe2\x9d\xa4\xef\xb8\x8f\n once said while addressing the #Kabah\nThe honour of a Momin is greater than you\n(Sunan Ibn Ma\xe2\x80\xa6 https://t.co/RZvaLHWZYd',ÿßŸÑŸÑ€Å ⁄©€å ŸæŸÜÿß€Å‚Å¶‚ù§Ô∏è‚Å©,0.5,0.5
2020-04-11 08:59:09,b'Service to mankind is the essence of Islam.\n#Hadith #HadithOfTheDay #StayHomeStaySafe https://t.co/yrl2BZ1PXE',"Hyderabad, Pakistan",0.0,0.0
2020-04-11 08:40:07,"b""Remedy from Qur'an-E-Kareem\n#Hadith #Goldenwords #updatesonislam #Tumblr #Linkedin #Googleplus #Facebook #Pinterest\xe2\x80\xa6 https://t.co/qidZYFjHEc""","Bengaluru, India",0.0,0.0
2020-04-11 08:39:45,"b""Remedy from Qur'an-E-Kareem\n#Hadith #Goldenwords #updatesonislam #Tumblr #Linkedin #Googleplus #Facebook #Pinterest\xe2\x80\xa6 https://t.co/0x9AmpoEZW""","Bengaluru, India",0.0,0.0
2020-04-11 08:39:14,b'Golden Words\n#Hadith #Goldenwords #updatesonislam #Tumblr #Linkedin #Googleplus #Facebook #Pinterest #Twitter\xe2\x80\xa6 https://t.co/VXWQDPBDnS',"Bengaluru, India",0.3,0.5
2020-04-11 08:39:04,b'Hadith of the Day !!\n#Hadith #Goldenwords #updatesonislam #Tumblr #Linkedin #Googleplus #Facebook #Pinterest\xe2\x80\xa6 https://t.co/G8u44O6Kmw',"Bengaluru, India",0.0,0.0
2020-04-11 08:28:46,b'Short daily Hadith reminders with Sheikh Waseem Ahmed - \xe2\x80\x9cSigns of Hypocrisy\xe2\x80\x9d \n\n#3Meem #Hadith #Reminders \n\nhttps://t.co/X2LO6ZyPrn',"Sale, Trafford, United Kingdom",0.0,0.15
2020-04-11 04:52:30,b'#Hadith saying of the Holy prophet Muhammad saw\n#ahmadiyyat #ahmadiyya #ourteaching https://t.co/fFCzS69kY5',.....,0.0,0.0
2020-04-11 03:06:12,"b'Did you know that Prophet Muhammad(pbbuh) said:""Allah would torment those persons who torment people in the world.""? #Islam #Muslims #Hadith'",,0.0,0.0
2020-04-11 02:32:57,"b""(2/2) ... \n\n\xf0\x9f\x8e\x81 It's 13 days to Ramadan. Giving food to iftar will get rewards as much as the fasting people you help\xe2\x80\xa6 https://t.co/4Asam2chwX""","Tangerang, Indonesia",0.2,0.2
2020-04-11 01:00:08,"b'#Hadith\n\nProphet Muhammad (PBUH) said : "" By Allah! I ask for forgiveness from Allah and turn to Him in repentance\xe2\x80\xa6 https://t.co/vHNENlYHrb'",Karachi  - Pakistan ,0.0,0.0
2020-04-11 00:21:38,"b""We have not granted immortality to any human before you (O Prophet): so if you die, will they live forever? [Qur'an\xe2\x80\xa6 https://t.co/YcfaGHqBBi""",,0.06818181818181818,0.3
2020-04-11 21:10:49,b'#HappyEaster With a group of sheep pictures from Syria and Iraq\n\nOne of the photos was taken by me in the countrysi\xe2\x80\xa6 https://t.co/ueVO79ZL6T',northeastern Syria,0.0,0.0
2020-04-11 21:04:30,b'PLEASE SIGN \xe2\x9c\x8d\xef\xb8\x8f for Syrians facing COVID-19 - the English translation is further down the page:\n\n#COVID_19 #Syria\xe2\x80\xa6 https://t.co/bAI2o2Folb',üá™üá∫ European Union,-0.051851851851851864,0.262962962962963
2020-04-11 21:00:07,b'#Putin promoted #Russian weapons which he tried in #Syria and killed thousands of #Syrians. Now will he develop a v\xe2\x80\xa6 https://t.co/hc08Vimshz',,-0.1,0.0
2020-04-11 20:54:52,b'Syrian National Defence Forces engineering personal during clearance of IEDs and mines left behind by the ISIS terr\xe2\x80\xa6 https://t.co/Lqwo3nhNCQ',home,-0.13333333333333333,0.3333333333333333
2020-04-11 20:48:42,b'Syrian internal security services new recruits during their tactical training at a ministry of interior facility\xe2\x80\xa6 https://t.co/uIypwuVDLI',home,0.06818181818181818,0.22727272727272727
2020-04-11 20:44:53,b'Joint Russian-Turkish forces on Friday conducted a two-hour patrol in northeast Syria along the Turkish border.\xe2\x80\xa6 https://t.co/V7z1n5whcx',,0.0,0.0
2020-04-11 20:44:11,"b'\xf0\x9f\x87\xae\xf0\x9f\x87\xb7\xf0\x9f\x87\xb8\xf0\x9f\x87\xbe\xf0\x9f\x87\xb1\xf0\x9f\x87\xa7 #Video showing the alleged leader of the first legion in the #Syria|n Army, General Ali Ahmed Assad touring\xe2\x80\xa6 https://t.co/uv7cvRT2XS'",Ankaraüáπüá∑||,0.06666666666666667,0.3111111111111111
2020-04-11 20:39:30,"b'With the US illegally occupying #Syria\xe2\x80\x99s oil fields, it\xe2\x80\x99s time for Syria to look into nuclear energy. \xe2\x98\xa2\xef\xb8\x8f \n\nIf Israe\xe2\x80\xa6 https://t.co/jJsyij6lkY'",Australia,-0.5,0.5
2020-04-11 20:37:53,"b'#coronavirus in #Syria: #Idlib under threat of war in war\nBarely recovered from bomb containment, residents of the\xe2\x80\xa6 https://t.co/zI7tbv4kvn'",Syria ,0.05,0.1
2020-04-11 20:37:37,b'Joint Russian-Turkish forces on Friday conducted a two-hour patrol in northeast Syria along the Turkish border.\xe2\x80\xa6 https://t.co/JR7CIdasu2',"Erbil, Kurdistan",0.0,0.0
2020-04-11 20:32:35,b'Turkey sends new batches of Syrian mercenaries to Libya as many volunteers killed in recent battles\xe2\x80\xa6 https://t.co/vCUqYXOv0W',,0.10909090909090909,0.30113636363636365
2020-04-11 20:31:15,b'#US Peace Council calls for lifting coercive measures imposed on more than thirty countries\n#vannewsagency #Syria\xe2\x80\xa6 https://t.co/oiZ9oQgGfi',,0.5,0.5
2020-04-11 20:23:55,"b'Good night, my beautiful #Syria #gn #Hermon https://t.co/urOgrlHWlv'",Syria,0.7749999999999999,0.8
2020-04-11 20:20:34,b'I feel this lockdown is Punishment from our creator because we didn\xe2\x80\x99t care about our brothers. #Syria #Kashmir\xe2\x80\xa6 https://t.co/sB3WdXzCqd',Indian Occupied Kashmir,0.0,0.0
2020-04-11 20:11:28,b'The OPCW is used as a political tool against Syria https://t.co/BEyE4XKYUF #syria',"Zagreb, Croatia",0.0,0.1
2020-04-11 20:06:05,b'Consider all these numbers just an amount of dead people in Iraq or in Syria under your bombs. Going to fly more je\xe2\x80\xa6 https://t.co/00cTQmNsQr',"Drama, Greece",0.3666666666666667,0.6
2020-04-11 20:05:13,b'Clean and safe water supply is an essential part of preventing and protecting people from #COVID19. \n\n@UNDP #Syria\xe2\x80\xa6 https://t.co/wonC6M0jst',Syria,0.2888888888888889,0.5000000000000001
2020-04-11 20:04:26,b'The United States has set a $ 10 million reward for information leading to the capture of #Hezbollah commander al-K\xe2\x80\xa6 https://t.co/RfhRaw7SgX',"Eu,",0.0,0.0
2020-04-11 19:58:03,b'#UAE calls on world to help #Syria during coronavirus outbreak https://t.co/P8i2KRG3CG',,0.0,0.0
2020-04-11 19:57:47,b'The #Euphrates banks in #Raqqa #Syria 2008 https://t.co/SPvy59xLPM',Raqqa,0.0,0.0
2020-04-11 19:55:55,"b'Now! You all know sure that the #UnitedStates never won a war, right? \xf0\x9f\xa4\x94\nYes, of course you do!\n\n#WorldWarII was won\xe2\x80\xa6 https://t.co/lFEAD3UZB7'",¬ª‚ùÇ‚ú´‚Ä¢‚ô´*‚ùÅ‚òÖ‚Ñï‚à™‚Ñú·èï“º‚òÖ‚ùÅ*‚ô´‚Ä¢‚ú´‚ùÇ¬´,0.42857142857142855,0.7123015873015872
2020-04-11 19:50:58,"b'#Free_Syrian_Army\n#AlNasr_Army\nWe announce the martyrdom of ""Ibrahim Al-Akhras"" In the western countryside of Hama\xe2\x80\xa6 https://t.co/udBwtce4BI'",,0.0,0.0
2020-04-11 19:49:00,"b""@StevieHollywood @AmandaFBelfast @GerryCarrollPBP Ask the people of #Iraq #Afghanistan #Libya #Syria #Yemen etc 'mate'""",32 Counties.,0.0,0.0
2020-04-11 19:31:40,b'Six new #COVID19 cases have been announced by #Syria\xe2\x80\x99s MoH. The total of the officially reported cases is now 25 (i\xe2\x80\xa6 https://t.co/KWODlK28P4',"Brighton, UK",0.06818181818181818,0.6022727272727273
2020-04-11 19:26:14,b'@InstituteGC I thought #Venezuela is a democratic country. \n\nOr you meant the kind of Democrazy you and your #NATO\xe2\x80\xa6 https://t.co/nxtX9jpBFl',"London, England",0.6,0.9
2020-04-11 19:22:13,"b""After protesting the 'ridiculous' prices, the angry old Damascene gesticulates with his arm and says to the state t\xe2\x80\xa6 https://t.co/O0QgCtXL47""",,-0.24444444444444444,0.7333333333333334
2020-04-11 19:20:30,b'The Israeli military has threatened to strike the positions in #Syria of the Lebanese Hezbollah resistance movement\xe2\x80\xa6 https://t.co/SLDjRryVTN',Stockholm for now,-0.1,0.1
2020-04-11 19:20:03,b'Emergency ambulance services are one of the most important works our #WhiteHelmets teams provide to the civilians i\xe2\x80\xa6 https://t.co/H5s3i1ho6A',Syria,0.45,0.75
2020-04-11 19:13:58,b'Criminals in #Syria like Bashar Al-Assad have to pay for their crimes against humanity https://t.co/UwjCnj36Fm',"Paris, France",0.0,0.0
2020-04-11 19:08:05,"b""@ohboywhatashot Are you sure that's #Belgium and Not #Syria ?""",,0.5,0.8888888888888888
2020-04-11 19:06:59,b'Meanwhile in #Syria \nhttps://t.co/PlxLim3XYR',Mtl / Paris / SF / LA / Beirut,0.0,0.0
2020-04-11 19:06:05,b'#Syria Rejects Fabricated OPCW Report on Chemical Attacks https://t.co/yqVytPUWEA #ChemicalWeaponsAttack\xe2\x80\xa6 https://t.co/QjPG6P35JG',Los Angeles - Belgrade - CDMX ,0.0,0.75
2020-04-11 19:00:17,b'\xe2\xad\x95#Syria extends the time its schools and universities will remain closed till April 2.\n\n\xe2\xad\x95A fifth #Coronavirus case\xe2\x80\xa6 https://t.co/ycU9epFj6w',,-0.1,0.1
2020-04-11 18:55:49,b'Good Evening \none of our great terrace in private villa designed by ACC \n#ACC #AlMasriContractingCo #designer\xe2\x80\xa6 https://t.co/YLaQD6dARh',,0.5,0.5750000000000001
2020-04-11 18:54:37,b'@quaereverum82 @jamie5exton @AmandaFBelfast @BeattieDoug Ask the people of #Iraq #Afghanistan #Libya #Syria #Yemen what they think? \xf0\x9f\x91\x8d',32 Counties.,0.0,0.0
2020-04-11 18:53:29,"b'Featured articles include: awareness in the time of #CoronaVirus, #Russia|n patrols on the M4, interview with SSG M\xe2\x80\xa6 https://t.co/hzezQbgFk2'","Afrin, Syria",0.0,0.0
2020-04-11 18:53:10,b'@AbdulkaderMB Very touching \n\n#Radicalislamicterror has failed #syria #iraq #yemen #libya #somalia #Afghanistan and\xe2\x80\xa6 https://t.co/YHHnDUCUdM',,0.07500000000000001,0.475
2020-04-11 18:53:09,b'@Free_Media_Hub These news always warm my heart. So much aid gets stolen and misappropriated. #Syria #Idlib',"Los Angeles, CA",0.4,0.4
2020-04-11 18:50:31,b'Crews of 2 Russian warships quarantined after returning from #Syria  #Russia   https://t.co/GWQPBdl7k3',"Toronto, Ontario",0.0,0.0
2020-04-11 18:49:22,"b'@AnwarGargash @GeirOPedersen Syrian ppl ll appreciate when #UAE confiscate Rami Makhkouf , Bushara al-Assad,Sam foz\xe2\x80\xa6 https://t.co/x73srzgQoC'",United States,0.0,0.0
2020-04-11 18:44:54,"b'#syria solution after how long? I know a lot but 2011, 13? Evil death increases, loyalty, acclamation, access more than when.'","Greater Manchester, England",-0.18333333333333335,0.6333333333333333
2020-04-11 18:38:13,b'If you get tired of sitting at your house...Remember the one who dies a thousand times every day just praying for a\xe2\x80\xa6 https://t.co/RNSENPsNJq',Syria,-0.4,0.7
2020-04-11 18:33:45,"b'#QRCS readies #hospitals, care centres to tackle #Covid19 cases in #Syria\n#RedCrescent #health #community  https://t.co/speQcG4kul'",Al Hilal - C Ring Road,0.0,0.0
2020-04-11 18:32:50,"b""#Syria's economy was already suffering before the #coronavirus_pandemic hit.""",Turkey,0.0,0.0
2020-04-11 18:32:34,"b'@AntonioGuterres @UNGeneva @UN @EUCouncil Sanctions on ""Syria al Assad"" did not hinder Butcher #Assad intentional g\xe2\x80\xa6 https://t.co/KLkbC0rrG6'",,0.0,0.0
2020-04-11 18:30:51,b'The OPCW is used as a political tool against Syria https://t.co/c1DmXpsizj #Syria #falseflag #OPCW #Douma via @theduransite',,0.0,0.1
2020-04-11 18:30:18,"b""Dr. Ali Kanan (Head of Banking Department, Damascus University) estimated the loss of #Syria's economy due to the\xe2\x80\xa6 https://t.co/cpbYYlfiWz""",Turkey,-0.125,0.375
2020-04-11 18:28:44,"b'#HTS Hayat Tahrir al-Sham, through its #Ebaa news outlet, releases issue #93 of its newsletter #Idlib #Syria https://t.co/XUkaIMv9SC'","Afrin, Syria",0.0,0.0
2020-04-11 18:28:09,"b'Today IS militants clashed with #Russian and #Iranian militias in Assukhna, #Syria. There were recent reports that\xe2\x80\xa6 https://t.co/wYsh0LIZab'","London, England",0.0,0.125
2020-04-11 18:27:22,"b""A third of #Syria's housing stock and thousands of #schools have been destroyed during the conflict, forcing some 4\xe2\x80\xa6 https://t.co/h3DNJlMcIs""",StayHome WashHands Masturbate,0.0,0.0
2020-04-11 18:26:57,"b'Turkey, Russia discuss Syria situation\nhttps://t.co/IFDgt1gnRd\n\n#Turkey #Russia #Syria \n\n@trpresidency @RTErdogan\xe2\x80\xa6 https://t.co/S7Hg9UC9kC'",Pakistan,0.0,0.0
2020-04-11 18:23:01,"b'#Syrian local sources reported #Russian combat aircraft targeting locations between #homs and #DeirEzzor, #Syria. H\xe2\x80\xa6 https://t.co/W1OQKdY5fy'","London, England",0.0,0.0
2020-04-11 18:22:21,"b'""Out of suffering have emerged the strongest souls; the most massive characters are seared with scars"" .KHALIL GIBR\xe2\x80\xa6 https://t.co/Wg34RfZeVQ'",Syria,0.25,0.75
2020-04-11 18:20:00,b'The #US Peace Council called on the US administration and the #UN to immediately lift unilateral coercive economic\xe2\x80\xa6 https://t.co/nYUJY5ePU9',,-0.5,0.7
2020-04-11 18:19:58,b'Fantastic update from @hassan_akkad Following his moving interview with @GMB about his work with @NHSUK viewers don\xe2\x80\xa6 https://t.co/VycCpvelQO',London,0.2,0.5
2020-04-11 18:18:47,b'The world is paying the price for keeping quite on Horrendous crimes by the world Tyrants. #Kashmir #Syria #Palestine #lockdown #corona.',Pakistan,0.0,0.0
2020-04-11 18:17:16,b'A must-ready by @4Bassam on The Reordering of Power Relations and the Syrian Political Economy\xe2\x80\xa6 https://t.co/becDlb3Ti0',,0.0,0.1
2020-04-11 18:16:14,b'The Only Time NATO Seems to Show \xe2\x80\x9cSolidarity\xe2\x80\x9d is when its Member-Nations  Attack and Destroy Weaker Foreign Countri\xe2\x80\xa6 https://t.co/3efnBEdDlD',,-0.10833333333333334,0.375
2020-04-11 18:15:06,b'5089 sites have been cleared since the launch of the sterilization campaign by the Syrian Civil Defense teams to pr\xe2\x80\xa6 https://t.co/qLmWmjGZAl',Syria,0.0,0.0
2020-04-11 18:12:02,"b""Suddenly, MBZ's minister who funds and supports #Assad, SDF/YPG in #Syria, Sisi in #Egypt, Khalifa Haftar in #Libya\xe2\x80\xa6 https://t.co/PejHqjk56I""","Istanbul, Turkey",0.0,0.5
2020-04-11 18:11:00,"b'Thabat, an #AlQaeda-affiliated #media outfit, has released a series of infographics in recent weeks intended to hig\xe2\x80\xa6 https://t.co/4aIgfzVd8F'","Washington, DC",0.0,0.25
2020-04-11 18:06:04,b'@Thomas1774Paine @JamesCarville bro you worked for two of the biggest serial killers ever.  @BillClinton\xe2\x80\xa6 https://t.co/gZ1Hl9nfkI',"Tempe, AZ",0.0,0.0
2020-04-11 17:53:26,"b'@realDonaldTrump failed all the more ""routine"" tests - #NorthKorea, #China, #NAFTA / #USMCA, #Syria, #Kurds,\xe2\x80\xa6 https://t.co/BEQQgGOZLA'",DFW TX USA,0.0,0.4
2020-04-11 17:43:40,"b'@jamie5exton @AmandaFBelfast @BeattieDoug Says history, #BritishArmy are #Vermin ask the people of #Iraq #Afghanistan #Libya #Syria #Yemen \xf0\x9f\x91\x8d'",32 Counties.,0.0,0.0
2020-04-11 17:42:11,b'Beautiful #Syria!\xf0\x9f\x87\xb8\xf0\x9f\x87\xbe\n#Maaloula one of the most beautiful place in the world! https://t.co/tsWmiGkLjl',Syria,0.7833333333333333,0.8333333333333334
2020-04-11 17:41:00,b'#Syria\xe2\x80\x99s Permanent Representative at the UN Dr. Bashar al-Jaafari stressed the need to lift the Western sanctions i\xe2\x80\xa6 https://t.co/gxzAwxFUDs',,0.0,0.0
2020-04-11 17:33:15,b'@MadManMassey Yes the #BritishArmy are known for their humanitarian actions across the world #Iraq #Afghanistan\xe2\x80\xa6 https://t.co/09yimo0dto',32 Counties.,0.0,0.0
2020-04-11 17:32:28,b'Beautiful #Syria! #Aleppo During the war &amp; after \xf0\x9f\x87\xb8\xf0\x9f\x87\xbe\xe2\x9c\x8c\xef\xb8\x8f\n #ISIS #beforeafter https://t.co/zXIcKhpBfR',Syria,1.0,1.0
2020-04-11 17:26:03,b'\xe2\x80\x98After war we now have this\xe2\x80\x99: Syrians grapple with poverty and #Coronavirus\n#Assad #Syria #Genocide \nhttps://t.co/VnxLuivTAf',Earth,0.0,0.0
2020-04-11 17:24:00,"b'Packing Chickpeas before distribution to families in #Syria\n\nChickpeas, a staple part of many Middle Eastern cuisin\xe2\x80\xa6 https://t.co/H1RCq1FOJL'",Middle East and North Africa,0.25,0.25
2020-04-11 17:22:00,"b""That's why I despise #US foreign policy in the Middle East so much.\n\nReplace #Syria with any other country and the\xe2\x80\xa6 https://t.co/1JgewBMhXg""",,-0.012499999999999997,0.175
2020-04-11 17:20:52,b'@sungmanitu2020 The question is how to do it All this children have known only suffering. These children are innoce\xe2\x80\xa6 https://t.co/tHNRrHn5kg',"Ostende, Belgique",0.0,1.0
2020-04-11 17:19:32,b'\xe2\x80\x9cServer does not exist\xe2\x80\x9d\xe2\x80\xa6 E-government in Syria is merely ink on paper \n\n#EnabBaladi #Syria \nhttps://t.co/zwCzymVLRV',Darayya,-0.5,0.5
2020-04-11 17:18:25,b'#Syria US foils Russian attempt to build a proxy militia in Syria:\nhttps://t.co/3wSqUhwWZX https://t.co/u332RwbkL0',,0.0,0.0
2020-04-11 17:17:20,"b'""#Syria\'s gov,as well as #Turkey\'s regime,carelessly lives residents of NE Syria:1st  by continuing2transport trave\xe2\x80\xa6 https://t.co/6oltCuG4w8'",ŒïŒªŒªŒ¨œÇ,0.0,0.0
2020-04-11 17:16:54,b'#Syria: Photo shows a fighter of Turkish racist-islamist group (Grey wolves) beheaded a soldier of Syrian Arab Army\xe2\x80\xa6 https://t.co/B3doVrKRbJ',Kurdistanüåû,-0.05,0.1
2020-04-11 17:13:29,"b'""Since emergence of #coronavirus in neighboring countries of #Syria, Autonomous Administration of N/E Syria has tak\xe2\x80\xa6 https://t.co/RYpnB0JKBS'",ŒïŒªŒªŒ¨œÇ,0.4,0.7
2020-04-11 17:10:11,"b'Arbitrary ""Child"" detention in #Sweden \n\nHostage due to the book https://t.co/kpOGHQ6F6k\nCourt order @SodertornsTR\xe2\x80\xa6 https://t.co/90m4dVhrbg'","Stockholm, Sverige",-0.1125,0.4875
2020-04-11 17:08:00,b'Hygiene and sterilization campaigns are being continued in various governorates as part of efforts to prevent the s\xe2\x80\xa6 https://t.co/J2w58FacIs',Syria,0.0,0.5
2020-04-11 17:06:00,b'H.E. @BasharAljafari1 @UN GA remote meeting to end #sanctions that hinder containment of #COVID19 .\n\n#Syria #WHO\xe2\x80\xa6 https://t.co/GRypLzN3Hf',,-0.1,0.2
2020-04-11 17:04:49,"b'Assad and ISIS are twin brothers\n\nOne cannot exist without the other, they are cut from the same cloth. \n\n#Syria ne\xe2\x80\xa6 https://t.co/Bi1LRz673n'",,-0.0625,0.25
2020-04-11 17:03:35,b'#Syria: The number of the patients who have recovered from #coronavirus rises from 4 to 5 out of 25 cases. Two pass\xe2\x80\xa6 https://t.co/ggqvaIDbCQ',Syria,0.0,0.0
2020-04-11 17:01:57,"b'#Syrians grapple with #poverty &amp; #coronavirus. In  2019, 83% of people across both government &amp; rebel parts of\xe2\x80\xa6 https://t.co/rZ1oDbX3Tc'",New York & Beirut,0.0,0.0
2020-04-11 17:01:36,b'#COVID19 update for #Syria https://t.co/Ahg5CUk0zX',SWEET HOME SYRIA ,0.0,0.0
2020-04-11 17:00:51,b'Head of the Czech Peace Movement Milan Krajca has renewed his call for lifting the unilateral coercive measures imp\xe2\x80\xa6 https://t.co/BsVxYtr9nG',,-0.5,0.7
2020-04-11 16:59:08,"b""@albatoul_b_k Situation looks not so bad... I hope #Syria won't suffer for this plague...""",Vicenza ‚ù§ ITALIA üáÆüáπ,-0.6999999999999998,0.6666666666666666
2020-04-11 16:57:01,b'#SYRIA\xf0\x9f\x87\xb8\xf0\x9f\x87\xbe:  The number of #coronavirus cases in Syria rises from 19 to 25 including 4 recoveries and 2 deaths. https://t.co/xqwYnHLbK2',Syria,0.0,0.0
2020-04-11 16:56:11,b'#Russia/n bombs rain more often than water in #Syria. Please donate to help victims: https://t.co/ZcNsWgvGAZ',United States,0.5,0.5
2020-04-11 16:53:04,"b'#SYRIA\xf0\x9f\x87\xb8\xf0\x9f\x87\xbe:  As a preventive measure against the #coronavirus pandemic,  the Syrian government extends the closure of\xe2\x80\xa6 https://t.co/oAKmSjUNj9'",Syria,0.0,0.0
2020-04-11 16:51:41,b'Syrian Ministry of Health: recovering one of the injuries recorded as #Corona #COVID19  bringing the number of case\xe2\x80\xa6 https://t.co/sFX9iRszlo',Russia,0.0,0.0
2020-04-11 16:51:21,b'Beyond the Square focuses on the spatial dynamics of the Arab uprisings.\n\nIf features contributors on #Algiers\xe2\x80\xa6 https://t.co/a60tgcDmqk',London,0.0,0.0
2020-04-11 16:50:48,"b'#\xd9\x85\xd9\x86\xd8\xa8\xd8\xac\nSelf-administration in the area of \xe2\x80\x8b\xe2\x80\x8b""Manbij"" imposed a fine of ""5000"" Syrian pounds on every person who viol\xe2\x80\xa6 https://t.co/82VLEe78lb'",jarablus,0.4166666666666667,0.5
2020-04-11 16:50:34,"b'#Syria| #Health Ministry: One more patient with #Coronavirus has recovered, raising the total of recovering patient\xe2\x80\xa6 https://t.co/5eNanv6zrt'",,0.25,0.625
2020-04-11 16:47:44,b'The government team in charge of confronting the #coronavirus decided to extend the suspension of school and univer\xe2\x80\xa6 https://t.co/fdYQNsEF0M',,0.0,0.0
2020-04-11 16:46:13,b'JUST STOP TELEVISING THIS LYING PSYCHOPATHIC BASTARD #TrumpLiedPeopleDied HE IS A DANGER TO THE AMERICAN SOCIETY AN\xe2\x80\xa6 https://t.co/kq2VCHqwv4',Ontario,0.0,0.0
2020-04-11 16:44:48,"b'Shame on #SaudiArabia #UAE #Qatar #Bahrain #Oman for watching people die every day in #Palestine, #Syria,\xe2\x80\xa6 https://t.co/aqMVM1dHRL'",,0.0,0.0
2020-04-11 16:42:10,"b'#FamilyTravel, 1st half of a 275-day trip around the world.\nToday I Ate Cow Stomach begins in #Rome with a young(is\xe2\x80\xa6 https://t.co/JUq4OLdJp1'","Winnipeg, Canada",-0.15,0.16666666666666666
2020-04-11 16:40:36,b'@alimardani07 @RT_com And #Venezuela\nAnd #Syria\nEvil \xf0\x9f\x98\xa0',South Africa,-1.0,1.0
2020-04-11 16:39:32,b'7.9 million people in #Syria are food insecure &amp; @WFP staff are working to ensure that during the #COVID19 pandemic\xe2\x80\xa6 https://t.co/7C1rq3pdP5',Syria,-0.5,0.875
2020-04-11 16:36:56,b'@KhanTheWise @ChrisHades4You @simongerman600 Genghis Khan who tried to take Constantinople back? \nYou are beat dumm\xe2\x80\xa6 https://t.co/mC1CpIs1jE',,0.0,0.0
2020-04-11 16:35:00,b'Syrian Ministry of Health has announced the registration of 6 new confirmed #Coronavirus cases bringing the total n\xe2\x80\xa6 https://t.co/n3adXlaFmh',,0.1787878787878788,0.7348484848484849
2020-04-11 16:33:47,b'As with all dictatorships take a handful of salt when reading government reports/stats about #Covid19. #Syria https://t.co/2tTOayMNJ5',,0.0,0.0
2020-04-11 16:30:33,b'#UnitedStates | President #DonaldTrump administration deployed a military convoy in #Syria to establish a new base\xe2\x80\xa6 https://t.co/obnOoWliXP',Worldwide,0.018181818181818174,0.2772727272727273
2020-04-11 16:28:19,"b'A body of a girl (16-17) years old was found slaughtered, handcuffed and bound, near Ayed Khazan School in #Tabqah\xe2\x80\xa6 https://t.co/VyCsnis9eU'",Syria - Raqqa ,0.1,0.30000000000000004
2020-04-11 16:27:11,b'#Syria: 6 new confirmed cases have been registered in the country which raise the total number to 25.\n#coronavirus.',Syria,0.1787878787878788,0.7348484848484849
2020-04-11 16:26:51,"b'#Syria and #Iraq War Report \xe2\x80\x93 April 9, 2020: Thunder In #Idlib Paradise\n\nhttps://t.co/lpYdMyzNWM'",,0.0,0.0
2020-04-11 16:24:00,b'Autonomous Admin in NE #Syria is accusing #Damascus of sending passengers to the region without testing them for\xe2\x80\xa6 https://t.co/Pax8QMfaaH',"Washington, DC",0.4,0.7
2020-04-11 16:20:47,b'The people of #Iran have all the rights on their resources but @khamenei_ir led regime is spending #Iranain resourc\xe2\x80\xa6 https://t.co/npC4BLxQLz',,0.0,0.0
2020-04-11 16:20:35,b'#UnitedStates | President #DonaldTrump administration deployed a military convoy in #Syria to establish a new base\xe2\x80\xa6 https://t.co/MzAqWZ1SJU',"Quito, Ecuador",0.018181818181818174,0.2772727272727273
2020-04-11 16:17:22,b'@WHO \nAny clarification on how\xe2\x80\x99s #COVID__19 spreading to areas which are almost isolated like Amazon or where peopl\xe2\x80\xa6 https://t.co/7QcijUpc9W',,0.0,0.0
2020-04-11 16:17:06,b'Jaafari Calls to End Sanctions Hindering COVID Containment; Trump Sends More Troops to Syria:\xe2\x80\xa6 https://t.co/zj9CDx6rcT',,0.5,0.5
2020-04-11 16:16:23,"b'According to unconfirmed info, #Turkey (only months away from #IMF) is trying to bargain(again) with the\xe2\x80\xa6 https://t.co/dixRirzjNW'",3rd rock from the sun,0.0,1.0
2020-04-11 16:13:29,"b""If the Gulf states do not warn of the danger of #Hezbollah expansion, as #Lebanon has not done\xd8\x8c I think she'll suff\xe2\x80\xa6 https://t.co/QhmiQrDLES""",ŸÑÿ®ŸÜÿßŸÜ,0.0,0.0
2020-04-11 16:13:00,b'The curfew in #Aleppo.\n\n#Syria #COVID19 https://t.co/LQyM9lFqBv',Syria,0.0,0.0
2020-04-11 16:12:16,"b'1905: A Kurdish family of Jindires, #Afrin, Rojava (#Syria).\n\n#twitterkurds #Kurdistan #Turkey #Iran #Iraq #Efrin https://t.co/1gVf2C6s8U'",Kurdistanüåû,0.0,0.0
2020-04-11 16:11:28,b'Jaafari Calls to End Sanctions Hindering COVID Containment; Trump Sends More Troops to Syria:\xe2\x80\xa6 https://t.co/en21pP03aZ',"Hamburg, Germany",0.5,0.5
2020-04-11 16:11:16,"b'al-Joulani when he announced the establishment of Nusrah Front, ""I thank god for having brought me together w/ Shei\xe2\x80\xa6 https://t.co/SGxIkALZr8'",Middle East,0.0,0.0
2020-04-11 16:10:45,b'Jaafari Calls to End Sanctions Hindering COVID Containment; Trump Sends More Troops to Syria:\xe2\x80\xa6 https://t.co/0H7R3a7XCa',"Damascus, Syria",0.5,0.5
2020-04-11 16:09:47,"b""@Btea2miKIucwDGO \xf0\x9f\x98\x83 ik look for a 'song' about - \n#SouthArabia, #\xd8\xac\xd9\x86\xd9\x88\xd8\xa8\xd8\xa7\xd9\x84\xd8\xac\xd8\xb2\xd9\x8a\xd8\xb1\xd8\xa9\xd8\xa7\xd9\x84\xd8\xb9\xd8\xb1\xd8\xa8\xd9\x8a\xd8\xa9 / -#Yemen #\xd8\xa7\xd9\x84\xd9\x8a\xd9\x85\xd9\x86 \n(\xe2\x80\xa6 https://t.co/tnX0VQYfLh""",https://southfront.org/military-situation-in-yemen-on-april-11-2019-map-update/,0.0,0.0
2020-04-11 16:09:03,b'Jaafari Calls to End Sanctions Hindering #COVID Containment; #Trump Sends More Troops to #Syria\xe2\x80\xa6 https://t.co/lfrk3m3wa0',"Damascus, Syria",0.5,0.5
2020-04-11 16:08:46,"b""@Btea2miKIucwDGO \xf0\x9f\x98\x83 ik look for a 'song' about - \n#SouthArabia, #\xd8\xac\xd9\x86\xd9\x88\xd8\xa8\xd8\xa7\xd9\x84\xd8\xac\xd8\xb2\xd9\x8a\xd8\xb1\xd8\xa9\xd8\xa7\xd9\x84\xd8\xb9\xd8\xb1\xd8\xa8\xd9\x8a\xd8\xa9 / -#Yemen #\xd8\xa7\xd9\x84\xd9\x8a\xd9\x85\xd9\x86 \n(\xe2\x80\xa6 https://t.co/8brrufcsTU""",https://southfront.org/military-situation-in-yemen-on-april-11-2019-map-update/,0.0,0.0
2020-04-11 16:01:01,b'Seems that all \xe2\x80\x9cnations\xe2\x80\x9d when in \xe2\x80\x9ccrisis\xe2\x80\x9d whether from north or south share same tendency towards conflating /synon\xe2\x80\xa6 https://t.co/PeSgO90fII',United Kingdom,0.0,0.125
2020-04-11 16:00:50,b'@RT_com For years #Turkey has been letting virus (ahm #ISIS) spread in #Syria. Let it now taste the bitter pill its\xe2\x80\xa6 https://t.co/eCLlYml6JO',,-0.1,0.5
2020-04-11 16:00:49,b'Residents in #Rukban #Syria are desperately calling on @StateDept to assist several pregnant women to deliver safel\xe2\x80\xa6 https://t.co/eu8YQtLh4c',,-0.08888888888888889,0.5
2020-04-11 16:00:40,b'This may be old news now but is worth all the retweets to debunk the conspiracy theories and misinformation from Ru\xe2\x80\xa6 https://t.co/zHiW675H15',,0.2,0.15000000000000002
2020-04-11 15:58:40,"b'\xf0\x9f\x87\xb8\xf0\x9f\x87\xbe #Syria is trialing electronic cards for families to pay for basic #food and #petrol, #gas'",Lebanonüá±üáß,0.0,0.125
2020-04-11 15:52:05,b'Plz analyze these 3 forces are ally on this account or that. #IndianArmy committing crimes against humanity in\xe2\x80\xa6 https://t.co/CVFkCldivI',,0.0,0.0
2020-04-11 15:50:19,"b'#mustread @joshrogin\n""You can\'t expect your torturer to care about your health"": @omarAlshogre.\n""The more vulnerabl\xe2\x80\xa6 https://t.co/4SekTfaWrc'",Paris France,0.5,0.5
2020-04-11 15:45:07,"b'Shabbiha: Paramilitary groups, mass violence and social polarization in #Homs #Syria \nhttps://t.co/bcQPebeZx7'",,0.03333333333333333,0.06666666666666667
2020-04-11 15:45:05,"b'In times of war, civil unrest, and disasters, people seek refuge. The patterns of history repeat. #Syria #Refugees https://t.co/fqiLjdX5Ay'","Atlanta, GA",0.0,0.0
2020-04-11 15:44:19,b'I realize pictures of joy in #Syria may not be in the interest of our cause against bashar but a little bit of some\xe2\x80\xa6 https://t.co/cIkogeCdiZ',Canada üá®üá¶,0.30625,0.35
2020-04-11 15:43:21,b'Assad will end in June https://t.co/3DSZDw0Baj #Syria https://t.co/mp0xsFqzvT',Worldwide,0.0,0.0
2020-04-11 15:40:44,b'Six new #COVID19 cases have been recorded today bringing the total number of confirmed cases in #Syria to 25. https://t.co/odPU7eQLfm',Syria,0.1787878787878788,0.7348484848484849
2020-04-11 15:40:34,b'The greenhouses of the Agricultural Directorate in #Latakia have fully implemented the entire plan for the producti\xe2\x80\xa6 https://t.co/JK2OAMayJC',Syria,0.0,0.625
2020-04-11 15:38:31,"b'In the midst of a pandemic, #Turkey and #Syria are playing a cruel game restricting water supplies to Kurdish-held\xe2\x80\xa6 https://t.co/39jKbQb8gW'",United States/Kurdistan ,-0.7,0.7
2020-04-11 15:37:34,b'Film-maker @waadalkateab sharing a message of solidarity &amp; support for displaced people in #Syria &amp; those in need i\xe2\x80\xa6 https://t.co/0z8eFBfj9e',Syria ,0.0,0.0
2020-04-11 15:34:07,b'Oops...u just disrupted the farts. These psychos have suddenly forgotten abt massacres of #Libya #Syria she orchest\xe2\x80\xa6 https://t.co/N8nvQQitTM', .... ŸæŸêŸÜ⁄à  ŸÑŸÜ⁄Ø€í ⁄Øÿ¨ÿ±ÿßÿ™,0.0,0.5
2020-04-11 15:32:07,"b'Breaking: 6 more coronavirus cases in #Syria, bringing it to an official total of 25.'",London,0.25,0.625
2020-04-11 15:27:21,b'They are ok to share #Syria\nOnly problem is #FSA &amp; #Turkey... https://t.co/O9fYbhcmWq',,0.25,0.75
2020-04-11 15:26:50,b'#Syria annonces six new COVID-19 cases. Tottal number of cases in the country is now 25.',World,0.13636363636363635,0.45454545454545453
2020-04-11 15:21:21,b'#US stops #Russian advances in #Syria (#Russia ) https://t.co/DWVZg4NKo0',Paris,0.0,0.0
2020-04-11 15:20:24,b'#Israel warns Damascus of consequences after Syrian military commander visits Hezbollah positions  #Syria   https://t.co/Fi7Y1kBtaY',"Toronto, Ontario",-0.1,0.1
2020-04-11 15:20:20,b'#Libya\xe2\x80\x99s #Syria connection is being reactivated https://t.co/7fMkeDufsC',Paris,0.0,0.0
2020-04-11 15:18:02,b'A German recruiter in the PKK invites others to enter the PKK for Ugalan terrorist ideas of the Nazi #PKK #YPG\xe2\x80\xa6 https://t.co/BKVkDQkNm4',,0.0,0.0
2020-04-11 15:17:03,"b""Hello Mr #Trump And #Modi what's going about #COVID\xe3\x83\xbc19 if you want to skip this Bad time from around the #glob thin\xe2\x80\xa6 https://t.co/q8JMOE94aB""",Dubai ,-0.6999999999999998,0.6666666666666666
2020-04-11 15:16:47,b'#syria ..new 6 #Covid_19 cases in Syria .. \n\nup to 26 cases in total',Syria,0.0,0.75
2020-04-11 15:15:44,b'@AhmadBadran_Sy I have a small percentage of pictures from #Syria that depict anything resembling joy but I will do\xe2\x80\xa6 https://t.co/srmqjoYsuU',Canada üá®üá¶,0.275,0.30000000000000004
2020-04-11 15:15:22,b'#COVID\xe3\x83\xbc19-related actions in 25th division. \n#Syria https://t.co/hx6v1bEhmH',India,0.0,0.0
2020-04-11 15:14:34,b'NATIONAL #FLOWERS:-\n\n#Australia: Golden Wattle\n\n#Bangladesh #SriLanka: Water Lily\n\n#China: Plum Blossom\n\n#France: I\xe2\x80\xa6 https://t.co/2E0bCp7sP7',"Jaunpur, India",0.3,0.5
2020-04-11 15:09:18,"b'#Libya. April 11th, 2020, #SOHR: #Turkey has sent 300 irregulars from #Syria to #Tripoli on April 10th. Acc to SOHR\xe2\x80\xa6 https://t.co/bIcZnwrPpa'","Veneto and Sicily, Italy",0.0,0.0
2020-04-11 15:06:34,b'#FakeNews galore: \n\n@ABC used a video of an event from Kentucky and called that a war zone in #Syria\n\n@CBSNews used\xe2\x80\xa6 https://t.co/1komMVcDcA',,0.0,0.0
2020-04-11 15:04:26,b'To understand how low can the #US and its coalitions of evil can go to pursue goals of destruction not in any inter\xe2\x80\xa6 https://t.co/ijigMqDAZc',"Hamburg, Germany",-0.5,0.65
2020-04-11 15:02:38,b'750 European children trapped in NE #Syria camps. European countries who were pionners in the promotion of children\xe2\x80\xa6 https://t.co/By11wqeQ4P',France,-0.06666666666666667,0.0
2020-04-11 15:01:00,"b'Jordan hosts 750 ,000 refugees many from #Syria and #Palestine . Read our global perspectives blog\xe2\x80\xa6 https://t.co/sVuuZqzWjj'",Cardiff,0.25,0.25
2020-04-11 15:00:36,b'#Covid19 will massacre prisoners on the Syrian regime\xe2\x80\x99s behalf  #ASSAD #GENOCIDE #SYRIA https://t.co/IdrUvxXmkU',Earth,0.0,0.0
2020-04-11 15:00:14,"b""#Syria:  These Tech Companies Managed to Eradicate ISIS Content. But They're Also Erasing Crucial Evidence of\xe2\x80\xa6 https://t.co/10tToWfXMC""",El Salvador/Charlottesville,0.0,1.0
2020-04-11 15:00:00,b'45 organisations demanding to ensure that providing a response to #Corona does not mean overlooking violations comm\xe2\x80\xa6 https://t.co/TVL5lgWzQG',"Strasbourg, France",0.15625,0.6875
2020-04-11 15:00:00,b'Last year @WFP helped millions of people in #Syria to build brighter futures through: \n\n\xf0\x9f\x8d\x9a food assistance\n\xf0\x9f\x8d\x8e nutriti\xe2\x80\xa6 https://t.co/WEB6YkCIcp',"Washington, DC",0.0,0.06666666666666667
2020-04-11 14:58:50,"b'Any thoughts or confirmations on this story? If so, HUGE development on the #Syria front\nhttps://t.co/mWL3bzJh2u'",Hashemite Kingdom of Jordan,0.4000000000000001,0.9
2020-04-11 14:57:51,b'Life goes on in #Syria regardless. https://t.co/cjBtbuB0iv',Canada üá®üá¶,0.0,0.0
2020-04-11 14:57:40,"b'A bipartisan group of #senators urged @secpompeo to press for the release of Americans held abroad, including Austi\xe2\x80\xa6 https://t.co/9MaUvhEcaN'","New York, NY",0.0,0.0
2020-04-11 14:57:06,"b""A quick re-cap from me as to why simply 'letting Assad win' is a bad idea, highlighting how the argument is peddled\xe2\x80\xa6 https://t.co/ZCv3uLBn63""",,0.10833333333333336,0.4809523809523809
2020-04-11 14:54:49,b'An interesting article on #HTS and the situation at #Idlib \n#Syria \n\nhttps://t.co/zwDgs6g9At',,0.5,0.5
2020-04-11 14:51:55,"b""Little life's pleasures are in little supply in #Syria but to see some is heartwarming \xf0\x9f\xa4\x97\xf0\x9f\x98\x98\xf0\x9f\x92\x8c https://t.co/bZhKngggAb""",Canada üá®üá¶,-0.1875,0.5
2020-04-11 14:51:11,"b'We pray for peace in our hearts, homes and world: #Palestine #Israel #Ukraine #Syria #Lebanon #Iraq #Libya\xe2\x80\xa6 https://t.co/kNah2hXIsM'",,0.0,0.0
2020-04-11 14:45:07,b'How to Paralyse &amp; Eliminate #ISIS in Less Than 24 Hours By SM Younus AlGohar  https://t.co/tcneAri8Cg #ISIL #Daesh\xe2\x80\xa6 https://t.co/XwX1UH2Fs3',"Croydon, London",-0.16666666666666666,0.06666666666666667
2020-04-11 14:42:00,"b'The Islamic world thinks OBAMA=CLOWN His team was proven wrong about every international issue, crisis and opportun\xe2\x80\xa6 https://t.co/WxcdjpZ8JG'",,-0.25,0.45
2020-04-11 14:39:45,b'Unmasked: @NATO\xe2\x80\x99s Dog-Eat-Dog Pandemic Reaction\n\xe2\x80\x9cThe only time #NATO seems to show \xe2\x80\x9csolidarity\xe2\x80\x9d is when its member-\xe2\x80\xa6 https://t.co/Tx2wvbU679',Utopia‚Ä¶ a place for hope,0.0,1.0
2020-04-11 14:35:03,"b'His detention did not last long and he was released after some time, and immediately after his release, he made Hij\xe2\x80\xa6 https://t.co/VB9mSaIbH0'",,-0.025,0.23333333333333334
2020-04-11 14:31:16,"b'Images taken this morning from  Jamiyat al Zahraa \xd8\xac\xd9\x85\xd8\xb9\xd9\x8a\xd9\x87 \xd8\xa7\xd9\x84\xd8\xb2\xd9\x87\xd8\xb1\xd8\xa7\xd8\xa1, one of the last holdouts before the armed groups w\xe2\x80\xa6 https://t.co/531XZz935I'",,0.0,0.06666666666666667
2020-04-11 14:24:05,b'The trouble with letting #Assad win. #Syria https://t.co/D1vxL4xP7H',Australia,0.30000000000000004,0.30000000000000004
2020-04-11 14:19:15,b'Do you think a President Biden\xe2\x80\x99s military kill count would be higher or lower than Obama\xe2\x80\x99s? Trump\xe2\x80\x99s?\xe2\x80\xa6 https://t.co/wEZIk5Ymem',,0.075,0.3
2020-04-11 14:17:21,b'#syria: Rebel factions were able to destroy a pickup truck full of Assad gangs on the # Kafarbatikh axis in the southeastern #idlib',Abu shamala shami,0.21666666666666665,0.39166666666666666
2020-04-11 14:16:46,"b'@BBCRadio4 ON NOW: \nA Tale of Two Cities: Aleppo and London, 1/3 \nThe story of a chance resemblance between a feckl\xe2\x80\xa6 https://t.co/cQZGwHF5FC'",üá™üá∫ European Union,0.0,0.0
2020-04-11 14:15:27,b'#syria: Heavy traffic jams for cars returning from Afrin area to #Idlib. https://t.co/1GFvP3lQeO',Abu shamala shami,-0.2,0.5
2020-04-11 14:11:10,b'Organization for Prohibition of Chemical Weapons (OPCW) recently released a report about Chemical Weapons use in\xe2\x80\xa6 https://t.co/LHWkNLQVBh',"New Delhi, India",0.0,0.25
2020-04-11 14:08:59,"b'Food scarcity, prison protests, anxiety rising in Middle East as #pandemic and forces of change collide. #iran epic\xe2\x80\xa6 https://t.co/eI60NxkywO'","Washington, DC",0.0,0.0
2020-04-11 14:08:15,b'#Syria\xe2\x80\x99s #UN Representative Dr. Bashar al-Jaafari stressed the need to lift the Western #sanctions in light of the\xe2\x80\xa6 https://t.co/cDIFtVm9jU',Syria,0.2,0.35
2020-04-11 14:06:47,b'@KseniaKurnakova @SecPompeo @OPCW Millions of innocent people /children in #Syria murdered due to illegal invasion by America.',South Africa,-0.041666666666666664,0.525
2020-04-11 14:06:26,"b'Now I know why my head is so heavy, despite the sun!\n""Temperatures will remain below their annual average between 3\xe2\x80\xa6 https://t.co/A9ESDtUpZp'",Syria,-0.2,0.44999999999999996
2020-04-11 14:04:09,b'#US #occupation forces bring in 35 vehicles loaded with military equipment and logistic materials to #Shaddadi in\xe2\x80\xa6 https://t.co/tT7oEG3z3U',Syria,-0.1,0.1
2020-04-11 14:03:58,b'If #Israel &amp; its #US #NeoLibCon #Lobby stopped pressurizing US #Presidents &amp; #Congress there might not have been a\xe2\x80\xa6 https://t.co/1LSO5YIiZa',Ireland,0.0,0.0
2020-04-11 14:03:30,b'@Resistdwp @creditlesscard @HillsHaveEyes02 @AlonMarcusP @mikepfarmer @garybkatz @PixieHalos @LexiBardot1\xe2\x80\xa6 https://t.co/OOpBWnBLBy',Ireland,0.0,0.0
2020-04-11 14:03:04,b'@MattGrolnic @SecPompeo @OPCW @realDonaldTrump Absolutely\n#Iran\n#Venezuela\n#Syria',South Africa,0.2,0.9
2020-04-11 14:02:15,"b""#Russia sent #BlackSea Fleet Assault Ship Saratov to #Syria's Tartous this week, with a another large batch of tank\xe2\x80\xa6 https://t.co/sisoGXEKQx""",Syria,0.21428571428571427,0.42857142857142855
2020-04-11 13:54:25,b'@SecPompeo @OPCW Utter disregard for human life??\n\xf0\x9f\x98\xa0\xf0\x9f\x98\xa0\xf0\x9f\x98\xa0\nMakes me think of #Iraq #Libya #Syria #Yemen #Pakistan (drone\xe2\x80\xa6 https://t.co/nNuerPc0Xx',South Africa,0.0,0.55
2020-04-11 13:52:44,"b'\xf0\x9f\x8e\x99\xef\xb8\x8f\xf0\x9f\x93\xbb Naomi Scherbel-Ball explores a classroom experiment with a difference, a scheme to retrain refugee teachers and\xe2\x80\xa6 https://t.co/fi4rxfIVBb'",üá™üá∫ European Union,0.0,0.0
2020-04-11 13:52:19,b'#PKK #SDF #Turkey #Syria #\xd8\xb3\xd9\x88\xd8\xb1\xd9\x8a\xd8\xa7 #USA How can a person with three names say that he is a Syrian Kurd and appeared in\xe2\x80\xa6 https://t.co/4femXh1dpi',,0.0,0.0
2020-04-11 13:48:55,b'#Syria\nThe curfew in #Damascus.\n #COVID19 https://t.co/6QGgiVZIPE',World,0.0,0.0
2020-04-11 13:48:39,b'Keeping everyone aware is the main measure to mitigate the spread of #COVID\xe3\x83\xbc19 #Syria\nCan\xe2\x80\x99t  #StayAtHome https://t.co/PrdO8j8RYA',,0.20833333333333331,0.29166666666666663
2020-04-11 13:47:42,b'The #UnitedStates began to promote a campaign about the inability to effectively counter the spread of infection by\xe2\x80\xa6 https://t.co/HdMmo0onxf',India,0.6,0.8
2020-04-11 13:44:29,"b'Turkish, Russian diplomats discuss Syria situation https://t.co/lWs7MPiNr4 #Syria #cumartesi'",,0.0,0.0
2020-04-11 13:43:22,b'@brhodes @gtconway3d Ironic coming from you #spygate #RussiaGate #echochamber #syria #Benghazi',"North Huntingdon, PA",0.2,0.9
2020-04-11 13:39:16,"b'While the #British people are in #lockdown, @DominicRaab reassures #BAE and other #WarCriminals that war is open fo\xe2\x80\xa6 https://t.co/IQoZm7i3Sl'",An Iranian on Planet Earth,-0.041666666666666664,0.2916666666666667
2020-04-11 13:37:17,"b""Important news from #Syria: reports suggest that Bashar al-Assad's days may be numbered, as the regime seeks to rep\xe2\x80\xa6 https://t.co/yY0YCkWFyV""","Montreal, Canada",0.4,1.0
2020-04-11 13:32:47,"b""Today at 1 pm New York Time! Learn from @ejmalrai &amp; @snarwani about #Syria's role in regional, global politics. Pre\xe2\x80\xa6 https://t.co/BiD3qaysfB""",,0.08522727272727272,0.22727272727272727
2020-04-11 13:32:29,b'#US has dispatched a convoy of 35 trucks of military and logistical equipment to #Syria\xe2\x80\x99s northeastern province of\xe2\x80\xa6 https://t.co/M40ukRnkzl',"Pisa, Tuscany",-0.1,0.1
2020-04-11 13:28:00,b'We highly recommend the newest episode of @FireTheseTimes discussing the use of chemical weapons as a legacy of Ira\xe2\x80\xa6 https://t.co/L1in4JR8tB',Syria,0.16,0.5399999999999999
2020-04-11 13:23:35,b'#intelligence sharing and Dialogue/debate about classifying terrorist targets could be  precursor to more expansive\xe2\x80\xa6 https://t.co/JlZdtJWasb',D.C.,0.5,0.5
2020-04-11 13:17:25,b'A morning walk and travels to the Middle East. Can it be?  https://t.co/snDWnYy628\n\n#RRBC #RWISA #MiddleEast #Syria https://t.co/412SI05HcU',Midwest....USA,0.0,0.0
2020-04-11 13:16:55,"b""I sincerely hope this causes a withdrawal from #Syria!\nThe Thieving #EmperorErdogan's Army has far more to be doing\xe2\x80\xa6 https://t.co/06v0f0tReA""",Ireland,0.4083333333333334,0.6666666666666666
2020-04-11 13:16:02,"b""@KaloManoukian I sincerely hope this causes a withdrawal from #Syria!\nThe Thieving #EmperorErdogan's Army has far m\xe2\x80\xa6 https://t.co/rTP8tXECXg""",Ireland,0.3625,0.75
2020-04-11 13:15:41,"b""'After #war we now have this': Syrians grapple with #poverty and #coronavirus | #Syria  https://t.co/xyxyqSzpsJ""","New York, NY",0.0,0.0
2020-04-11 13:11:25,"b'NW Syria is not ready for the coronavirus \xe2\x80\x9cToday, we struggle to get supplies and human resources into northwest Sy\xe2\x80\xa6 https://t.co/ldSzsNyPMx'","London, England",-0.05,0.3
2020-04-11 13:09:20,"b'""Thank you #Canada Thank you #JustinTrudeau"" #Yeg #Ableg Freedom to Express &amp; #Listen. #Syria #RefugeesWelcome.\xe2\x80\xa6 https://t.co/5NlTbCuoEv'",,0.0,0.0
2020-04-11 13:05:42,"b'#Idlib: The leader of the so-called ""Syrian Liberation Front"", Abu Al Hamza: ""Turkey want hand over the M4 internat\xe2\x80\xa6 https://t.co/q8dASsSqjv'",Federasyona Bakur√™ S√ªriy√™ ‚Äì Rojava,0.0,0.0
2020-04-11 13:00:21,b'#Syria #Idlib\n#TFSA units heading to Idlib.\n[Thanks to @Meymuna0]. https://t.co/HljmMpzra7',Italy,0.2,0.2
2020-04-11 12:59:55,"b'Over 5,000 Syrian mercenaries are fighting in #Libya: monitor https://t.co/v39LgxoFCV #Syria'",,0.0,0.0
2020-04-11 12:57:04,b'just imagine the response of WEST COUNTRIES &amp; INDIAN MEDIA had the #Coronavirus #Covid19 started from #Iraq\xe2\x80\xa6 https://t.co/hfwGxhGsCg',"Lucknow, India",0.0,0.0
2020-04-11 12:55:18,"b'#Queen as they were, in Kindergarten! \xf0\x9f\x98\x82\xf0\x9f\xa4\xa3\xf0\x9f\x91\x8d\xf0\x9f\x90\x92\n#Syria https://t.co/U07yRHBmvG\nvia @Free_Media_Hub\n#\xe3\x83\x89\xe3\x83\xaa\xe3\x83\xbc\xe3\x83\xa0\xe3\x83\x9e\xe3\x83\x83\xe3\x83\x812020 \n#day16oflockdown\n#ShimzaMustFall'",,0.0,0.0
2020-04-11 12:51:02,b'@TheArabSource #Syria has no army since 2011 but only #Iranian recruited shot terrorists...... Muttah products.\xe2\x80\xa6 https://t.co/6QbFYA0Zg0',,0.0,1.0
2020-04-11 12:38:41,b'As #Assad and his Govt. do all they can to prevent fatalities in #Syria from #COVID\xe3\x83\xbc19....over in the #UK with near\xe2\x80\xa6 https://t.co/tH954D94BW',The Levant ,0.0,0.0
2020-04-11 12:37:48,b'Saturday #Syria Daily: #Israel Warns Assad Regime About #Hezbollah in Golan Heights \n\nhttps://t.co/60Y7lG0O8g https://t.co/yD3tWbL5gZ',"Birmingham, UK",0.0,0.0
2020-04-11 12:22:58,b'Wake up today thinking about people in #Syria and other conflict zones who year after year suffer and experience so\xe2\x80\xa6 https://t.co/vyO9MqYwCp',"Baltimore, MD",-0.125,0.375
2020-04-11 12:19:18,"b'#Syria: the 2 main sources spreading #fakenews, esp. for #ISIS activity, are identified. Those are 2 Telegram chann\xe2\x80\xa6 https://t.co/C0y6TSJXOj'",,0.16666666666666666,0.3333333333333333
2020-04-11 12:19:06,b'The British foreign secretary takes the time to reassure its jihadist allies in #Syria that Britain is giving their\xe2\x80\xa6 https://t.co/EAaHIlp2mk',,-0.0625,0.0625
2020-04-11 12:18:54,"b'#Libya: Libyan army announce it have shut down an Turkish UAV aircraft ""Bayraktar TB2"" over the airspace of Tarhuna\xe2\x80\xa6 https://t.co/gMSXKdtguz'",Federasyona Bakur√™ S√ªriy√™ ‚Äì Rojava,-0.15555555555555559,0.2888888888888889
2020-04-11 12:18:43,"b'The war in #Syria has produced its biggest humanitarian calamity yet, though Turkey could be forced to open its bor\xe2\x80\xa6 https://t.co/iJNk0GXjIt'",,-0.15000000000000002,0.35
2020-04-11 12:17:22,"b'@EvaKBartlett you are brave, bright and aware!\nPeace and love from Iran...\n\n#MainstreamMedia #syria https://t.co/PFVcjorGKD'",,0.578125,0.6625
2020-04-11 12:16:24,b'416 days ago I asked @VanessaBeeley for evidence to back up her smear of #WhiteHelmets abducting children and steal\xe2\x80\xa6 https://t.co/emwLnx9adm',"Birmingham, UK",0.0,0.0
2020-04-11 12:15:38,b'#US military sends large convoy of reinforcements to northeast #Syria https://t.co/eR3TrhZv1E',,0.057142857142857134,0.2642857142857143
2020-04-11 12:13:00,b'The curfew in #Damascus.\n\n#Syria #COVID19 https://t.co/9sRS43INWY',Syria,0.0,0.0
2020-04-11 12:10:09,"b'Takamul, the private company which is responsible to issue these cards has closed their offices indefinitely. Leavi\xe2\x80\xa6 https://t.co/QrXFUDTscP'","Brighton, UK",0.03333333333333333,0.34166666666666673
2020-04-11 12:09:42,"b'Due to to extreme shortages of wheat, the #Syria-n govt. is currently relying on the dysfunctional Smart Cards to l\xe2\x80\xa6 https://t.co/iJlHvpJd3f'","Brighton, UK",-0.008928571428571432,0.6044642857142857
2020-04-11 12:02:54,b'#Dr_Shahid_Masood said in interview with eyes full of tears.\nWhatever this is happening in all over the world. It s\xe2\x80\xa6 https://t.co/gh1vuK3qho',"Jammu, Jammu And Kashmir",0.35,0.55
2020-04-11 12:01:25,b'Iran\xe2\x80\x99s regional ambitions are not going anywhere \n#BreakingNews\n#Iran\n#Tehran\n#Iraq\n#Baghdad\n#Marines\n#IranDeal\xe2\x80\xa6 https://t.co/uoSqrgJACi',North America,0.0,0.0
2020-04-11 11:57:03,"b'Kuwaiti, Syrians detained in mall brawl\n\nhttps://t.co/QhngJXaDQx\n\n#Kuwait #Syria #Syrians #Mall #Shuwaikh https://t.co/AaPJQ2RQxk'",Kuwait,0.0,0.0
2020-04-11 11:56:48,b'SOHR also claimed nearly 150 mercenaries of Turkish-backed faction Sultan Murad were transported in the past two da\xe2\x80\xa6 https://t.co/pwi89H7wKs',,-0.075,0.325
2020-04-11 11:53:17,"b""@realDonaldTrump #Washington has spent $ 7 trillion on #Syria and #Iraq. Wouldn't it be better to spend this money\xe2\x80\xa6 https://t.co/m8JUgB8YZ4""","Saint Petersburg, Russia",0.2,0.3
2020-04-11 11:52:07,b'The #OPCW is used as a political tool against #Syria.\nhttps://t.co/21hkf33xab',,0.0,0.1
2020-04-11 11:50:06,b'Syrian Army attacks jihadist gathering point in northern #Latakia https://t.co/j41Z5ifUo7 #Syria',,0.0,0.0
2020-04-11 11:47:54,b'Supportive work #refugee help in #syria  https://t.co/sJsihMZK09',Mt Morgan,0.5,1.0
2020-04-11 11:46:29,"b'Just smell your oil.\nThe oils used in your country smell like blood\n\nThe blood of the people of #Iraq, #Syria,\xe2\x80\xa6 https://t.co/o639JINEDa'",,0.0,0.0
2020-04-11 11:45:09,b'300 #Turkey-backed #Syria|n rebels arrive in #Libya https://t.co/dIkgd2mHr7',Utrecht,0.0,0.0
2020-04-11 11:43:57,"b'Please, read this thread.\n#conspiracytheories always go hand in hand.\nThose guys are a disgrace.\n#Syria https://t.co/NucWuTKTZC'",Paris France,0.0,0.0
2020-04-11 11:40:57,b'Assad will end in June https://t.co/3DSZDw0Baj #Syria https://t.co/WcWKJUkDtU',Worldwide,0.0,0.0
2020-04-11 11:40:51,"b'Wow, she nailed that response perfectly! #Peace #Syria #MiddleEast #HonestJournalism https://t.co/K10YTtXNg1'",Earth ,0.55,1.0
2020-04-11 11:40:25,b'In our @WorkersPartyGB Tuesday Zoom members meeting ( live-streamed too on YouTube) I will be dealing with the ques\xe2\x80\xa6 https://t.co/lKQ7yfum39',"London, England",0.0,0.0
2020-04-11 11:37:20,b'#syria. writing a brief summary of the civil war. looking up old stories to double check and meeting Anthony Shadid\xe2\x80\xa6 https://t.co/oqTR3mRSkd',,0.03333333333333333,0.17777777777777778
2020-04-11 11:37:13,b'The world fighting against #coronavirus while our #Turkish brothers busy in war against #Syria &amp; killing the innoce\xe2\x80\xa6 https://t.co/iMVfZZ9mfj',Federally Administered Tribal,0.1,0.3
2020-04-11 11:24:29,"b'@MiddleEastEye There is a double standard at play here on the part of #America and its European allies, which is pu\xe2\x80\xa6 https://t.co/mO03lPDQFx'","England, United Kingdom",0.0,0.0
2020-04-11 11:22:49,b'Bread produciton in #Latakia bakeries.\n\n#Syria https://t.co/9ocfCd5LO6',Syria,0.0,0.0
2020-04-11 11:17:56,b'Great news as #Syrian intelligence arrest the full terrorist cell that was behind the multiple bombings in\xe2\x80\xa6 https://t.co/eBIrurX6fc',The Hall of the Mountain King,0.14,0.4
2020-04-11 11:12:16,b'#Syrian_Democratic_Council\n#SDC #MSD\n#NE #Syria\n\nThe co-chair of SDC: The issue of the detainees cannot be a hostag\xe2\x80\xa6 https://t.co/5K8PU19yZc',Syria,0.0,0.0
2020-04-11 11:11:22,"b'#Turkish, #Russian deputy FMs hold phone call to discuss #Syria https://t.co/Zh1zL1nwdv'",Azerbaijan,0.0,0.0
2020-04-11 11:10:02,b'Important Developments in #Daraa #Syria\n\n1/ reports that the 8th Brigade of the Russian-sponsored 5th Corps will be\xe2\x80\xa6 https://t.co/KSYtRWRJ29',,0.4,1.0
2020-04-11 11:06:47,"b""'After war we now have this': Syrians grapple with poverty and coronavirus\nhttps://t.co/5kJYw37GjJ #Syria #CONVID19 https://t.co/3d5okIJc1w""",,0.0,0.0
2020-04-11 11:04:48,b'Nuanced and insightful analysis for #Turkey #HTS relationship and the military and political scene in #Idlib\xe2\x80\xa6 https://t.co/cBSlXt0SJX',"Malmo, Sweden",-0.05,0.1
2020-04-11 11:01:37,b'#Syria Rejects Fabricated OPCW Report on Chemical Attacks https://t.co/yqVytPUWEA #ChemicalWeaponsAttack\xe2\x80\xa6 https://t.co/cSkMGg8mEV',Los Angeles - Belgrade - CDMX ,0.0,0.75
2020-04-11 10:58:38,b'What #Turkey is doing in #Syria\nand the world is watching\nand is silent\n\xc2\xa0 And the #UnitedNations is suffocating\xe2\x80\xa6 https://t.co/dmAnx1zJND',Iran,0.0,0.1
2020-04-11 10:51:43,"b'I agree I get angry. But I\xe2\x80\x99m not backing down. I\xe2\x80\x99m going War paint on forward. \n\n@realDonaldTrump stupidity, coward\xe2\x80\xa6 https://t.co/emR7WD0LYA'",‚õµÔ∏è‚öìÔ∏èüá¨üáßüá™üá∫ adrift at Sea ,-0.4185185185185185,0.762962962962963
2020-04-11 10:43:07,"b'@amc0010 Is that opposed to the UK, EU and USA bomb virus millions have had to suffer for the last 50 years? #Yemen\xe2\x80\xa6 https://t.co/Y3BYHoxGgV'",London,0.0,0.06666666666666667
2020-04-11 10:40:44,b'Pair of #TurkishMilitary intel platforms operating #ISR mission over Idlib Province #Syria. (probable Bayraktar TB2\xe2\x80\xa6 https://t.co/5AZZTa3yYU',United Kingdom,0.0,0.0
2020-04-11 10:36:56,b'#UAE\xe2\x80\x99s Minister of State for Foreign Affairs Anwar Gargash called on the country\xe2\x80\x99s of the world to help #Syria cope\xe2\x80\xa6 https://t.co/ucdUSz3QYQ',Syria,-0.125,0.125
2020-04-11 10:33:04,b'#US building up its forces in #Iraq near #Syria border\nThe #American military deployed #Patriot system to Ain Al-As\xe2\x80\xa6 https://t.co/vwosuMZomk',Syria,0.0,0.16666666666666666
2020-04-11 10:31:38,b'Assad will end in June https://t.co/3DSZDw0Baj #Syria https://t.co/DAVbfM9sNI',Worldwide,0.0,0.0
2020-04-11 10:31:04,b'The #OPCW Is Used as a Political Tool against #Syria - https://t.co/fY3Nx7Q990 via @AHTribune #Ltamenah #US #NATO https://t.co/SUyhRNoEnS',Salford UK,0.0,0.1
2020-04-11 10:23:06,b'Visit Syria! Just another beautiful village in the #Tartus countryside #Syria #Syrianarmy\xf0\x9f\x87\xb8\xf0\x9f\x87\xbeplease feel free to foll\xe2\x80\xa6 https://t.co/XTVWvn9KzV',home,0.625,0.9
2020-04-11 10:22:49,b'New attempts to transfer jihadists from #Iraq and #Syria to #Russia: official https://t.co/euhR3vjfx4',,0.13636363636363635,0.45454545454545453
2020-04-11 10:21:46,"b'E. #Syria: a street in Sukhnah today. The town, recaptured from #ISIS in August 2017, is still mostly deserted &amp; us\xe2\x80\xa6 https://t.co/mkyUj40LR9'",,0.5,0.5
2020-04-11 10:19:39,"b""I wouldn't be surprised by the time the #Coronavirus epidemic in the UK is under control more people would have die\xe2\x80\xa6 https://t.co/IOyzcYhWvV""",England,0.3,0.7
2020-04-11 10:15:17,"b""@trtworld ....And 'migrants' to #Greece, and jihadist 'rebels' to #Syria and #Libya. #Erdogan #turkishpropaganda""",England,0.0,0.0
2020-04-11 10:12:03,"b'\xe2\x80\x9cI hope it doesn\xe2\x80\x99t come here. It would be a serious problem given the shortage of hospitals, beds &amp; overall lack of\xe2\x80\xa6 https://t.co/ncunEW59q2'",,-0.16666666666666666,0.3333333333333333
2020-04-11 10:11:05,b'#Syria\xf0\x9f\x87\xb8\xf0\x9f\x87\xbe : The next two Sundays are #Easter holidays in Syria.',Syria,0.0,0.0
2020-04-11 10:10:46,b'Medical and Pharmacy students initiate awareness campaign on Coronavirus for IDPs in rural Aleppo\n\n#EnabBaladi\xe2\x80\xa6 https://t.co/6701twthOx',Darayya,0.0,0.0
2020-04-11 10:06:28,b'I have seen enough end times movies to c some parallels of today (prophetic to some)similar to regular hollywood st\xe2\x80\xa6 https://t.co/TOG3njRjxZ',US,0.0,0.28846153846153844
2020-04-11 10:05:28,b'Concrete housing units to replace IDPs\xe2\x80\x99 tents in northern rural Aleppo\n\n#EnabBaladi #Syria https://t.co/1YPteucqkP',Darayya,0.07500000000000001,0.15000000000000002
2020-04-11 10:05:03,b'Turkish Army continues to amass forces and construct new posts in #Syria https://t.co/0o4yp5Qrua #Idlib #Turkey',,0.13636363636363635,0.45454545454545453
2020-04-11 10:01:57,b'Abdul Hameed Dashti\xe2\x80\x99s economic empire in Syria by alliance of his Kuwaiti and Syrian companies\n\n#EnabBaladi #Syria \nhttps://t.co/aaOLKfsiHu',Darayya,0.2,0.2
2020-04-11 09:50:41,b'Love #Syria',Earth ,0.5,0.6
2020-04-11 09:48:59,b'@WildflowerX24 Yup I understand the numbers the reports of 20-30 cases in Syria are not correct and misleading. Cov\xe2\x80\xa6 https://t.co/WLC6dyZ5Fu',home,0.0,0.0
2020-04-11 09:47:29,b'The US used the mujahideen in #Afghanistan\nJihadists in #Libya who went on to be slave traders\n#AlQaeda in #Syria e\xe2\x80\xa6 https://t.co/jgGxtFNXz9',,0.0,0.0
2020-04-11 09:46:00,"b'The Syriac Catholic Patriarch of Antioch Mar Ignatius Ephrem Joseph III Yonan, renewed his call to stop the terrori\xe2\x80\xa6 https://t.co/Mdcc8fByPw'",,0.0,0.1
2020-04-11 09:42:30,"b""It's common to see the #Skripals mentioned with #MH17, #Crimea, #Litvinenko &amp; #Syria by those who must present\xe2\x80\xa6 https://t.co/PsV740pcQK""","Brighton, England",-0.3,0.5
2020-04-11 09:42:29,b'@AbXarbi Well it\xe2\x80\x99s not all up to us lots of moving parts. if I can help provide with any information please don\xe2\x80\x99t h\xe2\x80\xa6 https://t.co/SSDZg2WXIG',home,0.0,0.0
2020-04-11 09:42:05,"b'Fully Referenced Facts About Covid19, Provided By Experts In The Field Showing Overall Lethality Rate In The Range\xe2\x80\xa6 https://t.co/OmrIVbTctW'",,0.0,0.0
2020-04-11 09:41:49,b'New details revealed about US air defenses deployed to #Iraq https://t.co/W1hj8jAcfb #Syria',,0.13636363636363635,0.45454545454545453
2020-04-11 09:40:48,b'@PapaDuvalier Unfortunately there is limited things that can be done during combat short of chemical protection sui\xe2\x80\xa6 https://t.co/02J9tPlItv',home,-0.19047619047619047,0.48095238095238096
2020-04-11 09:39:41,"b'#Turkish #soldiers and war #crimes in #Syria. According the #law of war, #prisoners must be protected.\n#lawofwar\xe2\x80\xa6 https://t.co/wReThECOQp'","Greece, Athens, Vyronas",0.0,0.0
2020-04-11 09:39:27,b'@mondasidlib So nice of you to join us..#Syria #Syrianarmy\xf0\x9f\x87\xb8\xf0\x9f\x87\xbe',home,0.6,1.0
2020-04-11 09:39:03,b'#US missile systems are now operational in #Iraq al-Asad Air Base &amp; at the military base in Irbil. The airbase ame\xe2\x80\xa6 https://t.co/vBqCIllHgG',Islamic Republic of Iran,-0.5666666666666668,0.7000000000000001
2020-04-11 09:37:21,b'#Syria\xf0\x9f\x87\xb8\xf0\x9f\x87\xbe: Saturday corona curfew starts from 12:00 pm to 6:00 am Sunday morning. People willingly abide by the curf\xe2\x80\xa6 https://t.co/JOGDIxJB6D',Syria,0.25,0.75
2020-04-11 09:34:45,b'Neither Cairo nor Damascus have announced any significant releases of the tens of thousands of inmates in their pri\xe2\x80\xa6 https://t.co/oXD8USUiGv',,0.375,0.875
2020-04-11 09:31:29,b'A very well hidden Syrian National Defence Forces observation point in the #Kabani mountains of northern #Lattakia\xe2\x80\xa6 https://t.co/MTzM9RMNhK',home,0.016666666666666677,0.31666666666666665
2020-04-11 09:28:15,b'A message from \n@waadalkateab\n in solidarity with #Syria &amp; #London: facing Covid-19 together. \n@MarhabtaynSyria\n ar\xe2\x80\xa6 https://t.co/uJoDzrEh5Q',"Bruxelles, Belgique",0.0,0.0
2020-04-11 09:27:48,"b'#Iraq, #Venezuela, #Iran, #Haiti, #Colombia, #Honduras, #Vietnam, #Syria, #Libya....  #Torture, #SecretKillLists,\xe2\x80\xa6 https://t.co/tIRjnuIpN3'",Traveling,0.0,0.0
2020-04-11 09:26:53,b'Syrian police enforcing the anti #Coronavirus lockdown in and around greater #Damascus #Syria #Syrianpolice\xe2\x80\xa6 https://t.co/35xX7WVDle',home,0.5,0.5
2020-04-11 09:16:24,"b""Why'd one not conclude that by ignoring recruitment, participation and safe return of #Zeinabiyoun, #Pakistan's opt\xe2\x80\xa6 https://t.co/O85vL7QmIE""",en route,0.5,0.5
2020-04-11 09:14:26,"b'#SOHR has reported seeing a new #Turkish column of nearly 30 vehicles, including armored vehicles, tanks and person\xe2\x80\xa6 https://t.co/rKZpPqPCng'","Syria, Aleppo",0.11818181818181818,0.42727272727272725
2020-04-11 09:14:19,b'#WHO released a #Syria report on its engagement - very comprehensive report: https://t.co/Au8QmjBuMw',Hashemite Kingdom of Jordan,0.2,0.3
2020-04-11 09:12:56,b'Turks spending time fighting amongst themselves means less time spent slaughtering Kurds in #Syria. https://t.co/tMOpCowA2s',"Wakefield, England",-0.13333333333333333,0.08333333333333334
2020-04-11 09:08:00,b'Writer traveller @lesleyblanch wrote beautifully amusingly about many subjects #VivienLeigh #polygamy\xe2\x80\xa6 https://t.co/AOPXdyco6Q',London,0.55,0.75
2020-04-11 09:03:45,b'#TheWhiteHelmets on @NetflixIndia is a documentary on the namesake team of first responders which has rescued over\xe2\x80\xa6 https://t.co/koKeN4mS81',Ahmedabad,0.125,0.16666666666666666
2020-04-11 09:01:06,b'#Russia transports large number of tanks to #Syria \n\n#SAA #Syria #Erdogan #Putin #Assad https://t.co/ERcuxUVGfa',Greece,0.21428571428571427,0.42857142857142855
2020-04-11 09:00:16,"b'\xf0\x9f\x9a\xa8 A message from one of our sisters in #Syria asking for help.\n\nWithout proper cleaning products, vulnerable famili\xe2\x80\xa6 https://t.co/DghOx5rY3l'",United Kingdom / Worldwide,-0.25,0.3
2020-04-11 08:57:30,b'#UAE calls on world to help #Syria during coronavirus outbreak https://t.co/P8i2KRosL8',,0.0,0.0
2020-04-11 08:53:59,b'@Nena_Mujaddadi Proud to be a Sunni terrorist too #syria save Shias',"Mumbai, India",0.8,1.0
2020-04-11 08:50:18,"b""#Iran's #Zeinabiyoun mercenaries, most likely from #Parachinar, #Kohat &amp; DIK had to escape from #Syria after 100s w\xe2\x80\xa6 https://t.co/N0hlbaG8IO""",en route,0.25,0.75
2020-04-11 08:48:44,"b'via @smmsyria\n\n""Message to the world, to the #US, #Turkey &amp; all those who were responsible in the destruction of\xe2\x80\xa6 https://t.co/YzVesODqHr'",uk,0.2,0.55
2020-04-11 08:48:43,b'Hadidah was heavily bombed by the regime militias.\n\n#Latakia #JabalAkrad\n\n#Idlib\n#Syria',,-0.2,0.5
2020-04-11 08:44:47,"b""Thanks to Jared Kushner's China copy and corrupt FC officials, flocks of 'zaireen' were let late Feb onwards from\xe2\x80\xa6 https://t.co/Dy4z5eEdLq""",en route,-0.19999999999999998,0.6
2020-04-11 08:44:15,b'#AlRahman calls you towards his Highness to stop \nattrocities in \n#Kashmir  &amp; #Syria \n\n&amp;have Safety from Covid\n\nDon\xe2\x80\xa6 https://t.co/WQjO47ZRbv',,0.0,0.0
2020-04-11 08:43:01,b'These guys want to become #EuropeanUnion citizens. And my parrot wants to teach nuclear physics. Same thing. \n\nDo y\xe2\x80\xa6 https://t.co/loOnk6GZ57',"Lefkosia, Cyprus",0.1,0.1125
2020-04-11 08:40:03,"b'Syrian Air Force was accused, by the Prohibition of Chemical Weapons Organization of carrying out prohibited chemic\xe2\x80\xa6 https://t.co/tjb9mjWXif'",,0.0,0.0
2020-04-11 08:34:56,"b""@RT_com Back to #Syria, #Iraq, #Libya ...\xf0\x9f\x91\x87\xf0\x9f\x91\x87\xf0\x9f\x91\x87 USA's proxy ISIS group did and still do the same, and regardless the f\xe2\x80\xa6 https://t.co/oojjEqMVZg""",,0.0,0.0625
2020-04-11 08:33:59,b'so this is the time for \n#UNO #UK #America #Europe to Realize that \n\nCreator of World &amp; us is unhappy with us &amp; wan\xe2\x80\xa6 https://t.co/KELaYOLvlm',,-0.6,0.9
2020-04-11 08:31:51,b'I guess Abu Mohammad Al-Jolani can head the transitional government being the most powerful opposition leader. And\xe2\x80\xa6 https://t.co/RHd2q72lc3',,0.4,0.75
2020-04-11 08:30:06,b'The song will be released on \nRotana  #YouTube Channel &amp; #Deezer &amp; #RotanaFm \ntoday at\n8 PM #Lebanon  #Syria\xe2\x80\xa6 https://t.co/Y1Yl04d8mc',‚úàÔ∏è  ,0.0,0.0
2020-04-11 08:29:59,b'\xe2\x80\x9c\xc4\xb0HH\xe2\x80\x9d builds concrete housing units in al-Mukawamah IDPs camp of northern rural Aleppo\n\n#EnabBaladi #Syria https://t.co/no5lL1Aa64',Darayya,0.07500000000000001,0.15000000000000002
2020-04-11 08:25:25,b'Syrian National Defence Forces deploy assets to block US forces near Abu Ksayb. This prevents US special forces pat\xe2\x80\xa6 https://t.co/HY5ArMNzDH',home,0.2285714285714286,0.4857142857142857
2020-04-11 08:24:33,"b""The bright side? There's still countries were #Covid19 is not a catastrophe yet. No #Corona-deaths in: \n#Yemen\xe2\x80\xa6 https://t.co/MSInRYOBsO""",Brussels,0.7000000000000001,0.7999999999999999
2020-04-11 08:20:01,"b'The #Yazidis are a #Kurdish religious minority who live in #Iraq, #Syria, the Caucasus region and some parts of\xe2\x80\xa6 https://t.co/Bw8UTVf5EL'","Scotland, United Kingdom",0.06818181818181818,0.375
2020-04-11 08:18:39,b'@micoyangurevich Past couple days Turkish artilly targeted SyAA the other day  time to return the favour #Syria #Syrianarmy\xf0\x9f\x87\xb8\xf0\x9f\x87\xbe',home,-0.1875,0.3125
2020-04-11 08:17:55,"b'\xf0\x9f\x94\xba\xf0\x9f\x94\xba\xf0\x9f\x93\xa3""Incredible arrogance from #israel that threatens to assassinate the Syrian chief of staff because he visits the\xe2\x80\xa6 https://t.co/8SiW5Q1xHG'",Italia,0.9,0.9
2020-04-11 08:15:54,b'The #Turkish military launched an attack on the positions of the #SAA and Kurdish-led People\xe2\x80\x99s Protection Units (\xe2\x80\xa6 https://t.co/pf6iqJXpJJ',"Syria, Aleppo",-0.1,0.1
2020-04-11 08:10:49,b'#Syria \nAn elderly man in #Damascus complaining of the difficult economic situation in Assad regime areas in front\xe2\x80\xa6 https://t.co/y08fUzAWji',Italia,-0.15,0.6
2020-04-11 08:09:34,b'@micoyangurevich Ya it\xe2\x80\x99s a very old picture but you can see it\xe2\x80\x99s him #Syria #Syrianarmy\xf0\x9f\x87\xb8\xf0\x9f\x87\xbe',home,0.13,0.26
2020-04-11 07:55:38,b'Syrian Arab airforce L-39 albatros part of a strike group supporting army ground operations in #Idlib province\xe2\x80\xa6 https://t.co/KYMbSgExWy',home,0.25,0.25
2020-04-11 07:55:35,b'Good morning #Syria\n\n\xf0\x9f\x87\xb8\xf0\x9f\x87\xbe\xf0\x9f\x87\xb8\xf0\x9f\x87\xbe\xf0\x9f\x87\xb8\xf0\x9f\x87\xbe\xf0\x9f\x87\xb8\xf0\x9f\x87\xbe https://t.co/4kL9KXmSsP',"Belgium, Syrie, Syria",0.7,0.6000000000000001
2020-04-11 07:53:10,b'Turkmen Analyst: \n- Migrant workers locked in #Turkey in danger of recruitment in extremist groups\n- Turkey has bec\xe2\x80\xa6 https://t.co/qTPcv07DYL',Islamic Republic of Iran,0.0,0.0
2020-04-11 07:51:05,b'Just some Syrian Arab Army soldiers chilling keeping warm in Syrian held #Idlib province #Syria #Syrianarmy\xf0\x9f\x87\xb8\xf0\x9f\x87\xbeplease\xe2\x80\xa6 https://t.co/WMiWECl4Zh',home,0.04999999999999999,0.75
2020-04-11 07:46:52,b'#Russia transports large number of tanks to #Syria: photos https://t.co/GFJWW6fgHK #Tartous',,0.21428571428571427,0.42857142857142855
2020-04-11 07:45:04,"b'The OPCW is used as a political tool against Syria\n\nSteven Sahiounie, journalist and political commentator\n\n#Syria\xe2\x80\xa6 https://t.co/rP6j5X3pot'", Beirut,0.0,0.1
2020-04-11 07:35:03,b'#Russia transports large number of tanks to #Syria: photos https://t.co/u4DdkEzEPr #Tartous',,0.21428571428571427,0.42857142857142855
2020-04-11 07:34:53,"b'""Message to the world, to the #US, #Turkey &amp; all those who were responsible in the destruction of #Syria. We\'re the\xe2\x80\xa6 https://t.co/ipqTnfAPgM'","Syria, Aleppo",0.2,0.55
2020-04-11 07:14:31,b'Moscow: OPCW latest report about Syria contradicts the international law \n\nhttps://t.co/by9pKWHDj8\n\n#Syria #OPCW',Somewhere,0.25,0.45
2020-04-11 07:13:24,b'#COVID\xe3\x83\xbc19 #CoronavirusPandemic  #CoronaCrisisuk  #CoronavirusOutbreak\n\xf0\x9f\x99\x8f\xf0\x9f\x99\x8f\xf0\x9f\x99\x8f\xf0\x9f\x99\x8f\xf0\x9f\x99\x8f\xf0\x9f\x99\x8f\xf0\x9f\x99\x8f\xf0\x9f\x99\x8f\xf0\x9f\x99\x8f\xf0\x9f\x99\x8f\xf0\x9f\x99\x8f\n#Venezuala\n#SouthSudan (4 ventila\xe2\x80\xa6 https://t.co/gZ9QKFfixo',"Oxford, England",0.0,0.0
2020-04-11 07:10:55,b'#Syrian national defence forces security patrol during #coronavisus lockdown in the #Damascus suburbs\n #Syria #SAA\xe2\x80\xa6 https://t.co/O7FBQGIpAt',"Syria, Aleppo",0.0,0.0
2020-04-11 07:08:12,"b'Turkish military attacks Syrian Army, YPG forces in northern #Aleppo https://t.co/RcgJyHca0I #Syria #Turkey'",,-0.1,0.1
2020-04-11 07:03:58,"b'Every few months, you hear a new story about someone from the al-#Assad clan \xe2\x80\x93 good luck telling who\xe2\x80\x99s who. To shed\xe2\x80\xa6 https://t.co/wlPuvrxwha'",,0.21212121212121207,0.38484848484848494
2020-04-11 07:03:26,"b'#OTD in 2016 - 4 years ago - Alexander Prokhorenko dubbed the ""Palmyra Hero"" was posthumously awarded the title Her\xe2\x80\xa6 https://t.co/yJs1lvOFdS'",Russia,0.0,0.0
2020-04-11 06:54:26,"b'@MBIMunshi @KenRoth @OPCW Firstly, I struggle for a democratic and secular state in #Syria and against islamists. B\xe2\x80\xa6 https://t.co/oZqCcNJ56C'","Paris, France",0.25,0.3333333333333333
2020-04-11 06:51:35,b'No this is not me but it\xe2\x80\x99s Syrian President Bashar al Assad in his late teens early 20s #Syria #Syrianarmy\xf0\x9f\x87\xb8\xf0\x9f\x87\xbe',home,-0.09999999999999999,0.44999999999999996
2020-04-11 06:51:04,"b'Excellent piece. \n\nBut one Q- If UAE sending aid &amp; normalising ties with Iran is okay, then how are they (UAE + Sau\xe2\x80\xa6 https://t.co/L0pWSFG0W2'",Bombay-Bangalore-New Delhi,0.75,0.75
2020-04-11 06:45:06,b'Fitna-e-Khwarij https://t.co/6PYcBZIBFN (Mischief of the #Khwarijeen those who been expelled from #Islam or those o\xe2\x80\xa6 https://t.co/dd6lxIfu0d',London England ,0.0,0.0
2020-04-11 06:44:25,b'Syrian national defence forces security patrol working anti #Coronavisus mission during lockdown in the #Damascus s\xe2\x80\xa6 https://t.co/PxtK2vYdQA',home,0.0,0.0
2020-04-11 06:43:05,"b'#Russia, #Turkey discuss #Idlib situation amid increased violence https://t.co/deyz4ouPc0 #Syria'",,0.0,0.0
2020-04-11 06:39:30,b'Syrian Liwa al Quds forces bury 4 martyrs who were deployed in #Deirezzor province #Syria #Syrianarmy\xf0\x9f\x87\xb8\xf0\x9f\x87\xbeplease feel\xe2\x80\xa6 https://t.co/InKsvcAFZt',home,0.0,0.0
2020-04-11 06:38:08,b'Bashar al-Jaafari stressed the need to lift the Western sanctions imposed on Syria in light of the spread of the\xe2\x80\xa6 https://t.co/DXx80HxqTN',"Syria, Aleppo",0.2,0.35
2020-04-11 06:34:22,"b""New Report via @RESCUEorg suggests 'Double Emergency' to unfold in fragile countries already in crisis - such as\xe2\x80\xa6 https://t.co/tPqQvLchlJ""",Africa,0.03409090909090909,0.36363636363636365
2020-04-11 06:26:37,b'Stick that in your pipe and smoke it! #Syria \xf0\x9f\x92\x95\xe2\x9d\xa4\xef\xb8\x8f https://t.co/JIGiyQt84r',,0.0,0.0
2020-04-11 06:23:12,"b'#Israel military releases video of #Assad regime commander and officers near Golan \n\n""You will be held responsible\xe2\x80\xa6 https://t.co/QPqTDQIbwP'","Birmingham, UK",0.0,0.25
2020-04-11 06:22:40,"b'The most vulnerable are the most vulnerable. After nearly a decade of war, devastated infrastructure, currency pain\xe2\x80\xa6 https://t.co/duxbrQjgyi'",,0.02,0.48
2020-04-11 06:22:10,b'Saturday #Syria Daily: #Israel Warns Assad Regime About #Hezbollah in Golan Heights \n\nhttps://t.co/Kt9rhHw0T0 https://t.co/NS09NJaD6X',University of Birmingham,0.0,0.0
2020-04-11 06:21:27,b'One NATO country is using the #coronavirus as a weapon of war \n\nhttps://t.co/YhncZXZarr\n\n#BREAKING #ERDOGAN #KURDS\xe2\x80\xa6 https://t.co/amyIvxqJG1',Kurdistan,0.0,0.0
2020-04-11 06:16:54,"b'Good morning, my beloved #Syria #gm #damascus #morning https://t.co/ROyHogihHE'",Syria,0.7,0.8
2020-04-11 06:08:45,b'Israeli military posts video of Syrian Army commander meeting with Hezbollah https://t.co/neAAqNTyMF #Israel #Lebanon #Syria',,-0.1,0.1
2020-04-11 06:00:51,b'Who Are The Yazidis? &amp; Why do #ISIS Want to Kill Them By SM Younus AlGohar https://t.co/dGvAYA6p7k #Ezidi #Yazidi\xe2\x80\xa6 https://t.co/SoHnS4HrDp',London England ,0.0,0.0
2020-04-11 06:00:08,"b'#Madaya, #Syria 2016, children besieged by #Assad regime and Iranian Hezbollah terrorists, calling for break of sie\xe2\x80\xa6 https://t.co/HTcXwTLjhZ'",Italia,0.0,0.0
2020-04-11 05:57:19,b'Turkish artillery strikes Syrian Democratic Forces north of Aleppo #warinsyria #syria #turkey #defense #news\xe2\x80\xa6 https://t.co/5DnhaB338Y',"Panagyurishte,Bulgaria",0.0,0.0
2020-04-11 05:49:52,"b'After almost a decade of civil war in #Syria, the question of who will be in charge of the reconstruction has arise\xe2\x80\xa6 https://t.co/0HJ2jpOVXw'","New Delhi, India",0.0,0.0
2020-04-11 05:48:39,b'Over 1 million Syrian refugees fled to #Lebanon since the civil war broke out in Syria in 2011 and most of the refu\xe2\x80\xa6 https://t.co/OjfP7lEs4u',,0.5,0.5
2020-04-11 05:47:59,b'@KenRoth @MariaSTsehai Isn\xe2\x80\x99t Sudan still under sanctions &amp; in the list of terrorists sponsors?! Sudan isn\xe2\x80\x99t sending\xe2\x80\xa6 https://t.co/rYi4zDXnrr',"London, England",0.0,0.0
2020-04-11 05:47:31,b'#Turkey continues to reinforce its positions in #Idlib in preparation for possible resumption of hostilities.\xe2\x80\xa6 https://t.co/lavAKYxaP3',"New Delhi, India",0.0,1.0
2020-04-11 05:44:47,b'@OlegKirioukhine The group has been dispatched no further attacks have occurred SyAA forces are still working the c\xe2\x80\xa6 https://t.co/NX55AqRqBS',home,0.0,0.5
2020-04-11 05:33:54,b'#Raqqah province too #Syria #Syrianarmy\xf0\x9f\x87\xb8\xf0\x9f\x87\xbe',home,0.0,0.0
2020-04-11 05:26:04,b'So many need to be taken to task for war crimes in #Syria: A landmark investigation by the #OPCW for the first time\xe2\x80\xa6 https://t.co/PDBpH2F0Ro',Australia,0.375,0.41666666666666663
2020-04-11 05:24:58,b'@AlArabiya_Eng @makramrabah And now U feel sorry for #Hezbollah its members ?\n\nIn service of Radical terror exporti\xe2\x80\xa6 https://t.co/8O4O3sBdBF',,-0.5,1.0
2020-04-11 05:21:01,"b""#Bombers #Algeria #Iraq 1 book grasp of 150 subj site:Bigben's message- No #attack on #Syria https://t.co/1Qwr4ukMX7 https://t.co/VfW8SdY6nZ""",UK,0.0,0.0
2020-04-11 05:20:44,b'A palace of #Syria n culture in the heart of Campinas - ANBA News Agency https://t.co/IpzxWElU7D',,0.0,0.0
2020-04-11 05:18:35,b'Russian and Turkish military joint patrol working along the Turkish / Syrian border in #Hasakah province northern\xe2\x80\xa6 https://t.co/F48qgubCG9',home,-0.05,0.05
2020-04-11 05:18:31,b'#Syria n refugees adapt to life under coronavirus lockdown in Jordan camps https://t.co/m9KvOYvAJt via @reliefweb',,0.0,0.0
2020-04-11 05:17:46,b'They lost everything in the Syrian war. COVID-19 could wipe them out again. #Syria \nhttps://t.co/5ggENC38Os',,0.0,0.0
2020-04-11 05:05:59,b'Syrian National Defence Forces management during daily brief in the #Kabani mountains of northern #Lattakia provinc\xe2\x80\xa6 https://t.co/yVucU18Tvn',home,0.0,0.16666666666666666
2020-04-11 05:01:59,"b""ruin,' I see no reason why The rest of The Anglosphere needs to assist him-am I warm @PastorNalliah? \n\nQ: Which Nuc\xe2\x80\xa6 https://t.co/VwTOEYwEWB""","Launceston, Tasmania",0.6,0.6
2020-04-11 05:01:17,b'Some Syrian Arab Army strikes in rural #Idlib province. Syrian and Turkish forces have traded strikes past few days\xe2\x80\xa6 https://t.co/wTkSUoqcmL',home,-0.15,0.11666666666666665
2020-04-11 05:00:00,"b'Thousands of #Chinese #jihadist separatists are fighting in #Syria. Fighting against #Assad, the group seeks to rai\xe2\x80\xa6 https://t.co/BaNcj1kB6k'",üåé,0.0,0.0
2020-04-11 04:55:56,"b'""#Covid19 will massacre prisoners on #Syria government\'s behalf"" https://t.co/nICDfOvBhM'",International,0.0,0.0
2020-04-11 04:49:42,b'@real_vijay *centrally planning unnecessary wars on civilians #palestine #southamerica #vietnam #Iraq #afghanistan #syria #nonexhaustive',,-0.2,0.575
2020-04-11 04:38:30,"b'@saqawudiin More proof, mass murders work for deadly anti #Muslim CIA.\n\nHoused as VIPs in Doha they explode #Muslim\xe2\x80\xa6 https://t.co/3pCUbNhh2b'",,0.15,0.45
2020-04-11 04:36:37,"b'2 x #Turkey Armed Forcee unknown aircrafts, probably UCAVs although the airspeed indicated appears to be a bit too\xe2\x80\xa6 https://t.co/slzadpqCTk'",,-0.1,0.6
2020-04-11 04:34:04,"b""5. ABC RN's #LifeMatters\n\n#audio Susan Dirgham - 'Life in 500 words: Making Waves in China and Syria'\n\nbroadcast by\xe2\x80\xa6 https://t.co/SUhZS0odQY""",Australia,0.0,0.0
2020-04-11 04:23:35,"b'@HulkHogan West , America, Europe should realize what we Muslims hv gone through in #Palestine #Iraq #Syria\xe2\x80\xa6 https://t.co/C4eAQDSvli'",Pakistan,0.0,0.0
2020-04-11 04:22:06,"b""MT @Dr_Mz13 2797 days since @Austin_Tice's last tweet. Please pray for him to come home soon. #FreeAustinTice @FreeAustinTice #Syria""",USA,0.0,0.06666666666666667
2020-04-11 04:21:49,b'mt @Dr_mz13\n#FreeAustinTice\n#FreeRazan\n#FreeAhmed\n#freefatherpaolo \n#FreeJohnCantlie \nFree them all\n#Syria #\xd8\xb3\xd9\x88\xd8\xb1\xd9\x8a\xd8\xa7',USA,0.4,0.8
2020-04-11 04:21:38,b'MT @Dr_Mz13 Armed masked men raided @VDC_Syria. Human rights lawyer Razan Zaitouneh &amp; colleagues were kidnapped. Pr\xe2\x80\xa6 https://t.co/enpXFuTG3C',USA,0.0,0.1
2020-04-11 04:21:13,b'I just watched a video of the ancient Palmyra ruins (Syria) before and after the destruction by the ISIS hooligans.\xe2\x80\xa6 https://t.co/LUqjiUiOOA',Hong Kong,-0.15,0.2
2020-04-11 04:19:48,b'Credit \xf0\x9f\x8e\xa5 : \nbrother @IbrahimDSY1 \xf0\x9f\x99\x8f\n\n#Syria #FightingTerrorism\n#COVID19 #StayHome',"DKI Jakarta, Indonesia",0.0,0.0
2020-04-11 04:17:38,"b'West , America, Europe should realize what we Muslims were going through in #Palestine #Iraq #Syria #afghanistan ..\xe2\x80\xa6 https://t.co/iLNyIWBjLS'",Pakistan,0.0,0.0
2020-04-11 04:13:32,"b""3. ABC RN's #LifeMatters\n\n#audio Susan Dirgham - 'Life in 500 words: Making Waves in China and Syria'\n\nbroadcast by\xe2\x80\xa6 https://t.co/gqkEic3p59""",Australia,0.0,0.0
2020-04-11 04:05:15,b'The ISIS terrorist group makes efforts to regenerate itself in several regions of #Syria #Syrianarmy\xf0\x9f\x87\xb8\xf0\x9f\x87\xbe\xe2\x80\xa6 https://t.co/4E8ME5jdMq',home,0.0,0.0
2020-04-11 03:57:57,"b""2. ABC RN's #LifeMatters\n\n'Life in 500 words: Making Waves in #China and #Syria'\n\nbroadcast on 10 April 2020\n#audio\xe2\x80\xa6 https://t.co/WhbgEZ6jzF""",Australia,0.0,0.0
2020-04-11 03:51:44,b'Very special picture guess who? Leave your suggestions in the comments please guys! #Syria #Syrianarmy\xf0\x9f\x87\xb8\xf0\x9f\x87\xbeplease feel\xe2\x80\xa6 https://t.co/8cbM7f7UOG',home,0.5803571428571429,0.7428571428571429
2020-04-11 03:47:28,"b'As a part of our #24DaysOfAction, we would like to thank the nations of Africa and Asia that have recognized the Ar\xe2\x80\xa6 https://t.co/GDCBAu2Kd5'",Western United States,0.0,0.0
2020-04-11 03:31:08,b'#Syria\nUS troops still patrolling with open intention to control oil fields\nContinued US approved airstrikes by\xe2\x80\xa6 https://t.co/gFNHAj6emT',North America (west),0.0,0.5
2020-04-11 02:57:19,b'Some Syrian Arab Army strikes activity in rural #Idlib province #Syria #Syrianarmy\xf0\x9f\x87\xb8\xf0\x9f\x87\xbeplease feel fre to follow for d\xe2\x80\xa6 https://t.co/M8TafCLyTw',home,0.0,0.0
2020-04-11 02:53:01,b'@tedcruz How\xe2\x80\x99s that any different than saying Russia is our enemy while corrupt-as-hell @realdonaldtrump makes back\xe2\x80\xa6 https://t.co/TVEBodHNna',"Here, there, everywhere",0.0,0.6
2020-04-11 02:52:21,"b""Under pressure of #US Government, #Spain banned #IRGC's #MahanAir from flying to #Barcelona.This was the last Europ\xe2\x80\xa6 https://t.co/YkomFPdoKT""",worldwide,0.0,0.06666666666666667
2020-04-11 02:49:14,"b""Under pressure of #US Government, #Spain banned #IRGC's #MahanAir from flying to #Barcelona.This was the last Europ\xe2\x80\xa6 https://t.co/lcmKr9UIZn""","Athens, K√∂ln, Valletta",0.0,0.06666666666666667
2020-04-11 02:44:56,b'UN Secretary-General @antonioguterres &amp; UN Security Council members both reported on grave violations against child\xe2\x80\xa6 https://t.co/WdHxT1p118',Bangkok,0.0,0.0
2020-04-11 02:43:53,"b""1. ABC RN's #LifeMatters\n'Life in 500 words: Making Waves in #China and #Syria'\nbroadcast by Michael Mackenzie, 10/\xe2\x80\xa6 https://t.co/W27hLTpRkB""",Australia,0.0,0.0
2020-04-11 02:41:15,b'@OPCW spent millions of people\xe2\x80\x99s tax dollars to \xe2\x80\x9cprove\xe2\x80\x9d a lie. #OPCW was used by the US and UK to manufacture conse\xe2\x80\xa6 https://t.co/XFEmMFE1oR',Northern Virginia,-0.1,0.1
2020-04-11 02:39:36,b'UN Secretary-General @antonioguterres and UN Security Council members both reported on grave violations against chi\xe2\x80\xa6 https://t.co/EAyShzhyJX',Death Valley ,0.0,0.0
2020-04-11 02:38:26,b'Assad will end in June https://t.co/3DSZDw0Baj #Syria https://t.co/duVnW1CZeV',Worldwide,0.0,0.0
2020-04-11 02:12:33,b'#SYRIA: Free helpline for women - call 9847 between 4pm - 8pm every day except Fri',We are global!,0.4,0.8
2020-04-11 02:10:02,b'Follow me. I will follow back\n\n#followback\n#followme\n#follo\n#FolloMe\n#Follow\n\n#India #Russia #USA #Australia #Japan\xe2\x80\xa6 https://t.co/k1cX6tWneH',,0.0,0.0
2020-04-11 02:03:57,b'The world is beautiful outside when there is stability inside\n#kashmir \n#Palestine \n#UYGHUR \n#ROHINGYA\xe2\x80\xa6 https://t.co/dIgKeSnggT',,0.425,0.525
2020-04-11 02:00:24,"b""Love it when a simple one line response gets more 'likes' that the propaganda outfit's original post. #WMD scams ov\xe2\x80\xa6 https://t.co/y3LATTdvt4""","Sydney, Australia.",0.255,0.4614285714285714
2020-04-11 01:55:04,"b'Caught between the illusion of the end of a conflict and the Covid-19 threat, Christians in #Syria are looking forw\xe2\x80\xa6 https://t.co/V4GN19ydCa'",Vatican,0.0,0.0
2020-04-11 01:49:45,"b""A break from your Covid news, here is an amazing story of a female doctor making a difference in #Syria\n\nA Doctor's\xe2\x80\xa6 https://t.co/3KXmJUnq2q""","Norway/DC/Dallas/Columbia, SC",0.30000000000000004,0.5333333333333333
2020-04-11 01:49:31,b'It is difficult to violently supress People in the long run\n#rohingya\n#kashmir\n#iraq\n#syria\n#yemen\n#uyghur\n#idlib\xe2\x80\xa6 https://t.co/eBqAp2Sfix',,-0.45,0.7999999999999999
2020-04-11 01:42:46,"b""@GodandtheBear The United States is getting a little taste of the misery we've been causing around the world for de\xe2\x80\xa6 https://t.co/8VLPcLMdqw""",PA,-0.1875,0.5
2020-04-11 01:37:20,"b""You care not: #women abused, raped, killed at #Rohingya, #Syria, #Palestine, #Kashmiri, India's #AntiMuslimViolance\xe2\x80\xa6 https://t.co/et8z6aOfoN""",earth,-0.2,0.0
2020-04-11 01:36:45,b'The map shows the villages captured by #ISIS from Syrian regime forces.\n\n#twitterkurds #Syria https://t.co/QYVolLtB9H',Kurdistanüåû,0.0,0.0
2020-04-11 01:29:15,"b'@Ewanhood If i was you, i would do more research. Most Arab/Muslim has good ties with Israel they just are Silence\xe2\x80\xa6 https://t.co/BvRae9Yi3W'",SamenStaanWeSterk straat ,0.5666666666666667,0.5333333333333333
2020-04-11 01:23:58,b'I need some #book (#novels) recommendations based in/related to #Syria/#Lebanon/#Morocco/#middleeast please! give m\xe2\x80\xa6 https://t.co/Npm2FfenrW',Hogwarts,0.0,0.0
2020-04-11 01:23:25,"b'@UN_Women @UN @antonioguterres You are really never care about what happened with #women have been abused, raped, k\xe2\x80\xa6 https://t.co/LZeYR77uWi'",earth,-0.1,0.2
2020-04-11 01:16:07,b'One NATO country is using the #coronavirus as a weapon of war - https://t.co/l4EKWneYN3 #Syria #Libya #Turkey\xe2\x80\xa6 https://t.co/Ssfjq1swxZ',Kurdistanüåû,0.0,0.0
2020-04-11 01:06:04,"b""Turkish army and Turkish-backed groups shell IDP camp in #Syria's Aleppo; 2 deaths, multiple injuries reported -\xe2\x80\xa6 https://t.co/R6dUEq0aZz""",Kurdistanüåû,0.0,0.0
2020-04-11 00:54:52,b'They want to break free #Syria https://t.co/URoh8OmQsY',Visit our dedicated website @,0.4,0.8
2020-04-11 00:54:50,b'A future for the #Kurds in post-war #Syria? - https://t.co/DDBHxIjkUu #twitterkurds #Kurdistan #Rojava #YPG #SDF https://t.co/VzmzOj3ItR',Kurdistanüåû,0.0,0.125
2020-04-11 00:49:22,b'@stoiandan22 @IDF Where\xe2\x80\x99s the aggression here? The sovereign state of #Syria has been deluged by ISIS and all kinds\xe2\x80\xa6 https://t.co/WB35E3xyyl',,0.0,0.0
2020-04-11 00:46:14,"b'@FWM87349366 JD you should marry him, its legal.\n\nTrump Claims that Nicaragua Is a \xe2\x80\x9cNational Security Threat\xe2\x80\x9d to Le\xe2\x80\xa6 https://t.co/OoPBjyOvpm'",Montana,0.2,0.2
2020-04-11 00:43:40,"b'#SYRIA\xf0\x9f\x87\xb8\xf0\x9f\x87\xbe:  FOR THE FIFTH DAY, NO NEW #CORONAVIRUS CASES AT ALL. The number so far is still 19. Four have recovered and two passed away.'",Syria,0.015909090909090914,0.7272727272727273
2020-04-11 00:38:52,b'Syrian National Defence Forces grouping up before daily patrol near al #Bukamal #Deirezzor countryside #Syria #NDF\xe2\x80\xa6 https://t.co/oVJ3Bkr53N',home,0.05,0.2
2020-04-11 00:36:51,b'TRUE @BarackObama knows HIS TRUE LEGACY is one of DEATH DESTRUCTION in #Libya #Syria #GENOCIDE in #Yemen ! Droning\xe2\x80\xa6 https://t.co/EuEvD1JUDJ',Somewhere FUN!,0.39375,0.65
2020-04-11 00:36:34,b'#Kurdistan Observer is out! https://t.co/0Lub1ppbvI  #TwitterKurds #Iraq #Syria #IS Stories via @Hengaw_Eng\xe2\x80\xa6 https://t.co/j09Xipwswu',Bakur/Ba≈ü√ªr/Rojhilat/Rojava,0.0,0.0
2020-04-11 00:34:05,b'\xf0\x9f\x87\xb8\xf0\x9f\x87\xbeA short tour of the empty streets in the city of #Aleppo during the country wide anti #Coronavirus lockdown\xe2\x80\xa6 https://t.co/ZfEogRwzSJ',home,-0.06666666666666667,0.4000000000000001
2020-04-11 00:34:01,b'#Syria | Russian-Turkish patrol in northeastern Syria | April 9th 2020 | view from the helicopter\n... https://t.co/jtoG5FoOGl',Planet Earth,0.0,0.0
2020-04-11 00:20:55,"b'Anti- Imperialist U: #Israel Supported Death Squads in #ElSalvador, #Guatemala, #Nicaragua https://t.co/9cpK9EZquM\xe2\x80\xa6 https://t.co/RWbPTBwfdn'",,0.0,0.0
2020-04-11 00:07:58,b'Yes #jongaunt it is sad about @SitrringTrouble. He had more balls than you~He spoke the truth about #Syria + the wa\xe2\x80\xa6 https://t.co/0p0b65ppDI',,0.0,0.75
2020-04-11 00:02:41,b'#Turkey: brink of economic collapse - likely civil war\n\n#Iran: brink of war with US\n\n#Iraq: a state constantly divi\xe2\x80\xa6 https://t.co/TTxUlXGwvc',Australia - Kurdistan,0.06666666666666667,0.5111111111111111
2020-04-11 00:02:40,"b'When will life return to normal, or at least a new normal?\n-\n#coronavirus #NovelCoronavirus #virus #COVID19 #China\xe2\x80\xa6 https://t.co/If3hjJytnt'",Turkey-Israel,0.03409090909090909,0.5386363636363636
